name,gsr_y,dvars_vstd,fd_mean,fber,tsnr,snr,mriqc_fail
sub-s597_ANT,0.6310508863727086,2.281161021070324,-0.47073893920579035,0.2618125990086084,0.1912698142503395,0.18925240507712612,0
sub-s597_CCTHot,0.4914266593889005,2.185236305654337,-0.608668496369094,0.06786479912165715,0.6222804689285993,0.1833741829157908,0
sub-s597_twoByTwo,-0.22720972289806915,2.1075557917619916,-0.4739619736458939,0.42306817434066185,-0.297650583506034,0.18167509068648918,0
sub-s597_WATT3,0.5852151009852207,2.219166971418303,-0.5701874561743691,0.20686574775690839,0.27641901653256357,0.19907459809674086,0
sub-s597_rest,-0.12336507515622852,2.2848104608634676,-0.45749673445748623,0.5553023313401363,-0.2610010456847624,0.2175178314344706,0
sub-s597_stopSignal,1.2884636723609273,2.179758143980148,-0.4789299191340657,-0.000594664998362548,0.19133341276771135,0.158357664814262,0
sub-s597_surveyMedley,0.5926880278668076,2.681995887751733,-0.4149107124887481,-0.15856011335313613,0.39006409540412545,0.04574620297731601,0
sub-s597_rest,0.4581331655152288,2.7871677239778,-0.48342564708112556,-0.00785491288931611,0.3890353928106755,0.2801594994636755,0
sub-s597_DPX,-0.5502712289156538,2.685792287880829,-0.43862023656847504,0.27824719928775776,-0.5345351651984356,0.1732941903467715,0
sub-s597_discountFix,0.15302135479015305,2.6053180894119468,-0.37222061960462827,0.044966018242815875,0.08530428470629367,0.0145501934517988,0
sub-s597_stroop,0.286245455438565,2.5206770977794286,-0.2954282618154993,0.16652793672887453,1.1110483576625292,-0.028524518964900585,0
sub-s597_motorSelectiveStop,-0.5353895598005425,2.602990347884301,-0.37343941319124097,0.36462957352975595,0.2751510276989083,0.028658530385020906,0
sub-s590_twoByTwo,0.05351192156317664,0.2416498843260309,-0.4945980722887271,-0.4344834176540102,-0.6514650600106012,0.1909753452741127,0
sub-s590_CCTHot,0.845072455849548,0.19773303584491658,-0.46195234820806347,-0.5122698186823558,0.02144900819052082,0.18120099912637222,0
sub-s590_rest,0.7393970174320139,0.43369512373202285,-0.5324331044235011,-0.5193168566841265,-0.24844576248529968,0.6154344546705011,0
sub-s590_ANT,0.7227756387132219,0.22001594891837672,-0.46668864833627394,-0.49986379534403796,-0.06603284657185429,0.2816887881256,0
sub-s590_WATT3,0.3713885305820193,0.2157413902528188,-0.43933008834958553,-0.45687760070573286,-0.1907873595190958,0.13461716392038323,0
sub-s590_stopSignal,0.7429846336175382,0.338147022745056,-0.5218956134976744,-0.5138906214996308,-0.2549604500341714,0.5239661783608334,0
sub-s590_motorSelectiveStop,-0.30091815016856094,0.09035184584089308,-1.0994932617659283,-0.1859905694594939,0.21420254727954227,-0.0844671721221952,0
sub-s590_stroop,-0.4328787301736812,-0.0037057953690416813,-1.014735467530708,-0.2430375086081102,-0.5465477563931399,-0.0083097438757883,0
sub-s590_DPX,-0.739961926517826,0.03590589911888952,-1.036416004252635,-0.3209968555892542,-0.9365231371838093,0.12775438294126923,0
sub-s590_discountFix,-0.2120144659309943,0.08753433683848787,-1.1162481141531584,-0.18258444041689836,-0.08687476611942732,-0.015735216143064005,0
sub-s590_surveyMedley,1.1722362778018836,0.0507817560539297,-1.0836675897664938,-0.5125506225448738,-0.10666733815458396,0.06735925384258981,0
sub-s590_rest,0.491406487070938,0.13570678975979078,-1.0742126171569724,-0.5650793946559459,-0.017257132130895865,0.3577399570729549,0
sub-s599_stroop,1.2674875180916712,0.33225130568402794,-0.27155116209244373,0.1496694421166396,0.43540206601268255,0.08005995693638163,0
sub-s599_DPX,-0.5702045354744817,0.16250561345870793,-0.3642624150136801,0.5899249454565642,0.14992998077967087,-0.12313604797734938,0
sub-s599_surveyMedley,1.098770529629305,0.13906510953238999,-0.27015360608658096,0.3443290314897746,0.4260542162281938,-0.1128183304140021,0
sub-s599_discountFix,0.06402475563348613,0.25274144744336907,-0.3079296534028665,0.6437228403053896,-0.5267761970083054,-0.08870954444954536,0
sub-s599_rest,0.6418699729066315,0.3779386006770038,-0.3001658049188096,0.0670091247130878,-0.20297041711981567,-0.043081891998519986,0
sub-s599_motorSelectiveStop,-0.022625741815898093,0.15233540489033312,-0.2603578323035718,0.5311036813535471,-0.6165465468270269,-0.12088241503112014,0
sub-s555_twoByTwo,0.27866555414354016,-0.43859358102501717,-0.7742018186074473,-0.7084214534297709,-0.5426280155856087,-0.2989221346403079,0
sub-s555_ANT,1.4846052327345833,-0.3598622671901928,-0.8105213250993818,-0.7516672330917296,0.26363535569255186,-0.21183599786100477,0
sub-s555_rest,0.7431154480431136,-0.39207220053137604,-0.8012713303839929,-0.6121214088718209,0.029557824580504065,-0.1468911897121487,0
sub-s555_WATT3,-0.2180239828367515,-0.39608467414524934,-0.8406235831276521,-0.4744077390887398,0.3971549272869633,-0.23122771619197707,0
sub-s555_stopSignal,1.2973810594651065,-0.41546403402701,-0.8475531693226326,-0.7532911577773543,0.20672389349727138,-0.2624868171763064,0
sub-s555_CCTHot,0.05119088243275653,-0.4954271782109687,-0.8858768036703243,-0.6047538151489514,-0.3006105653315419,-0.12868885103533795,0
sub-s555_DPX,0.6828589004418409,-0.7386281856252589,-0.6967867302920915,-0.7853181179196146,-0.4447539218869261,-0.17283475982330443,0
sub-s555_surveyMedley,1.6615794233496262,-0.6585009444499067,-0.7144625142323421,-0.7119466667737931,-0.05162503889117483,-0.06622226935116193,0
sub-s555_motorSelectiveStop,1.0812713494379602,-0.8179924335931098,-0.7271167917572844,-0.7631895790172132,-0.23596822857924266,-0.18710973065731262,0
sub-s555_discountFix,1.0898720922783636,-0.8849239502152403,-0.7160464035057994,-0.7851561937602369,-0.2635924660511316,-0.18181110467262457,0
sub-s555_stroop,2.2797050918998414,-0.8741893736519079,-0.7355346711405891,-0.7263827627096991,0.3937002051103729,-0.17360966783656148,0
sub-s555_rest,1.077063892936859,-0.6575241013296956,-0.6490252989908376,-0.6929813639905911,-0.21943483853071485,-0.02556571067041718,0
sub-s358_stopSignal,-0.048731166388908724,1.303486809957887,-1.1395207889833185,0.3508688798528777,0.3281396291227815,1.2871897440077733,0
sub-s358_rest,0.24181072922593178,0.7993823361020398,-0.9125776038324537,-0.4869851979994231,-0.3703375223675204,1.7065595763509867,0
sub-s358_twoByTwo,0.7471688613888644,1.1327489831431996,-1.1810670057801613,-0.2984766606513553,-0.3762440606785978,1.3474964243149123,0
sub-s358_CCTHot,0.6157541565334583,0.8202498280389021,-1.2014071633509333,-0.28482769863840746,0.09415478148442064,1.1616960024623202,0
sub-s358_ANT,-0.2109752859147409,1.040162471173246,-1.1954996416832033,-0.3139032741304706,-1.2818412316938792,1.3585006010999763,0
sub-s358_WATT3,0.6154442363756698,0.7893492907894522,-1.0839388973319912,-0.027494292496352307,0.4108206053218558,1.3891636538286858,0
sub-s358_discountFix,-0.27623517965309247,1.6629671789164937,-1.0871274674624427,0.5355345703281137,0.04658615027140499,0.5653046681681646,0
sub-s358_surveyMedley,0.48754807279882534,1.8828851152742327,-1.1510807964273415,-0.2808281225274489,-0.36702354625737826,0.895103496061204,0
sub-s358_motorSelectiveStop,-0.7451859455877682,1.8168592695467358,-1.1175551589720274,0.6741352557728307,-0.9489639717271731,0.6480900201929399,0
sub-s358_rest,0.01842614780264906,1.5312122923881417,-1.0352038775324792,-0.3787032914227497,-0.5452098924500809,0.4601740722955854,0
sub-s358_DPX,-1.351570713801407,1.5412680831330159,-1.1032975565629366,0.3087523241363606,-1.7005782775075908,0.49636200482898146,0
sub-s358_stroop,0.9489507241213262,1.581239057217878,-1.2575986777910344,-0.5582776559310513,-0.7291922216844241,0.4827778703753156,0
sub-s554_ANT,0.4880994494898021,0.19617279350633482,-0.10820208610193763,-0.32846741112182004,0.19344270863685323,-0.8143787493893425,0
sub-s554_stopSignal,0.6946969946740548,0.29689180452965147,-0.14940106085431482,-0.45276140505714474,-0.004586387576270579,-0.7960930182938866,0
sub-s554_rest,-0.1786036058437222,0.3669148740315688,-0.12379554775273088,-0.17308864800411863,-0.22724680062729136,-0.7499859915050925,0
sub-s554_CCTHot,-0.19133967386645148,0.26310458321756447,-0.12611245334330132,-0.4159639325618627,-0.3312395565281278,-0.8268057291325224,0
sub-s554_twoByTwo,-0.6410160956290765,0.24046437120350578,-0.14190275705119074,0.019367371789054857,-0.30654634350671545,-0.8558530820505755,0
sub-s554_WATT3,0.6463433372354211,0.1793156364810739,-0.13522097489250456,-0.5626213967776889,0.029389891532482282,-0.792408809159568,0
sub-s554_rest,0.6308351036987453,0.024382286145050187,0.25146066957232976,-0.5967190171826676,-0.3114263785273869,-0.5545996677304226,0
sub-s554_surveyMedley,1.545641165348046,-0.060073667440329735,0.2094657387635724,-0.6795618363951497,0.22742123206930356,-0.5190355557694439,0
sub-s554_DPX,0.12790926405620817,-0.08771272660516767,0.21816340054261754,-0.4821184971612537,-0.21427653213532125,-0.6230343542642655,0
sub-s554_motorSelectiveStop,0.5795399555317521,-0.05399256846185648,0.16995947010497217,-0.543841174039467,0.04280100141559742,-0.5926223089422654,0
sub-s554_discountFix,0.30616592506778034,-0.09299954397475127,0.19674965147672976,-0.37121669165952237,-0.2371668313871702,-0.5842665395305195,0
sub-s554_stroop,1.5242689001078884,-0.11427201496655381,0.18556942942530508,-0.538734890905959,1.0060044589774972,-0.5643675990767287,0
sub-s130_DPX,0.8604345929015859,-0.8199094267943249,-0.34161495665994646,-0.9924050575659484,-0.5526702767181872,2.2829235986944143,0
sub-s130_discountFix,1.0923331150697966,-0.8364536139768551,-0.3272796118080955,-1.1102672099034483,-0.43792028732896676,2.25807401636668,0
sub-s130_stroop,2.430980360712937,-0.812050035571592,-0.30657345456858603,-1.0853565654489863,0.5054969385856746,2.1362869734946917,0
sub-s130_rest,2.580574603029153,-0.8452921204497873,-0.3670665668443293,-1.2275575038629878,0.1891543646843232,2.8316722782046693,0
sub-s130_surveyMedley,2.8955188905550737,-0.8120381027490579,-0.2772209365224359,-1.2082861886491427,0.2335943406868304,2.282311400232831,0
sub-s130_motorSelectiveStop,1.4114060036720557,-0.7783270067229959,-0.4021139448179938,-1.1089323603810637,-0.6377259337480335,2.7192167337767015,0
sub-s130_WATT3,-0.6950913559807288,-1.780164095045277,0.7727802471342726,-0.9715592121314136,-0.8161863507572783,0.30424821087305565,0
sub-s130_CCTHot,0.3313318086496254,-1.7776794769295323,0.4374092928762638,-1.1997907040251716,-0.8070433622237994,0.2499940843897592,0
sub-s130_ANT,0.317626246799968,-1.6915096334924435,0.6843538683836599,-1.0332864047047128,-0.2543328193774452,0.4368312890906299,0
sub-s130_twoByTwo,-0.4171235385625546,-1.7084990819345052,0.55761538105449,-1.0859688376797574,-1.2714521908039798,0.4191617562741225,0
sub-s130_stopSignal,1.5627546263686531,-1.6631937101345848,0.3721992030852616,-1.2010001519920923,-0.28526229848255125,0.6555263598885278,0
sub-s130_rest,-0.36449823997475694,-1.68483349725323,0.3464761723376478,-1.0603220613281876,-0.5456279650023356,0.6166679077839285,0
sub-s598_rest,0.5529063829975397,-0.12452471587108428,-0.7501530753225452,-0.6992777894218617,-1.081530018965457,2.0007650106012065,0
sub-s598_stopSignal,1.4302860707202925,-0.18263425547742598,-0.7691779392396667,-0.6526865581349728,0.26565200591599614,2.078343355099425,0
sub-s598_CCTHot,0.7156230237895859,-0.12753147414562233,-0.7892443032947359,-0.1197230728616945,0.4736802639144367,1.966047501493044,0
sub-s598_WATT3,1.1340170706511707,-0.13337738508463828,-0.8016742803125938,-0.3618827376483817,0.24318569159564174,2.0437423689726093,0
sub-s598_twoByTwo,1.0904797069466905,-0.16601545102633686,-0.7399001126973909,-0.6463448520151606,-0.5145644076542093,1.9266847705274608,0
sub-s598_ANT,2.116675474538194,-0.1617257614763267,-0.7899334764900554,-0.6071903708708147,0.069256380348944,2.062162961834689,0
sub-s598_surveyMedley,0.8425674207280148,0.21491878163801695,-0.8515054911545442,0.21991621691524885,1.1823192408512304,1.7932704849805126,0
sub-s598_stroop,-0.9288958565552208,0.30353432784453555,-0.7612826743879855,1.5184880717569942,-0.2567985513346193,1.9141500975884378,0
sub-s598_motorSelectiveStop,-2.1051556369585223,0.13274265842832292,-0.6890302266609111,0.7201257421430748,-2.9774387428087823,1.191009682842273,0
sub-s598_DPX,0.6501858581661087,0.028406219139086544,-0.9073412887199365,-0.4939566279361133,0.04271270841153319,1.8221150547049911,0
sub-s598_rest,0.7899347867518671,0.21654242208227975,-0.9387885588065717,-0.7244866118713933,-0.4590474450260106,2.013686684737345,0
sub-s598_discountFix,-1.5277401511862163,-0.04660759265963692,-0.5494737280865094,0.7227470755051079,-2.0988528905077364,0.9168371451934416,0
sub-s553_discountFix,-0.05581837409975697,-0.26468645482669956,-0.2882594594122016,-0.7903993359901174,-0.7838454936917065,2.2617481127552086,0
sub-s553_surveyMedley,1.3586144362816575,-0.19464360786611898,-0.3497598335117077,-0.7678549908741145,0.21700783976912616,2.4801722525278245,0
sub-s553_rest,1.024960629486638,0.03910536420381499,-0.33524572624060667,-0.8299315717641269,-0.032593238680078476,2.5575679638557975,0
sub-s553_motorSelectiveStop,0.27546182328166713,-0.1416980925663928,-0.3291119831042665,-0.850723186069101,-0.4903245824492973,2.4987066515141727,0
sub-s553_DPX,-0.9909868625263619,-0.3323687686175055,-0.245722365463396,-0.5373526434559461,-0.9620566331674866,2.105312689694043,0
sub-s553_stroop,1.7587195261395447,-0.04515804659784233,-0.2602818978246037,-0.8674935206785054,0.1612708977800903,2.5293576293225355,0
sub-s553_WATT3,-1.8569575762353778,-0.42147001002941176,-0.44919162681527364,0.4997655815285181,-0.758354571825017,1.3068917877916588,1
sub-s553_rest,0.9802642744228539,-0.3039054974171205,-0.5842156731782312,-0.4733538364635853,-0.5935434780922144,2.353065603497045,0
sub-s553_twoByTwo,-0.22336170042611903,-0.4150606882696538,-0.6235541401980297,-0.49731946654177456,0.318798911578857,1.9201238625570172,1
sub-s553_CCTHot,-0.10250689838293511,-0.5578586673678732,-0.4494166053087776,-0.6657298313534448,0.17953524108553726,1.5528524815421847,1
sub-s553_stopSignal,1.1928371047005637,-0.29179552890159405,-0.6445944317445697,-0.7292552588090248,-0.2325609010019682,2.533607095665589,1
sub-s553_ANT,1.2985033738826603,-0.3314897547548907,-0.4712714975382298,-0.6571236559073141,0.1659678725435309,1.8242417500510746,1
sub-s591_motorSelectiveStop,0.3955378515950235,1.031393424146076,-0.8720904018227125,-0.4878779025314849,-0.5070068772999695,-0.6064434137077376,0
sub-s591_surveyMedley,0.9371028493713124,1.0523517280893449,-0.8825535402378836,-0.41713764655168795,0.23959460006489897,-0.5571606828677305,0
sub-s591_rest,0.6501589617421587,1.1085643378089087,-0.8625863881955249,-0.3528481826871975,-0.25298378106092345,-0.5680583739489858,0
sub-s591_stroop,1.7999003963365812,1.0452330730723058,-0.9284578537386575,-0.731721354653045,0.22789069845092094,-0.5910503052496141,0
sub-s591_DPX,0.09772169586640915,1.0081188607113984,-0.9387111553570185,-0.353648265659672,-0.21746330878572243,-0.5753949446152081,0
sub-s591_discountFix,0.10148169367815899,1.0695167333565738,-0.8115211290725279,-0.4372273576543949,-0.601209494670432,-0.7318424425967204,0
sub-s591_rest,0.8510287911897676,1.0598833985030829,-0.8580361953394415,-0.9332000556438428,-0.062496548605675696,-0.5697847856855721,0
sub-s591_twoByTwo,0.784108043272497,0.9223173851574968,-0.9533585999572695,-0.8034662186074268,-0.3170293477440949,-0.6460054563272954,0
sub-s591_ANT,0.937744084569577,1.0209505309915798,-0.9180967522796031,-0.8351951973873972,-0.052064975381894855,-0.6165034071899325,0
sub-s591_stopSignal,1.2599106732084575,1.046964615903192,-0.9030792400920968,-0.9489212074265225,0.09345858629934076,-0.6001873974760512,0
sub-s591_CCTHot,0.5960445793193062,0.985445425892155,-0.9016519656815135,-0.8973967426183285,-0.3050833166696763,-0.6720013259372034,0
sub-s591_WATT3,1.1551423778168777,0.7984545868621012,-0.8828729848391603,-0.741142593232312,0.10402181152774764,-0.642018242160524,0
sub-s596_rest,0.6650363518807325,-0.9552399791151425,-0.7032043237426839,-0.8538103890641142,-0.051431711334655204,1.2723807598214272,0
sub-s596_twoByTwo,0.14374881263336012,-0.8563819026982282,-0.6716797632042353,-0.6190312439292163,-0.529050204466943,1.1206732718220582,0
sub-s596_WATT3,-0.22199059408702704,-0.8231071484659758,-0.6732811671268706,-0.04852100505494453,-0.44090537252599415,1.302397804311582,0
sub-s596_ANT,1.4666255846063116,-0.8951977045681561,-0.6046667945263094,-0.6575673665401163,0.035665566110478455,1.0524273313868866,0
sub-s596_CCTHot,0.19027045683157523,-0.9226516813846345,-0.6080149174607928,-0.5200985475634051,0.21951080079573596,1.1314226677878043,0
sub-s596_stopSignal,1.4257155124958651,-0.8741267811209531,-0.6366738553998929,-0.6714088603225196,0.31982838922670803,1.415681084529324,0
sub-s596_surveyMedley,0.4382750466869887,-0.9794949643977426,-0.4421927730077763,-0.566663229585485,0.24410333632629547,0.912428893647827,0
sub-s596_DPX,0.19911265620516672,-1.0912813073252061,-0.4225760269465144,-0.5884969273771533,-0.765761647488764,0.6319114381662558,0
sub-s596_discountFix,0.8432575585152796,-1.0534557003824585,-0.43511651575073806,-0.6915513615048451,-0.4259597881527059,0.6583546081067612,0
sub-s596_rest,-0.2588093533452478,-1.162448470676314,-0.4706771294438839,-0.829228631098327,-0.877445629971827,1.0218913671948273,0
sub-s596_motorSelectiveStop,0.6182219034308789,-1.1414604936548218,-0.3823951618006088,-0.833285469401765,-0.6803956980657162,0.7614229585206083,0
sub-s596_stroop,1.6775595668701537,-0.8638068733543602,-0.38319812371665274,-0.7992314960806948,0.6987991054311254,0.7039078488611493,0
sub-s622_DPX,0.05121594500961911,0.8007009318206848,-0.8328614296096474,-0.4773754975246025,-0.47407593626118816,0.3037988728996497,0
sub-s622_motorSelectiveStop,0.1525861217480516,0.6151421199772732,-0.7990222234353602,-0.5443735170567675,-0.6393008458749304,0.39233083045398,0
sub-s622_discountFix,0.49224761160174074,0.752373448504252,-0.8225063170306365,-0.3644710299032608,-0.10646615762607561,0.3389147034427527,0
sub-s622_rest,0.27675774189017255,1.003875074955675,-0.9151153070002829,-0.11957933601958513,-0.2444905310781157,0.6996333270583758,0
sub-s622_stroop,1.4398281883989488,0.8128336637639537,-0.843928653924507,-0.6195936281467463,0.1644535760878816,0.3948185659184332,0
sub-s622_surveyMedley,0.8754923113370978,0.931157814578722,-0.8625028828682008,-0.48417871890160025,0.10231098645346914,0.31727327651466386,0
sub-s622_stopSignal,0.32287838485858517,0.5748813939037193,-1.0112648550497838,-0.38576286186798264,0.6156410560803026,0.05931086662192264,0
sub-s622_twoByTwo,-0.23196366583124725,0.7712830047500658,-0.9408965315822314,-0.5993755538421695,-0.8493595388832735,-0.148884608124904,0
sub-s622_rest,0.04670834886852933,0.6970645107887024,-0.8563086859427996,-0.4299988414603675,-0.4643713590244126,0.10499708243663008,0
sub-s622_ANT,1.1147836823974078,0.32812512370741215,-0.7232060530924342,-0.5518881712912121,0.5622660904641578,-0.2128486308685898,0
sub-s622_CCTHot,0.08999692065147132,0.34551420775492575,-0.7775996605460164,-0.6418909567063539,-0.5090894211118545,-0.3474664841011072,0
sub-s622_WATT3,0.22315011254583306,0.48507422518073395,-0.7789823008506525,-0.4985131684476824,-0.4798660474073944,-0.11841762191532593,0
sub-s613_rest,0.01749699861164601,-2.105657605329507,-0.7032421779844343,-0.6722204337705731,-0.1647873748970182,-0.5754890535256612,0
sub-s613_stopSignal,0.7082356764387492,-1.9227076384404718,-0.7319689145654784,-0.4081448053214132,0.2709264550782684,-0.6127277305339869,0
sub-s613_CCTHot,-1.5075363521819811,-1.3087174680048816,-0.3247636042056904,0.9385343711100184,-1.422415226419723,-0.903995034790817,0
sub-s613_WATT3,0.6201645587789103,-1.3099831987551211,-0.40147234366976137,-0.1482302858983817,0.658070634839667,-0.9332421521723578,0
sub-s613_twoByTwo,-0.2733248643252204,-1.5218792514303883,-0.6619415052691474,-0.2744694281301109,-0.46239666054486006,-0.7530606435666533,0
sub-s613_ANT,0.8714162805439333,-2.005417504696033,-0.6801412597138607,-0.6714990991731451,0.3460300669796637,-0.6044707490643284,0
sub-s613_motorSelectiveStop,-1.5751557958395905,-0.48104515540993426,-0.7149145051786091,1.0921251829009144,-0.6777121076923364,-0.8210921786974168,0
sub-s613_discountFix,-0.6871605786096279,-0.34646777081970553,-0.7914491151306341,0.8305111191194666,0.04374689378143908,-0.7021508172099123,0
sub-s613_stroop,-0.8777847043793405,-0.5552989542882858,-0.8372808840845263,2.212445825291651,0.29753938149785547,-0.6691421357355812,0
sub-s613_DPX,-1.1317159823803922,-0.4266167431374658,-0.9285461049709133,0.9983113133481837,-0.36704632865835646,-0.7503016752039097,0
sub-s613_rest,-0.5932578272115198,-0.49023743816751303,-0.9827870524823998,0.8630469239120979,0.08372508974037243,-0.7008160857020759,0
sub-s613_surveyMedley,-0.3200084983494985,-0.31306214381074643,-1.001550213641633,0.39659711760821004,-0.24309666145300762,-0.6986801832292282,0
sub-s614_CCTHot,0.5452323442186895,-0.5113014138568543,-1.2214893470891164,-0.8035119900918636,-0.1913549629733312,0.9881271730480462,0
sub-s614_stopSignal,1.3300871109884138,-0.5223918274564687,-1.2417993342642217,-0.6626128905629399,0.09423453374662319,1.1330881011766392,0
sub-s614_twoByTwo,0.576937726514581,-0.3697333584030672,-1.2215948869750712,-0.4603867063792749,0.5349055929568888,1.0102722750911017,0
sub-s614_ANT,1.2304266910178996,-0.3889604323473518,-1.1958502736597671,-0.5873552835913145,0.2433673328498909,1.09825406908713,0
sub-s614_WATT3,0.6933087724288116,-0.575235712192558,-1.2268192243275136,-0.7363338808855732,-0.6576592574177793,1.2582322737780518,0
sub-s614_rest,0.9402601227736352,-0.40575350989260184,-1.2244068356495437,-0.70849644571093,-0.2632248690280701,1.4055266802636674,0
sub-s614_stroop,0.6424023998443708,0.6035758922849537,-1.299701295442739,-0.23889675148797285,0.45251955307349173,2.028571740921876,0
sub-s614_rest,1.5038911912715216,0.6806975234356342,-1.347569283609574,-0.6090044880326705,-0.07231637933504169,2.035753903544163,0
sub-s614_surveyMedley,1.392060139463592,0.6343691194290797,-1.351017296543182,-0.39174220521705055,0.5255314106209013,1.9903956727533765,0
sub-s614_discountFix,1.0508288765029978,0.6376749500143264,-1.312568347705643,-0.5983629522332724,-0.28675922149920546,2.0177945726393323,0
sub-s614_motorSelectiveStop,-0.47226059637787293,0.654908432191335,-1.2898031457104062,0.114900575058257,-0.8690996044141075,2.134869377845975,0
sub-s614_DPX,0.08413105510090207,0.5669549160834016,-1.2599450757908521,-0.3964062139537575,1.3240234763319456,1.675994632350095,0
sub-s640_CCTHot,-0.7935826984329581,1.1629945031347835,-0.015870053584619258,0.15425179849061962,-0.150436492147067,-0.8236733438580535,0
sub-s640_ANT,-0.03493268962015096,0.9803202127296853,0.15146761651123652,0.007426030817273836,0.0012904196935118908,-0.6605668291782798,0
sub-s640_stopSignal,0.1703273697549473,1.016951949567736,0.15071030568076021,0.19656301539304144,0.10657618014264014,-0.6764547074976142,0
sub-s640_WATT3,-0.47052272062127976,1.1063742358238122,-0.03394426754400656,0.7835975520629926,-0.013209757289366797,-0.7571108737239847,0
sub-s640_twoByTwo,-0.7418079992525821,1.0259797601808682,0.1562295671256433,-0.2153860627366616,-0.0386218837562179,-0.700282600627503,0
sub-s640_rest,0.06355406821435958,1.1930859326554457,0.07241304403602762,0.06654805810321633,-0.22703061742095246,-0.5900645389398007,0
sub-s640_stroop,0.3708395990204925,0.7781976951264161,-0.1897765081025903,-0.461650923424756,0.19296897580417977,-0.5409390084690587,0
sub-s640_discountFix,-0.8121011919637752,0.8997638324619022,-0.16876005907846667,-0.10665530871451624,-0.11109055247352942,-0.6246468089400787,0
sub-s640_rest,-1.057021862300366,0.9373056765799426,-0.1494702154690918,0.15265283100152519,-0.5364532691266866,-0.6098419000393496,0
sub-s640_DPX,-1.4541063003639496,0.8496468656278404,-0.13751392496292486,1.475250547411258,-0.31372398577432153,-0.7281266877329958,0
sub-s640_motorSelectiveStop,-1.0004198663033115,0.8965582532116213,-0.12048200212563283,0.08133095856752498,-0.3654011901812334,-0.6240251014787219,0
sub-s640_surveyMedley,-1.3003761215830454,0.7935467114763232,-0.020321034427998305,0.4428769735045693,0.020492721004653672,-0.6977678475287739,0
sub-s647_WATT3,1.099746747562221,1.788083299094583,-0.6864771558009147,-0.3933591245123369,0.27482270293085037,0.009321300132113615,0
sub-s647_rest,0.5181109683592006,1.8400968030616394,-0.7069288421376733,-0.4235500347063888,-0.014977272260503,0.0854482392046448,0
sub-s647_stopSignal,1.0224989954128425,1.957213171915966,-0.747906793317325,-0.29737614984750127,0.09095440421588283,0.07568596797725115,0
sub-s647_ANT,0.564756091594641,1.9388849252357256,-0.7202779427447655,-0.06578410015397929,-0.20261078738779464,0.15486680534199693,0
sub-s647_CCTHot,-0.0019698995045928417,1.8569434760543138,-0.7776720920951584,-0.23735414040128136,-0.29959105108934053,0.09422957409036382,0
sub-s647_twoByTwo,0.0583447199211175,1.7350959126982974,-0.640854206664194,-0.25327270409280705,-0.2469948082669718,-0.10787968799215356,0
sub-s647_surveyMedley,0.839272608794129,0.9150667421946822,0.09459653368341327,-0.510384656175642,-0.009790420039294874,0.32315693239015525,0
sub-s647_DPX,0.329375705089619,0.9629865950536587,0.11771654857147154,-0.6002664138974693,-0.5568190953107631,0.2691141170129281,0
sub-s647_motorSelectiveStop,0.6443884562401397,0.8052952447265015,0.08248973019213765,-0.605960122330397,-0.24526425398919058,0.22352646273555157,0
sub-s647_rest,0.8506779151136914,0.6486564337493143,0.09521915121190029,-0.7072302300257985,-0.020305766471843407,0.31072187754399344,0
sub-s647_stroop,2.0838288280715114,0.7748654381646445,0.03283965472190314,-0.7193964970613759,0.32405035657946646,0.3247855372719323,0
sub-s649_DPX,-1.3472520039103304,2.04627951486804,1.119546345138661,1.532107201814622,-0.23644367293505747,-0.5055726233287592,0
sub-s649_stroop,0.18408855829959245,1.9442505288060525,1.0869049149719827,0.1212602616271227,0.7085794781911426,-0.46895195583743404,0
sub-s649_discountFix,0.18408855829959245,1.9442505288060525,1.0869049149719827,0.1212602616271227,0.7085794781911426,-0.46895195583743404,0
sub-s649_surveyMedley,-0.6460487833195555,2.102473166235261,1.0576672026261835,0.4780221271268265,0.051143900413233565,-0.28644783630301895,0
sub-s649_rest,-0.3878693985402961,1.8329221540873883,1.0472858745722906,0.054953529774879384,0.2947349510028383,-0.2586714442197206,0
sub-s649_motorSelectiveStop,-0.9488429169672049,2.0930185707123785,1.07532083901007,0.6860622759070143,0.02804906867921686,-0.4255011096519313,0
sub-s649_CCTHot,-0.9019138530743822,0.9032262523418056,0.9629728394281942,0.8347687816341429,-0.29734141184153334,-0.2169186337079891,0
sub-s649_WATT3,-2.4718358072348003,1.5021694844550242,0.7221787307221444,1.9623560814291665,-1.832748495676654,-0.32678863581669443,1
sub-s649_ANT,-0.9019138530743822,0.9032262523418056,0.9629728394281942,0.8347687816341429,-0.29734141184153334,-0.2169186337079891,0
sub-s649_stopSignal,-0.9019138530743822,0.9032262523418056,0.9629728394281942,0.8347687816341429,-0.29734141184153334,-0.2169186337079891,0
sub-s649_twoByTwo,-2.4718358072348003,1.5021694844550242,0.7221787307221444,1.9623560814291665,-1.832748495676654,-0.32678863581669443,1
sub-s649_rest,-0.9288063036891142,1.171050184778256,0.503736026300022,0.5708935374892282,0.6597990042624863,-0.08354691225526334,0
sub-s649_ANT,-0.9019138530743822,0.9032262523418056,0.9629728394281942,0.8347687816341429,-0.29734141184153334,-0.2169186337079891,0
sub-s649_stopSignal,-0.9019138530743822,0.9032262523418056,0.9629728394281942,0.8347687816341429,-0.29734141184153334,-0.2169186337079891,0
sub-s649_CCTHot,-0.9019138530743822,0.9032262523418056,0.9629728394281942,0.8347687816341429,-0.29734141184153334,-0.2169186337079891,0
sub-s615_DPX,-1.8241937585288137,1.2289897295179226,-0.8670200803852113,2.0540084630155864,-2.5984497173771497,0.06122942052852768,0
sub-s615_rest,0.7020745615070915,1.002285139949616,-1.0079344727599395,-0.47255620066023,0.38902448163905873,0.36401167070109214,0
sub-s615_discountFix,-0.926682403120601,1.0626007257113184,-1.0105432515040655,0.5252724541435286,3.1328605416867887,0.16175841519343895,0
sub-s615_stroop,1.2946993637408104,1.3008828992090808,-0.8019484128215035,-0.4151224750197613,1.8281981615476994,0.3566268003534826,0
sub-s615_motorSelectiveStop,-1.5839099705529818,1.1952558319299407,-0.7448013895209846,2.7069317509180273,-1.4134259081357776,0.13798908542723212,0
sub-s615_surveyMedley,-0.588591908938542,1.1243500284063173,-0.85338023660193,0.6809618314275502,0.19083568598138825,0.376291411884293,0
sub-s615_stopSignal,0.649363072106181,1.6293374589713883,-1.4667382785615897,-0.4902729891326724,0.6813230009475039,0.2641701918134278,0
sub-s615_twoByTwo,-0.4193932299745245,1.369671070107986,-1.3549228938110232,0.013146891967831493,0.517142080959842,0.3443309089643179,0
sub-s615_ANT,0.5827430751112626,1.658456507826967,-1.486977359656996,-0.6486232490707049,0.00041051097493344615,0.28180832983703347,0
sub-s615_CCTHot,-0.9402858808157206,1.3182968863978655,-1.500632458134717,0.061919849241649554,-0.1975062727393209,0.18709008871601968,0
sub-s615_rest,-0.3912241161457071,1.427140150602033,-1.382376880386241,-0.46630104440160736,-0.5895461317722493,0.45139409583840534,0
sub-s615_WATT3,0.2049626284143109,1.557754479235157,-1.4556078885119903,-0.3676431140535032,0.30755806171550404,0.3067226639251273,0
sub-s615_ANT,0.5827430751112626,1.658456507826967,-1.486977359656996,-0.6486232490707049,0.00041045885357408695,0.28180832983703347,0
sub-s615_WATT3,0.2049626284143109,1.557754479235157,-1.4556078885119903,-0.3676431140535032,0.307558114806354,0.3067226639251273,0
sub-s615_stopSignal,0.649363072106181,1.6293374589713883,-1.4667382785615897,-0.4902729891326724,0.6813230154361222,0.2641701918134278,0
sub-s612_WATT3,0.46783177147868565,-1.0938913161257373,-0.1954720460165181,-0.044049061335353655,0.26901709127810514,-0.7909384612025865,0
sub-s612_twoByTwo,0.6213088793615152,-1.0487619848184715,-0.10239920033826937,-0.07313811621380918,-0.22617129896582616,-0.786479344055011,0
sub-s612_stopSignal,0.844469731440121,-1.0848610749355727,-0.10707821061403795,0.0008102619127008635,0.34980031914044407,-0.8019824097565427,0
sub-s612_rest,0.7913480715739718,-1.0749022586229704,-0.25033515906553916,-0.1378518700551723,0.16618391690795267,-0.7245835287619785,0
sub-s612_ANT,1.0274424358783962,-1.0348554192353523,-0.26095220039791744,-0.12448262602653946,0.2366745225512256,-0.7247221639412105,0
sub-s612_CCTHot,0.6687749548097948,-1.0877345529448035,-0.2549348449302414,-0.0017327321798198524,0.6983455978351395,-0.7664954263492794,0
sub-s612_motorSelectiveStop,-0.04782096695114323,-1.1127223309095116,-0.11663533317741566,-0.5697202008199991,-0.8863401661295627,-0.833907442597999,0
sub-s612_rest,0.19908514849885414,-1.0050826611471357,-0.22320417652029972,-0.48377313220335844,-0.39157311603003536,-0.5915787339512917,0
sub-s612_discountFix,-0.44665336693030144,-1.0905784584239626,-0.18001011373109488,-0.19154301291326417,1.0529328916156309,-0.7300985222256312,0
sub-s612_stroop,0.3916598762873108,-0.9801286513444872,-0.1399892533801616,-0.2672904664386929,-0.5158689617987638,-0.7339526858638311,0
sub-s612_DPX,0.13162463825549536,-1.026304428576224,-0.22949747246067187,-0.5606610809996438,-0.7949513926067686,-0.7502528472447572,0
sub-s612_surveyMedley,0.784245581804061,-1.0441075554071313,-0.21349767094918531,-0.5521317573233467,-0.25632218599398027,-0.7361080591457381,0
sub-s624_stroop,-0.2571099883774922,-0.7277426486654366,1.1231699565548938,0.593931559462022,1.4946248257727055,-0.14484056636425033,0
sub-s624_DPX,-1.8553743549164972,-0.7154330230657487,1.2278139964530932,0.6306266404153972,-0.8139665627099305,-0.43428350109318065,0
sub-s624_motorSelectiveStop,-1.1555217627056704,-0.7245247640296,1.1297771602074451,0.466130209928234,0.2758952440736168,-0.2880365939476516,0
sub-s624_rest,-1.294499558591133,-0.7261474060813159,1.169588296759308,0.8562928120922234,-0.1310412650044334,-0.269957268521874,0
sub-s624_surveyMedley,-0.03901361067221435,-0.7078080873817456,1.1164626369077446,0.05853875389738835,1.3106813150980023,-0.14731547222583502,0
sub-s624_discountFix,-1.5425460212883773,-0.7597624676052557,1.1299511767217636,1.2519657018740977,0.1662085000308438,-0.23075754898097287,0
sub-s624_CCTHot,-0.8770111265495942,-0.7864800022727648,1.5479872071337732,0.17338872127077515,-0.6588363183231947,-0.4298577409130632,0
sub-s624_stopSignal,-0.07831478760455576,-0.8524336069930348,1.5379145888961754,-0.17381168319893142,0.3538390435011342,-0.4099306508012139,0
sub-s624_rest,-1.0490366807990024,-0.667528628024482,1.3162670426695349,1.5216699829604572,0.9318798122909454,-0.2755046378657065,0
sub-s624_WATT3,-0.2679614728766278,-0.8284285432643327,1.5800772083460008,-0.01993104670944982,0.5355803150913118,-0.44538488098703644,0
sub-s624_twoByTwo,-0.9128686442927807,-0.8885529672083811,1.5804473889309956,-0.03087058380873915,-0.07997547667641079,-0.5738544866519628,0
sub-s624_ANT,-0.1979586392876232,-0.7609995457526745,1.4252890668732916,-0.4754186290501421,-0.640602128650001,-0.3162232314497331,0
sub-s623_rest,-2.08829219042418,1.4945761027669244,-0.35602013411300054,2.1499480742193877,-1.4113582921811973,-1.170565353525796,0
sub-s623_discountFix,-1.8396469766528643,1.537318486199545,-0.2610507344242023,2.0633371162113603,-1.3957951306680285,-1.1145735705363404,0
sub-s623_DPX,-1.4371575799400378,1.3297430298520587,-0.6012376522147075,2.187629533751983,-0.5114674570757749,-0.9872443656299188,0
sub-s623_motorSelectiveStop,-1.8051648442253074,1.341221302689691,-0.4298818956042609,2.3145503239672682,-1.8101743931121195,-0.9174106486373926,0
sub-s623_stroop,-0.5265779245450761,1.2232936854547727,-0.5455415198517091,1.4861714358468336,-0.07964455258444782,-0.9690737990872706,0
sub-s623_surveyMedley,-1.4177622018602118,1.4793192480327086,-0.1587999865864939,2.2077696032795147,-0.4321513165786439,-1.0431829435015965,0
sub-s623_stopSignal,-2.1509244869273165,1.553227399297485,-0.5880455054637019,4.5836896215074585,-0.8746029108856958,-1.3272282756331208,0
sub-s623_ANT,-1.0321353347581843,1.6897873464159814,-0.7662153645823518,0.953651840162538,-0.06802467913248168,-1.1899466949720954,0
sub-s623_WATT3,-0.8287317399180041,1.58929603058097,-0.6128868148728853,0.697461796796984,1.1338504892279209,-1.156870356209696,0
sub-s623_rest,-1.365548296302378,1.567134973352715,-0.5945366604408028,1.4919920795992896,-0.44091227545614203,-1.1978541829659657,0
sub-s623_twoByTwo,-2.133068929118633,1.5547761388533496,-0.43811694464980333,2.331394297434885,-0.870509372710362,-1.2784908406491506,0
sub-s623_stroop,-0.5265779245450761,1.2232936854547727,-0.5455415198517091,1.4861714358468336,-0.07964455258444782,-0.9690737990872706,0
sub-s623_DPX,-1.4371575799400378,1.3297430298520587,-0.6012376522147075,2.187629533751983,-0.5114674570757749,-0.9872443656299188,0
sub-s623_motorSelectiveStop,-1.8051648442253074,1.341221302689691,-0.4298818956042609,2.3145503239672682,-1.8101743931121195,-0.9174106486373926,0
sub-s648_surveyMedley,1.3137371416385728,0.4112861145522431,-0.7425076484664108,-0.9910304956920666,0.1605162504621165,0.20805667853322574,0
sub-s648_DPX,-0.35560224775326527,0.3949437450132513,-0.7073093055166971,-0.6564191347575329,-0.4452245650229712,0.16950568408795735,0
sub-s648_stroop,1.5004875710771104,0.40167241610764354,-0.6252501232261654,-0.8230804448560157,0.1826486417466685,0.3656448036779993,0
sub-s648_rest,0.6282041444105366,0.35111075412829645,-0.692235972447322,-0.9289159577847671,-0.3428082331930852,0.1830563106376608,0
sub-s648_motorSelectiveStop,0.33467552317251137,0.4983197150872101,-0.779698028514067,-0.7192130964908947,-0.28892358773924126,0.22430469135190398,0
sub-s648_discountFix,0.07305217356291688,0.29840658498235656,-0.6590332825231163,-0.5060206690427421,-0.17515991108962387,0.20942159734192917,0
sub-s648_rest,0.8306626967182883,0.08647498192505865,0.09587001817452277,-0.7400750345709439,0.05728835206576136,-0.15902859777176145,0
sub-s648_ANT,0.4497989417848765,0.15173398870346402,0.2790737004617692,-0.7059166248998457,-0.3888147280546038,-0.09759261053918633,0
sub-s648_twoByTwo,0.4497989417848765,0.15173398870346402,0.2790737004617692,-0.7059166248998457,-0.3888147280546038,-0.09759261053918633,0
sub-s648_CCTHot,0.4962331726052538,0.021331232173866038,0.1329316938002334,-0.6828513851311212,-0.33827758484144965,-0.06197068989704733,0
sub-s648_stopSignal,0.8973963922326321,-0.009369188351311923,0.24859843690508548,-0.8163355677341338,0.10984135300488648,-0.1974558242834749,0
sub-s648_WATT3,0.4962331726052538,0.021331232173866038,0.1329316938002334,-0.6828513851311212,-0.33827758484144965,-0.06197068989704733,0
sub-s445_rest,-1.3415554635741742,-0.05350929773509103,0.14522177962022426,0.42940729304519915,7.163963703212954,-0.5749697564824957,0
sub-s445_rest,-1.0892266622864215,0.49770381474879405,-0.22858806667678,-0.05419810310371434,1.3513143763791409,-0.08482911785959107,0
sub-s445_stroop,-0.20816033063541917,-0.3035986962152601,0.4793931499068325,-0.42329921860938186,1.7501491327121987,-0.6007706161288026,1
sub-s445_surveyMedley,-1.4999491154986058,-0.25762166714032675,0.4315415464118031,0.02282920792877292,1.7482467413664042,-0.7008640080422024,0
sub-s445_rest,-0.06440200103401013,0.6301087668480692,-0.30869690803415273,0.03879024295670677,-0.0017898749064470174,-0.1529609502974854,0
sub-s445_stopSignal,0.4909590283815865,0.5552432238310147,-0.3852427047620994,-0.6935631906925293,-0.11139033168924503,-0.2956966215426642,1
sub-s445_ANT,0.10998829903473689,0.8931008474980653,-0.5831328158687071,-0.5867877453242254,0.28871428978874986,-0.43205914982879245,1
sub-s445_CCTHot,-2.153647749852263,0.10946161956583632,-0.23968873832165932,1.4706214037935157,-0.865638868033932,-0.4709902023919769,1
sub-s445_WATT3,-0.510109977699272,0.7116861524675606,-0.47434277601812475,0.06591982593549024,0.8581822811141957,-0.2909372916879659,1
sub-s445_twoByTwo,-1.716303338470753,0.4657012535471454,-0.31049266806367887,-0.4749473957199578,-1.2760474959493533,-0.5157306500705199,1
sub-s445_DPX,-0.6059046480093238,0.5123142416915292,-0.04252599364533465,-0.39768283397563686,-0.45352401005663573,-0.10616399274737506,1
sub-s445_discountFix,-0.35680891913684426,0.5891181674507425,-0.056749018747040005,-0.49925694001701265,-0.35243582707544635,-0.07229399211105501,1
sub-s445_motorSelectiveStop,-0.8489645748344585,0.47740795657546325,-0.059065924337610445,-0.44032615186491403,-1.1425010540189537,-0.05508526844228305,1
sub-s646_ANT,-0.1902442558728479,-1.4804115459918494,0.017619989583676915,-0.6953069022658104,0.8168684565089313,-0.6558951934326003,0
sub-s646_twoByTwo,-0.5895106663293825,-1.4602282578478738,0.0756447793018477,-0.5224643174048673,0.09263736831520637,-0.7345197543106186,0
sub-s646_stopSignal,0.1546864879456085,-1.3353778640638292,-0.1196512427663942,-0.5673590464925113,-0.3349120487475375,-0.5567167031402284,0
sub-s646_WATT3,-0.0916810877430246,-1.4485209368259027,-0.07275198419514539,-0.6578813338291428,-0.33020955376979483,-0.6636872904689062,0
sub-s646_rest,-0.18151330988923176,-1.351401249657972,-0.21302760036506604,-0.7292745358434083,0.35074141367677303,-0.6098063544925786,0
sub-s646_CCTHot,-0.19691395773010728,-1.4351634993134146,-0.0017747159252330892,-0.575449779126425,-0.2553470244738946,-0.7390852062254982,0
sub-s641_surveyMedley,1.1684677220370587,-1.7259699318576291,0.059117504356066164,-0.5974010936262989,-0.10179656772869777,0.6444107919632645,0
sub-s641_rest,0.28718255130028175,-1.564493566776655,-0.22650190246427795,-0.5150552913120474,-0.46523383857211165,0.5302033275294779,0
sub-s641_motorSelectiveStop,0.04282976227845411,-1.6963952559715765,0.03624585849298203,-0.602022351318823,-0.8542163848544505,0.5143808047165206,0
sub-s641_discountFix,-0.32599173011366817,-1.64945406359848,-0.035221367962687905,-0.5439235690098391,-0.8454750397832292,0.38757693431343776,0
sub-s641_DPX,-0.31324160259660133,-1.6691282802927707,0.14174099734301066,-0.36919458884174056,-0.5054140929642706,0.3379126359904711,0
sub-s641_stroop,1.7303713065785145,-1.647950233280736,-0.03795048929625568,-0.769154157114723,0.20869265970826387,0.7015257689497308,0
sub-s641_twoByTwo,0.013259589274782112,0.06899177092546212,0.7355425210349904,-0.24002703162923822,-0.4455201739555036,1.1901194593397038,0
sub-s641_stopSignal,0.5502466934382935,0.05597420964208454,0.7040001068541687,-0.43225853407315235,-0.23717682474365714,1.1667303386279173,0
sub-s641_WATT3,0.5502466934382935,0.05597420964208454,0.7040001068541687,-0.43225853407315235,-0.23717682474365714,1.1667303386279173,0
sub-s641_CCTHot,-0.7400799040137889,0.08918380196587732,0.900341131990184,-0.2771242734729,-0.8261765530162147,1.122138261533136,0
sub-s641_ANT,-0.7400799040137889,0.08918380196587732,0.900341131990184,-0.2771242734729,-0.8261765530162147,1.122138261533136,0
sub-s641_rest,0.10771249479914193,0.11265318665962513,0.911726783926688,-0.3450858681135196,-0.35751228380068945,1.3599139705265713,0
sub-s641_rest,0.10771249479914193,0.11265318665962513,0.911726783926688,-0.3450858681135196,-0.35751228380068945,1.3599139705265713,0
sub-s641_WATT3,0.5502466934382935,0.05597420964208454,0.7040001068541687,-0.43225853407315235,-0.23717682474365714,1.1667303386279173,0
sub-s641_twoByTwo,0.013259589274782112,0.06899177092546212,0.7355425210349904,-0.24002703162923822,-0.4455201739555036,1.1901194593397038,0
sub-s641_ANT,-0.7400799040137889,0.08918380196587732,0.900341131990184,-0.2771242734729,-0.8261765530162147,1.122138261533136,0
sub-s641_CCTHot,-0.7400799040137889,0.08918380196587732,0.900341131990184,-0.2771242734729,-0.8261765530162147,1.122138261533136,0
sub-s641_stopSignal,0.5502466934382935,0.05597420964208454,0.7040001068541687,-0.43225853407315235,-0.23717682474365714,1.1667303386279173,0
sub-s601_surveyMedley,-0.23519979465833285,-1.7702614815856337,1.5863481307345288,0.6289406766535673,-0.1270275958870366,-1.1882388484255424,0
sub-s601_stroop,0.6345046317208448,-1.7385962852101982,1.7288274287629755,-0.12208409635844529,0.2846936243732261,-1.228687303400935,0
sub-s601_DPX,-1.2484079515349376,-1.6771243073527218,1.7412729994684806,0.22634546183191506,-1.0764589174993429,-1.323742548002003,0
sub-s601_rest,0.1539144383217696,-1.6913356535648458,1.6540681262501595,0.028217985651846248,-0.12544318291982995,-1.1150246442795462,0
sub-s601_motorSelectiveStop,-0.1802412312928651,-1.6980027892730194,1.5708805485622748,0.21191505717064538,-0.24175632267480926,-1.2496108008461533,0
sub-s601_discountFix,-0.2859447886990743,-1.7471226135614741,1.524807303445334,0.3181586952095168,0.31016227910302513,-1.1613294733572717,0
sub-s601_CCTHot,-1.4391671707067633,-1.7285410479250556,1.4979744089291598,0.9843589236211402,-0.647872315532633,-1.1898157575545845,0
sub-s601_ANT,-0.8017414841252724,-2.0497288784234144,1.7059960100941134,0.8146992091589498,1.159425167805837,-1.137373812476463,0
sub-s601_WATT3,-0.48674859965153294,-2.236204169772289,1.7249913816019944,0.29919349748335944,0.012894755698893595,-1.2002449039922574,0
sub-s601_twoByTwo,-0.9201722459599541,-1.7895299722823823,1.704191210245665,0.3970960330289894,0.3282570483220131,-1.2041454806055403,0
sub-s601_rest,-1.0067579474789137,-1.8550031961880142,1.6041629018907597,0.6752614984302653,-0.729460894712571,-1.1125077780697563,0
sub-s601_stopSignal,-1.1326918946721267,-1.9513105005219848,1.6776141426050755,0.8525488847365411,-0.5449883583939044,-1.1678769479788293,0
sub-s639_stopSignal,0.7472770583670273,1.2877437944916537,-0.6753717382510979,0.2987179846749449,0.5213658690510928,0.5952987703096605,0
sub-s639_rest,0.1847377401685696,1.386060960056027,-0.6185815618026599,0.17088567225055562,0.21949463628400906,0.7470293515941926,0
sub-s639_twoByTwo,-0.11489331289431438,1.5235771979255535,-0.6857987173905646,-0.06625521588396319,-0.6311477281338368,0.7048570885369135,0
sub-s639_ANT,0.5817754151314218,1.411695557540051,-0.64813747577463,0.4880448770983803,0.06823485683343332,0.5164527101115302,0
sub-s639_WATT3,0.1921525952257189,1.3860900481235643,-0.6054121275967046,0.8646785146962723,-0.2635601146713859,0.6485040390243314,0
sub-s639_CCTHot,-1.0172273805014855,1.2678698843181733,-0.6126096314250841,0.5969656887357616,-0.5695500860730313,0.47221216413534556,0
sub-s606_CCTHot,-0.30843508938024805,-0.25155717232044966,0.29298462581507445,0.05165892017714482,-0.08836059518265015,-0.4713628646211806,0
sub-s606_WATT3,-0.10635919983142275,-0.35420661854182334,0.29337966590211273,0.31320513460352206,-0.30002218617224985,-0.39099491164983824,0
sub-s606_stopSignal,0.9749039393860739,-0.4056798574290628,0.1564015496807027,-0.2685027331117934,0.15340977181064047,-0.2612791742051203,0
sub-s606_ANT,0.3472367644395651,-0.28917643323269077,0.3232266620434845,0.02507492628586612,-0.2757573406415753,-0.34077999695905675,0
sub-s606_rest,0.20428043729775866,-0.4353633018902098,0.20865825693806409,-0.0010033103245744024,-0.32982827007019755,-0.30574869085838147,0
sub-s606_twoByTwo,0.1157526917131308,-0.2504149915097191,0.3457837222079636,-0.19761727533909199,-0.2608823159998825,-0.4491385209133491,0
sub-s606_surveyMedley,0.5651491461537298,0.39758097177103463,0.2063644028857504,-0.2706247414609968,0.31411136341758206,-0.6376339140508466,0
sub-s606_rest,-0.5634834858987722,0.27044010723887596,0.3340396414510664,0.23738072386110048,0.3549542790999365,-0.47251798168885806,0
sub-s606_discountFix,-0.3108875542186061,0.38709706445363967,0.16933730456743143,-0.32013503365121343,-0.3109531002823139,-0.6333667881367855,0
sub-s606_stroop,0.9594825079448733,0.4270207098502034,0.19166362335384216,-0.36300425736470787,0.34904910543871775,-0.60801405897185,0
sub-s606_motorSelectiveStop,0.1116375388487673,0.35880355623363114,0.26175001746866167,-0.25635392714455296,-0.007077870874651719,-0.7229442073883937,0
sub-s606_DPX,-0.45909846454847975,0.2940462955172026,0.2530672713908434,-0.1871005524748739,-0.30111735385504834,-0.5614410911941731,0
sub-s608_motorSelectiveStop,-0.3807051692517726,-0.8471023753146228,0.2961063012854811,0.21415670348748228,-0.27360227143677307,-0.910056795741424,0
sub-s608_surveyMedley,0.4414744985723242,-0.5414931315190685,0.35053392105776865,-0.06308067543376548,0.22662836378362672,-1.0462661989439042,0
sub-s608_DPX,-0.34657238469438567,-1.1537121207580447,0.7158033984250275,0.13885114201159418,0.7506866181449754,-0.8848109296215578,0
sub-s608_rest,0.7184563175397827,-0.3734199724446663,-0.09558430684590627,-0.5262874951880115,0.055617098602310656,-0.831715618150295,0
sub-s608_discountFix,0.14856938534405092,-0.8959932010741618,0.49013403675848505,-0.28622156884987504,0.006655958758257582,-0.9638000021575457,0
sub-s608_stroop,1.529510646366343,-0.42139321460437,0.021607227716186964,-0.4455317679048148,0.7484914063838376,-0.8702402741755569,0
sub-s608_WATT3,0.27964360592354337,-0.8476895981903367,0.35605566845286335,-0.36583348673236005,0.176057961070571,-0.9140714048837323,0
sub-s608_stopSignal,-0.1421730108856902,-0.5533443372877918,-0.0415063020705503,0.04320749685055169,0.2964084218697999,-0.9056842406790847,0
sub-s608_twoByTwo,-0.545000141103799,-0.8296442581521138,0.39966398094432454,0.4701563063047964,0.07706012944584192,-0.955481664998875,0
sub-s608_CCTHot,-0.8230685144706048,-0.6459647064111381,0.04102475876788059,0.35570410990758766,-0.5592690170030482,-0.9769897395253837,0
sub-s608_ANT,0.5200634042250319,-0.7892602091883555,0.3837048586180009,-0.35166340779964667,0.1579104406330924,-0.8403909201417186,0
sub-s637_surveyMedley,1.3710919318650483,1.1775486122589571,0.02124947688221331,-0.49255029729118927,0.050891456591655046,2.2759298048295373,0
sub-s637_DPX,0.047967590535283454,1.1486945172879781,0.03379923150083335,-0.41334555248467814,-0.7514777630179588,2.202446367693933,0
sub-s637_discountFix,0.6933625652767129,1.209719772187091,0.004611916145539305,-0.4444341016017586,0.0099450794698306,2.1929177461752505,0
sub-s637_motorSelectiveStop,0.8190941780079378,1.257849680079387,0.02246827046882601,-0.5549837789872681,-0.2537546009248843,2.218550387087476,0
sub-s637_stroop,1.6477797240161434,1.239740590726336,0.008746277331060185,-0.5882113633326282,0.2039377024458201,2.1506820897861507,0
sub-s637_rest,-0.2368899903906509,1.172230290984575,-0.013488513288729888,-0.31457902371769336,-1.122097738478809,2.3636387056257275,0
sub-s061_twoByTwo,-0.21905338233520488,-0.05875870898727338,-0.47141206672251657,0.29916633599540166,0.03438451965192444,-0.4415236233331327,0
sub-s061_CCTHot,-0.0019509497513552794,-0.004888176969087702,-0.4355943831786807,0.5236530711210654,0.10473412659696403,-0.4718007314202571,0
sub-s061_WATT3,-0.3042056267140967,0.012448445052247665,-0.4396637706656696,0.8427242742063454,-0.48585493913051603,-0.5399307526200994,0
sub-s061_stopSignal,0.27079223731451435,-0.0066517963555875505,-0.4007430562779592,0.3481447609345336,-0.4226013321267844,-0.47047611265821115,0
sub-s061_discountFix,-0.8221922412039582,0.25193735637211334,-0.5608278536545133,0.4550514227623105,-0.5915968725944848,-0.656962616391259,0
sub-s061_DPX,0.01774640181554683,0.24820354126842775,-0.5855638491732151,0.04162277440715767,-0.40721180129522333,-0.610758386493673,0
sub-s061_motorSelectiveStop,0.5404038248372862,0.3041883820392941,-0.5591727758070135,-0.09449340327398419,0.3242810679842171,-0.6032268058638497,0
sub-s061_stroop,1.5048998071696498,0.2543550088798964,-0.6137594963923927,-0.010096481177078263,0.48414918384652095,-0.554861014287679,0
sub-s061_surveyMedley,-0.05559342219035623,0.23998012960510814,-0.6477876347822192,0.5657192385109698,2.7304869139548655,-0.48344472804719796,0
sub-s061_rest,0.10135332438203357,0.31539038306088213,-0.613236090876616,0.23619983997286798,-0.4164333753282475,-0.4771914286725896,0
sub-s495_CCTHot,0.7982329448228319,-0.6483035624939815,0.9067001926132348,-0.7557521468312185,0.5493116592049782,-0.5823279865370902,0
sub-s495_ANT,-0.1038162652034144,-0.5752973819172976,0.832191067089178,-0.8536490170303721,-0.8547797032709857,-0.5244816467188675,0
sub-s495_rest,-0.36252440922623796,-0.4773976717905283,0.7233532291960229,-0.5171444638791729,-0.7430849651184394,-0.4456487179966144,0
sub-s495_WATT3,0.027014053713439727,-0.5494613679686329,0.6556427254902627,-0.38373415208098965,-1.1251045330633713,-0.48367717026387425,0
sub-s495_twoByTwo,-0.17723983489298023,-0.5443658993829721,0.7513362146749843,-0.7063626197516477,-1.216551572402929,-0.5402315690732395,0
sub-s495_stopSignal,0.8582211394669661,-0.5007635420534523,0.7546673879489818,-0.8236944002463638,-0.5403285106715248,-0.41060805383267035,0
sub-s495_surveyMedley,1.1768447355327862,0.18424373810524833,0.25473556997351765,-0.8049225461125118,0.25393833465585947,-0.25489863535735735,0
sub-s495_stroop,1.6338693825750479,0.15646109988582244,0.16052167315140978,-0.8075810652560417,0.17331402617970335,-0.21360904897743066,0
sub-s495_DPX,0.17238800259894158,0.1944235747034369,0.1357609311284047,-0.7643052698556224,-0.4102235844138382,-0.3395044325609198,0
sub-s495_motorSelectiveStop,-0.028507500707892385,0.16655194116207594,0.1228841610601581,-0.8286468030174481,-0.5349844972530826,-0.40400156303791757,0
sub-s495_rest,0.19125828912937845,0.5152440724976972,-0.025711026462249827,-0.3675909230767412,-0.1158382990640294,-0.32079132475343863,0
sub-s495_discountFix,-1.0331485352740315,0.2780511152082971,0.018020453562072106,-0.5377631580119117,-0.7915762996836332,-0.5117939241644485,0
sub-s609_motorSelectiveStop,-1.7554492496830194,-0.9069806721010755,0.6016365872753684,1.0706282745460363,-1.0576029224712202,0.2042814546867931,0
sub-s609_surveyMedley,-0.06886191715082475,-0.9969163592516959,0.5341301574818477,-0.0853120479411731,0.28192289829296696,0.2416288814464924,0
sub-s609_discountFix,-0.5883981324296289,-1.330007472543178,0.24697036551662704,-0.1629074676236978,-0.7578603771482035,0.08233064570760074,0
sub-s609_rest,-0.5539963836327411,-1.494690975429793,0.38283161210980754,0.3462608056958283,-0.37140506010636554,-0.010314935335881755,0
sub-s609_stroop,1.0684704854848057,-1.2910034286842185,0.44519754887141705,-0.43351759525143085,0.8292689939915662,0.35667494909836556,0
sub-s609_DPX,-1.6148402468132206,-0.9874127214903967,0.5049600177825131,-0.03109903007762046,-1.3471534941423136,0.08447817029128231,0
sub-s609_twoByTwo,-1.3636090030073404,-2.1262077041661516,0.4465960088591732,-0.2117424468018152,-2.2621622933044745,0.09632034654841536,0
sub-s609_stopSignal,1.148125467577717,-1.8156665433551733,0.4030821624754783,-0.47617326354830564,1.1750221567641121,0.6788074100632101,0
sub-s609_CCTHot,0.03652927496814594,-1.7026827781791212,0.3032206387797429,-0.239442199439969,0.03555607344724126,0.5207515326915018,0
sub-s609_WATT3,0.7162398076933504,-1.6773949612830907,0.3113101467405875,-0.5462024202137205,0.4325574896658206,0.7028192947918837,0
sub-s609_rest,-0.7826716139034786,-2.1955130164290955,0.5394984539506812,-0.35407668288202604,3.054514432490337,0.4509850579116569,0
sub-s636_WATT3,0.04031005638022084,0.05827408222503087,-1.2472123778367303,0.9862783460134389,0.7073904850054843,3.102354560127253,0
sub-s636_twoByTwo,0.34426837728725534,0.14351167606791387,-1.3170154866259771,0.6578092524944911,0.07522789263217673,2.4134706944050106,0
sub-s636_CCTHot,-0.5420672083285144,0.06940631054788753,-1.248426538516145,2.7836015821445925,0.611790687703683,2.352187153041814,0
sub-s636_stopSignal,0.7704055378346532,0.04495930525144301,-1.277569332763231,0.2762804557302452,0.44241698573422583,2.338885118914751,0
sub-s636_ANT,-0.04476761155044572,0.0814052157690944,-1.3383820026379847,0.4549561035048133,1.584673197336443,2.353862850112944,0
sub-s636_rest,0.5788748803213498,0.20963903035625805,-1.30873557747902,0.5469198934548761,0.2055326126689494,3.406749114039126,0
sub-s636_rest,0.8595421206523329,0.8147656458548305,-1.4021424444665656,0.1329300977990659,-0.22602615681168023,2.52211599771754,0
sub-s636_surveyMedley,0.2557650829971275,0.6039382121024397,-1.296803581486216,0.7284095660636418,0.4353722893781625,2.6298242872111564,0
sub-s636_discountFix,-0.7573846964138582,0.7094706638910724,-1.3686308187305856,1.8906764673224106,1.848954730701651,2.1807211710059384,0
sub-s636_stroop,1.493224925328224,0.49530673115598095,-1.3621961061229033,0.030476937705681644,1.1957432964780934,2.7483514034625127,0
sub-s636_DPX,0.14040020785157414,0.49087576074142275,-1.2634280050250641,0.15277481936079493,0.18600805098172934,2.478131892862221,0
sub-s636_motorSelectiveStop,0.3105090862533571,0.39613648762910636,-1.2053727059180197,0.23706102048167568,-0.16197636485314182,2.5240630786234646,0
sub-s631_DPX,-1.0709196724530303,0.24776854369382403,-0.28095754567523373,-0.19621671248716088,-1.0522362697050693,-0.6489231344243476,0
sub-s631_motorSelectiveStop,-0.9364656716912643,0.3193526233882775,-0.3073576588603641,0.5006985138635558,-0.40092771858637877,-0.5031577901959,0
sub-s631_rest,-1.2038072621608844,0.5614078289478744,-0.40560195895034434,0.09099585624940455,-0.9527529288220066,-0.5432439598267619,0
sub-s631_surveyMedley,-0.506902579143224,0.4613243707587376,-0.22955781325199914,0.6252497301056261,-0.08529290599165874,-0.4896249741537081,0
sub-s631_stroop,-0.024149668745615593,0.4683958877989178,-0.2944311697880254,0.2574194912858498,0.2527020876055317,-0.497283341447173,0
sub-s631_discountFix,-0.42412638930737756,0.47466323164955465,-0.38006831240921624,-0.19098173329132326,-0.6130740158257845,-0.6041358964294608,0
sub-s631_twoByTwo,-1.1749504556742527,0.39665620347423347,-0.4031029010084251,0.910058611641033,-0.803798188949706,-0.5652320879053088,0
sub-s631_ANT,-2.044370635754867,0.27955643723788715,-0.38208441802504833,1.882657168001209,-0.8118401144172386,-0.5103440281038043,0
sub-s631_rest,-1.96143551250477,0.5594681010469912,-0.4003505021411266,1.7032234596744067,-0.3377785093780268,-0.6571935492428919,0
sub-s631_CCTHot,-2.419977668011943,0.31130418194449083,-0.32294117671033523,6.284491499592385,-0.6396929613218973,-0.48261397352733687,0
sub-s631_WATT3,-1.1230984292750197,0.2486052567817113,-0.38145660260068304,1.738713080839638,0.6665238951722471,-0.45598651011503827,0
sub-s631_stopSignal,-2.0630257508937033,0.40941881909764954,-0.2851023026525167,4.960574830712331,-0.01588733299316239,-0.4690502155017563,0
sub-s638_stopSignal,0.5444052791822243,0.9027348191611035,-0.7534053761764167,-0.3057447207307636,0.00039078514790698033,0.020068130177285936,0
sub-s638_ANT,0.33707113875115674,0.9520342453057498,-0.7395280111508702,-0.1994572806394504,-0.06608068607968194,0.08431093264447889,0
sub-s638_twoByTwo,-0.5137281580029215,0.7809968710052105,-0.6810400437105107,-0.020780957921335472,-0.47492037686849703,0.014311411901940473,0
sub-s638_rest,-0.20723607170331612,0.8366291664170767,-0.6237992322886449,-0.2539753048772867,-0.22059157597882512,0.11789611609711836,0
sub-s638_CCTHot,-0.10068283181322912,0.8811619882103383,-0.793368042693015,0.01948636034098009,-0.1403408435386537,0.05888069758456725,0
sub-s638_WATT3,-0.0733860179157021,0.8325908155282987,-0.737578574199616,0.25707645250535277,0.19027402346058733,-0.0007283541995343052,0
sub-s638_surveyMedley,0.6677730630176539,0.5977971388556473,-0.44769745774464514,-0.2732524698967598,-0.023832190519866063,0.36438493667631316,0
sub-s638_DPX,-1.7407387396294087,1.1968856936594054,-0.27022569864250995,1.4100862782960237,-0.2508371838465073,-0.04443881117249365,0
sub-s638_rest,0.10628515048269974,0.5810252751395028,-0.41482494720669155,-0.26993027935649366,-0.07536446322675688,0.4397781734012708,0
sub-s638_motorSelectiveStop,-1.9016111415337864,1.207161075002478,-0.3328280266690129,1.6420352081291332,0.09358747789560705,-0.06649576629701735,0
sub-s638_stroop,1.4107274802496783,1.3958919218748436,-0.24328071037165835,-0.5204577316169048,0.1673826860638249,-0.003678106303757598,0
sub-s638_discountFix,-0.45022570105676313,0.6841883185159771,-0.4009021570910449,-0.12399868497235407,-0.30668540039640185,0.35082238614276723,0
sub-s607_rest,1.916328902792887,0.8076816244578109,-0.6175914756348563,-0.8902159977622556,-0.10519638384286031,2.5341791450170197,0
sub-s607_surveyMedley,2.197258994539746,0.6005771860890806,-0.5693683355819924,-0.7869230511317217,0.15344610886516108,2.2061047666860105,0
sub-s607_DPX,0.926618134289678,0.489141277646213,-0.46411772383389865,-0.9004168254001326,-0.5877077471551072,1.6947164944748276,0
sub-s607_motorSelectiveStop,1.2127551292003291,0.6299429841486387,-0.551317286158602,-0.8197437242916025,-0.23088761009511888,1.9952769593035775,0
sub-s607_discountFix,1.2370456564390713,0.6617206940612271,-0.5302128118976958,-0.8018697340017276,-0.49093046132242935,2.2006336202768675,0
sub-s607_stroop,2.677632182700134,0.6030284262239727,-0.5344018639877132,-0.7554767318577917,0.5301935914291379,1.9824542995142829,0
sub-s607_WATT3,0.12182883839640073,-0.20530413483702445,0.704514924541969,-0.7874190935139858,0.03203925626613503,0.09092753618502213,1
sub-s607_rest,-0.30062962489345996,0.08653099181975286,0.358137312755901,-0.7056903607300977,-0.5971965627502274,0.31040340151984613,0
sub-s607_twoByTwo,-0.41669502962644067,-0.0680101732153897,0.5802366239333351,-0.8110954666488206,-0.5198057313822879,0.08310404435581444,1
sub-s607_stopSignal,1.0693965782639963,0.045758334831951124,0.31090358088442105,-0.8438497040605207,-0.38296520170052645,0.28910082704398987,1
sub-s607_CCTHot,0.34692501043468904,-0.16193415465677655,0.5937050501502493,-0.8759120719059863,-0.4896791737399075,0.04783440951479384,1
sub-s600_discountFix,-3.160100319699677,-1.5210022668586411,1.6934672730544984,3.641507729690479,-2.078650102477131,-0.9359778008451816,0
sub-s600_rest,-0.8299579723371843,-1.6951489666856108,1.3915346090014342,0.3744567798531425,0.6365128928414838,-0.7219263670714091,0
sub-s600_motorSelectiveStop,-2.0586401055839327,-1.8008443775647884,1.6742703135845773,0.6055564345948502,-0.932179757708684,-0.9114031493600943,0
sub-s585_discountFix,-0.32971994124256787,0.7182580691121357,-0.842824779035985,-0.6515852593248174,-0.9065507844181061,0.5996969091094846,0
sub-s585_stroop,1.6149489708908857,0.8076361335124802,-0.9275687875473441,-0.7254477931465124,0.3970347403988691,0.8221721846584581,0
sub-s585_motorSelectiveStop,-0.1829021434168363,0.6559356039138035,-0.9155700098922286,-0.7153135818981874,-0.5150990707856116,0.8993221713573735,0
sub-s585_DPX,0.21028995420351587,0.626648226157502,-0.8087074854320033,-0.8540346509157574,-0.5168942644364498,0.33765015740943216,0
sub-s585_rest,0.9735420022824194,0.6309822113456184,-0.9241982910610234,-1.0083859258161894,0.07610675153850723,0.8729360554155069,0
sub-s585_surveyMedley,1.1524985815990565,0.7068724022342054,-0.8739128293180675,-0.505389041798293,0.2742360994795282,0.667995828257678,0
sub-s585_CCTHot,0.7647890754879847,0.6080019639097487,-1.1156486611606682,-0.5948334808360838,0.6484453520824106,0.9988578528872546,0
sub-s585_rest,0.8009525400536033,0.5083167419313032,-1.0188631618497654,-0.921510032908384,-0.1335046814881369,1.0839344210478385,0
sub-s585_stopSignal,1.352085940650136,0.677757662908243,-1.0637069915928525,-0.9544678401001933,0.249564040506018,0.9126912212923617,0
sub-s585_twoByTwo,-0.7959098503870038,0.5382330989450339,-1.0579100947092217,-0.598434638758505,-0.8846269819033495,0.640962496585222,0
sub-s585_ANT,0.9833170185411889,0.5695813073082354,-1.0281201624248184,-0.7518570760637258,-0.4132321044275027,0.6880589121599334,0
sub-s585_WATT3,0.6375310906975923,0.6186389261109334,-1.1400709749626634,-0.5819628728565593,0.01475768831426089,1.1098529356992748,0
sub-s582_rest,-0.10793508576195292,1.361170661899777,-0.22547836896644863,0.2866547277201016,-0.3415803899763519,-0.4717892602459276,0
sub-s582_surveyMedley,0.9382759002249549,1.2812098406545416,-0.23334233344510313,-0.3408351498563907,0.07079591482216616,-0.4777136689775895,0
sub-s582_motorSelectiveStop,-1.9449046035756283,1.2895338130219,0.14695923281767592,0.8193486474787629,-0.98017201185377,-0.8234865599339386,0
sub-s582_stroop,-0.06160232781375094,1.4515796985894145,0.10748708947552063,0.013046068941998388,-0.028921248162417486,-0.6568857897105523,0
sub-s582_DPX,-1.266748561898266,1.5010276901261355,-0.0806543679042365,0.7047940699809734,-1.1503150113992988,-0.6981771873285311,0
sub-s582_discountFix,-0.0407979438883577,1.3259703748476406,-0.2176977968173849,-0.21261956177831362,0.010908389281934015,-0.6102256561016218,0
sub-s582_twoByTwo,-1.83374565672527,0.7311218081477435,-0.4300197528428751,1.330045883445736,-1.2124847352845092,-0.9228039118102989,1
sub-s582_stopSignal,0.009632239735696354,0.5410070961356651,-0.6333052798750914,-0.03806417042305353,0.06309713255226239,-0.9106247698072375,1
sub-s582_ANT,-1.184767650416035,0.6288608169878425,-0.3889691441186082,1.8177628437721738,1.2030815902011776,-0.8055640575361654,1
sub-s582_WATT3,0.3748318841299931,0.3213892921164284,-0.7141392277080205,-0.00013869418033710468,0.16136306780312573,-0.7971478380544332,1
sub-s582_CCTHot,-0.6326635334278491,0.6922674374871667,-0.565004249998036,0.4215132446724238,3.1248391448795045,-0.8524414642430864,1
sub-s582_rest,0.10258505834247511,0.38246678476747964,-0.5369374201985436,0.46242469579651413,-0.0344040722166621,-0.7894138515722964,0
sub-s549_stroop,2.5957851420552904,0.87937819843391,-0.3989945293023193,-0.8883138636178977,0.38497263487368144,0.838710901184486,0
sub-s549_rest,1.1617821268383743,1.0208521961791888,-0.11575056090009374,-0.8152218982543828,0.2162046097443802,0.9806410243060277,0
sub-s549_discountFix,0.04253023392082812,0.8957709987506952,-0.3772808842435798,-0.5370137542710549,0.5620032590835634,0.6113735080213619,0
sub-s549_DPX,-0.1512181560036324,0.7633116691195623,-0.267856362102169,-0.7138487074555281,-0.11187220806297872,0.6573966141137455,0
sub-s549_motorSelectiveStop,0.26689470097120155,0.7884253422491174,-0.26737137581682285,-0.7063274728856741,0.5348692574821738,0.8247266340578274,0
sub-s549_surveyMedley,1.2914595672195497,0.7804672629392841,-0.3620058502144311,-0.7888333069284763,0.09114254494228091,0.7407965795841739,0
sub-s549_CCTHot,-0.6807775681803819,0.12568270928809422,0.10163923061269865,-0.27399696859153044,0.14878203414963745,0.39878608287138884,0
sub-s549_ANT,-0.4486388120437079,0.08541450019676224,0.10108418573068215,-0.1136013762517096,0.32107340133842194,0.2613706215310181,0
sub-s549_stopSignal,1.2606228171607736,0.2086370863049779,-0.13188912363208727,-0.4825366481552601,0.3136414668271956,0.615745081996423,0
sub-s549_WATT3,1.1205523540523392,0.07484363449374926,-0.08964943972592171,-0.6550368289262748,0.14697968738849204,0.38332807171640115,0
sub-s549_rest,1.5117498373238472,0.014203323482170599,0.19742424796403513,-0.6062629161034061,0.010979665323050633,0.5686713068973618,0
sub-s549_twoByTwo,0.7640225274054072,0.013362335741429641,-0.057321691275961824,-0.5224130983616438,0.5900897299424769,0.31980387794634824,0
sub-s525_DPX,-0.2376846574619035,-0.2002480378942499,-0.6587253636909742,-0.6501801185979922,-0.18249703532843048,-0.5696067560787087,0
sub-s525_surveyMedley,0.10674300097221374,0.03168774271803093,-0.6430018416453901,-0.6693667311260233,1.4290736368604766,-0.6127087125344406,0
sub-s525_motorSelectiveStop,-0.35190582330721565,0.14862502135798694,-0.9034906648509348,-0.7869978474728199,0.9773204224861674,-0.6670675889517458,0
sub-s525_rest,0.3023606923612054,-0.1317147349267552,-0.7994487898909043,-0.8194994317992683,0.45634139046159544,-0.5347539323944098,0
sub-s525_stroop,0.860470047278611,-0.11988115267156264,-0.7091386258739826,-0.7738338583741738,1.2542681544695178,-0.5506812051413758,0
sub-s525_discountFix,0.0060140594320458466,0.29632503427427415,-0.9278354622056434,-0.7204059314682743,0.8128026938710969,-0.6142236622284533,0
sub-s525_stopSignal,0.34102919204835724,0.5313760338056842,-0.39135565631490865,-0.759405036715449,2.018724192653157,-0.5146999046824146,0
sub-s525_WATT3,-0.25733249515744294,0.6004321302398341,-0.3407887172101663,-0.5276560502536345,0.5516996426245805,-0.5185605585903009,0
sub-s525_ANT,0.5364133735748731,0.5917136044770805,-0.36458445856289606,-0.8134928030243384,1.7500590274103431,-0.5666354955226177,0
sub-s525_CCTHot,0.05835022146238001,0.5086063093137242,-0.35054720174010495,-0.652384093476983,0.6552560940794986,-0.4871636525775136,0
sub-s525_rest,-0.11999690933884248,1.026434248426295,-0.7068983327487998,-0.8044532862594439,-0.24577081983362448,-0.5243613503249123,0
sub-s525_twoByTwo,-0.1943337348779863,0.46209745858236695,-0.2951197779946651,-0.7727286935031354,0.18247671852287986,-0.5827008751710503,0
sub-s373_rest,-2.623145919142559,-2.823725720299256,3.9659869007125264,-0.5315660398372172,-0.8384432701557786,-1.6779054898236452,0
sub-s373_stopSignal,-3.2754092625090614,-2.9636081671358214,5.538450295043343,-0.6154472964653886,-2.8390981367336563,-1.7289087647436328,1
sub-s373_ANT,-1.5202152653038166,-2.961693336793284,4.236373308661723,-0.6681766938310753,0.09775416496308151,-1.688703591112634,1
sub-s373_twoByTwo,-2.43132306865998,-2.823289494245903,4.1342500222708605,-0.5956308711822141,-0.5996206928905506,-1.7142807534259845,1
sub-s373_WATT3,-2.3707000572823875,-2.7914732355597036,4.07019702930231,-0.43101187693739296,-0.014134366604945827,-1.710978394780571,1
sub-s373_CCTHot,-3.0505401818684423,-2.961507453470473,4.829823861383932,-0.6161395709828225,-2.6493777214977063,-1.7228065433763324,1
sub-s373_DPX,-1.437408205708663,-0.6777933906559163,1.465303373355501,0.6901965859579673,-0.11164207482499354,-1.2023584678624635,0
sub-s373_discountFix,-1.2520753400687683,-0.6808018534197445,1.3890511447471616,0.5739970034597384,-0.1879830072843803,-1.1965923537897232,0
sub-s373_surveyMedley,-1.090581264001726,-0.607227128770281,1.302420300030602,0.2171313828235029,0.16656478881811626,-1.1659098679860804,0
sub-s373_rest,0.014580570460148944,-0.5402365673343522,1.1668946567150187,-0.5303285497303283,-0.1650208267660172,-1.0559022117854213,0
sub-s373_motorSelectiveStop,-1.3151022193369,-0.6612804649677781,1.2881703814675944,0.1581977664750718,-0.1707246619776969,-1.2013287790298885,0
sub-s373_stroop,0.8503111456961902,-0.5399826304836522,1.2168595438793317,-0.42158004133136934,0.13553912388866324,-1.0681802171988224,0
sub-s513_rest,2.3391137908643236,-0.8533115830052082,-0.053313887555394034,-0.7553944755983625,0.2604942141336806,0.8383018632577376,0
sub-s513_stopSignal,1.1476046550048653,-0.8527798015556426,-0.1736218996920034,-0.288916902899004,1.0964954863018512,0.728710489936035,0
sub-s513_WATT3,0.9358894538817447,-1.1041982059613837,-0.14643509626490148,-0.39586034054805486,-0.44797168717124775,0.6996224596300636,0
sub-s513_ANT,0.4180312086880098,-1.169148756039245,-0.27913444019345873,-0.2592803361284483,0.9766509091445368,0.9064659961075596,0
sub-s513_CCTHot,0.3536240538453485,-1.0797513591299597,-0.31668720398229305,-0.4972674518061765,0.05411108323709517,0.7623267663085677,0
sub-s513_twoByTwo,0.7835303814399337,-0.9423457869311754,-0.23555324715877277,0.007250417417769086,0.3912870553959672,0.9241065491152347,0
sub-s513_surveyMedley,-0.42820853292416594,0.5442669949561173,-0.20782676654182747,0.10222329794991879,-0.06048757877131122,0.43888794989870167,0
sub-s513_rest,-0.3774445891301869,0.5104232445236044,-0.536044625081925,-0.2874634073420133,1.9625294994055258,0.6325284665959783,0
sub-s513_DPX,-1.1230486097624768,0.8283836197515768,-0.26850519510553833,-0.38745279257882204,-1.1287953090279832,0.061165423450689545,0
sub-s513_motorSelectiveStop,-0.1453388422410881,0.3443361552206055,-0.16231602415751858,-0.47747197851175405,1.8627324920637272,0.6249196064759353,0
sub-s513_discountFix,0.23576820307259946,0.39493327616480695,-0.14959134904269344,-0.1769458049627227,0.04668640997361029,0.7994185066299231,0
sub-s513_stroop,2.1185368293320126,0.4398235710164877,-0.16646552703973358,-0.547972212133663,0.5065447650154367,0.9328856199533887,0
sub-s577_rest,0.6541310745336967,-1.0408579920268513,0.8022281352700887,-0.8717157432355275,0.018266401403961706,-0.660951038050065,0
sub-s577_CCTHot,0.9490057395339514,-1.0253166562612592,0.7863942144358844,-0.8657864172777295,0.2696284374256819,-0.6178191961664748,0
sub-s577_ANT,1.2681580948433357,-1.142822852487285,0.8343106786316996,-0.9451787774263416,-0.0779477220974928,-0.6472836621142584,0
sub-s577_stopSignal,1.2523344396076088,-0.7045202120069214,0.7271696147508401,-0.8350119257942004,0.22819147383930172,-0.6477015298265104,0
sub-s577_twoByTwo,-0.5590791964769452,-0.9716080053020486,0.9622684115384351,-0.6482662767670996,-0.059426823436298765,-0.7779005659581097,0
sub-s577_WATT3,0.6899607789293892,-0.6941292709576059,0.8021273412890717,-0.7121562755114151,0.07532312281905502,-0.6982393731683172,0
sub-s577_DPX,0.43524553129842874,-0.31939043613637996,0.5702259284553837,-0.4492669560032923,-0.07081333122040034,-0.6647107154365512,0
sub-s577_stroop,1.1940963463673178,-0.33157122338235007,0.5768891789852715,-0.3203982967331046,0.46126625687635814,-0.6829406754936553,0
sub-s577_motorSelectiveStop,-0.32620995791708135,-0.3745391939560248,0.5846815028989433,-0.2863524921090838,-0.6876276385525527,-0.6664129018641917,0
sub-s577_discountFix,0.2565481357034926,-0.2673765419152234,0.5796291481015544,-0.33497480408516733,0.11116032781079029,-0.6661231792441202,0
sub-s577_rest,0.20723170854391834,-0.266460277759296,0.5135401619155342,0.6059749974802882,0.5866224157085489,-0.5692753749834407,0
sub-s577_surveyMedley,1.1381444491627843,-0.29301933353776344,0.4988163308453629,-0.5365003870962187,0.29838806024492387,-0.6837805616720286,0
sub-s583_discountFix,-0.3653803204238473,0.022952432715063295,0.2615346437827668,-0.202277743086663,-0.6775571841791181,-0.35047766736259495,0
sub-s583_DPX,-0.8107575933309957,-0.012289007786051291,0.2910198211716468,-0.25093364408972507,-1.1668132215920175,-0.4814576489676247,0
sub-s583_surveyMedley,0.4479021326140328,-0.018351677721924222,0.2732554470059274,-0.2430054348585968,0.10858507863856352,-0.30690244949751994,0
sub-s583_rest,-0.1364648561846465,0.0370936582618032,0.2131589567855348,-0.33733448599577104,-0.320047763594687,-0.2459215358255155,0
sub-s583_motorSelectiveStop,-0.2888098691321212,0.00881654274602591,0.2999052851888652,-0.27479285117569124,-0.7720030881322664,-0.4036332779673396,0
sub-s583_stroop,1.3950749840754522,0.031298190253299295,0.22926000426898466,-0.4723862146787712,0.14861976457799303,-0.26432175225950977,0
sub-s583_rest,0.3873808997497968,-0.3257162210335295,0.31300398281173053,-0.39797292414887503,-0.5415025129022994,0.1631053725581265,0
sub-s583_WATT3,0.9454786403023149,-0.2878288143106168,0.26694407142770327,-0.3299754608380471,0.7261620577379915,0.14641979481338044,0
sub-s583_stopSignal,1.56552006777661,-0.3499783008572158,0.33166736696957344,-0.49909813792799684,0.05476720083985025,-0.006689289565245328,0
sub-s583_ANT,1.1437749710037903,-0.4083413186794916,0.4500569035347485,-0.3876086969900614,-0.06494455404526457,-0.023997782263382866,0
sub-s583_CCTHot,1.0207268878439493,-0.4896319009699596,0.3089977610594755,-0.2848474681340105,-0.0807585451372793,-0.0435541723205849,0
sub-s583_twoByTwo,0.48114672389870317,-0.46092134713356697,0.3399842263763877,-0.3703681319424282,0.25607258935669625,-0.07530940159466412,0
sub-s548_DPX,-0.1109499303738128,-0.6171443788759551,0.20646293691204115,-0.7169359163092215,-0.7149717041913926,-0.950117758976062,0
sub-s548_stroop,1.5543788354376495,-0.6333438002448111,0.17507894555788536,-0.7341121158162162,0.44660354715602163,-0.9183312103773332,0
sub-s548_motorSelectiveStop,-0.10253990763051021,-0.6403383147291111,0.21819345794054484,-0.644809904230862,-0.7258511654720107,-0.8933835193217813,0
sub-s548_discountFix,-0.5128998704017312,-0.7155428205883002,0.2654902425490309,-0.5497909220106066,-0.13336983120736862,-0.9951031766011409,0
sub-s548_rest,-0.07773223551309134,-0.5899987413563333,0.2441343483242651,-0.6369048372456261,-0.03576446797240366,-0.8982389202614889,0
sub-s548_surveyMedley,0.31899979826850994,-0.6377104306504522,0.22696027433437327,-0.48592820435822043,-0.4792393237117573,-0.852727187045793,0
sub-s548_WATT3,0.2987791889993061,-0.273714134001684,-0.511345240829874,-0.0980963210213556,0.6242951538567968,-0.763881507967202,0
sub-s548_CCTHot,0.2067274005948542,-0.29428242293571233,-0.5843205350777664,-0.15517482968867785,-0.2117276842415667,-0.781690430645463,0
sub-s548_twoByTwo,-0.1392743099227057,-0.18720452444600824,-0.5107191203715549,-0.4332729148467748,-0.8575499114753116,-0.7443797569245693,0
sub-s548_ANT,0.7808804723984875,-0.17668542319865638,-0.49470406416562834,-0.39877213131443445,0.3911535762720559,-0.7089997120306275,0
sub-s548_rest,0.27074333472551415,-0.21384923909529002,-0.43784281214089354,-0.5936664773487513,0.04923188951417877,-0.7276723688549468,0
sub-s548_stopSignal,0.882113110605357,-0.2752258725193614,-0.47046921360860544,-0.4197209061534157,0.5692978506073528,-0.7521172149463059,0
sub-s584_rest,1.014126872176015,1.0680552930923852,-0.583389659723924,-0.2672719648450717,0.2915930800606585,0.013831584754658795,0
sub-s584_motorSelectiveStop,0.20350961023864364,1.2180687110595918,-0.5462884348904168,-0.008423329440231405,0.48064510582698056,-0.0033993265802504387,0
sub-s584_stroop,1.2162394386665905,1.2559057516008867,-0.5777258741739696,-0.32367894175198036,0.6272532818952,-0.06451427186810453,0
sub-s584_surveyMedley,0.6803697586617328,1.275649970324769,-0.6957401452560052,0.025469297630359156,0.14194446575816658,0.011138726580814053,0
sub-s584_DPX,0.10387608669207934,0.7868671900394522,-0.5150339389423717,-0.17285331647350619,0.098584199983829,-0.000314184431638449,0
sub-s584_discountFix,0.3538875165435869,1.2968023700407936,-0.6685563927677886,0.09261084723501956,0.1643979068380988,-0.08398523186385283,0
sub-s584_twoByTwo,-0.29517087339631704,2.320109185084945,-1.051848783122024,0.2122295549361516,-0.10179593629756524,-0.11556869539599857,0
sub-s584_WATT3,-1.3142751543004347,1.5389184612083802,-0.6865145580517189,1.1581972942962144,-0.36280186906090256,-0.030316286207864036,0
sub-s584_CCTHot,-0.1760025993912762,2.1714655790154134,-1.2332682311488725,0.24901672114327547,0.4787142844042345,0.29828229460270156,0
sub-s584_stopSignal,-0.3100458184054409,1.4740715729340201,-0.7116646902749373,0.44470919249805313,0.6408193083703269,0.07027625272537237,0
sub-s584_ANT,-0.1735696955885182,2.2424440591352064,-1.080452465167947,0.3340910200819602,0.4219854257678963,0.0018230764697483304,0
sub-s584_rest,0.6833998853326552,1.461676097885233,-0.9272090027541176,0.026948512402714255,1.3471425317023056,0.3400203133370082,0
sub-s570_ANT,-0.09076171906982158,0.6729463026796464,0.49736679588067595,-0.4841728368543653,-0.4441566483674845,-0.487306136637606,0
sub-s570_stopSignal,0.6547460245903738,0.79570332599833,0.5034989570487034,-0.4502628298801144,0.3472713312499485,-0.34644494583976637,0
sub-s570_rest,-0.31455585967598065,0.76709220044699,0.5952332315395833,-0.49195792657039616,0.42517773269617787,-0.391481983749328,0
sub-s570_twoByTwo,-0.3486556349857925,0.6884148472887553,0.4974083790477314,-0.027776125545713366,-0.3508678450066298,-0.3924280537585012,0
sub-s570_WATT3,-0.374410183482727,0.7449458043541523,0.4341714557326666,-0.13700098505856517,0.2529471275468384,-0.5097076798015271,0
sub-s570_CCTHot,-0.6115370036974173,0.7117761294245051,0.49172188095272684,-0.06576370145618317,0.2838681189992125,-0.49054176248104026,0
sub-s570_rest,0.5544296986448947,0.661416869925498,0.9086982185912148,-0.531316173507971,0.03839721210879545,-0.1687522292540453,0
sub-s570_discountFix,-1.0450144428537391,0.8895373259803677,1.0741020454234569,0.6398795545636472,-0.3918294656291345,-0.12707684916903775,0
sub-s570_DPX,-0.7385999894141715,0.6129186630730971,1.4323279218795315,0.45119752981248185,0.19563739574480768,-0.054863844590423275,0
sub-s570_surveyMedley,0.2208064559680004,0.5706653447817915,1.471932046578003,-0.11697408442126332,0.525149346539137,-0.003953414487665048,0
sub-s570_motorSelectiveStop,-0.06291230591659273,0.7221794713256274,1.0338079565455067,-0.15412182398999694,0.6342320380890694,-0.27946626829499316,0
sub-s570_stroop,-0.30473438595766095,0.64550424320559,1.4644529523900975,0.9544022962571259,6.356413674101942,-0.05466702338877014,0
sub-s546_twoByTwo,-0.45790952035341337,-0.018504684115258064,-0.06718232575975717,-0.7317950508934415,-0.382795513286842,0.5812719390887794,0
sub-s546_ANT,-0.10102698378331776,-0.030518640530614875,-0.14539235315185997,-0.5327005412574569,-0.12456020676663224,0.7950878364475368,0
sub-s546_stopSignal,0.019298447733940557,-0.014378489540511283,-0.1280239230550714,-0.6110375665488768,0.1161215194147942,0.808883734816785,0
sub-s546_WATT3,-0.328531608329864,-0.07370873439772267,-0.13287694984515253,-0.5666471893759696,-0.3422247804642251,0.8781542322433843,0
sub-s546_rest,0.1367037834055234,-0.05850631005881868,-0.1479944650295288,-0.8050673856294477,-0.46628731253018346,0.9669616489181263,0
sub-s546_CCTHot,-0.8983528276716268,-0.05112074763754797,-0.13551273504832007,-0.5116414428703628,-1.1211262414191798,0.5783205266830084,0
sub-s546_DPX,-0.8782899292519485,0.5944946974652592,-0.2620909915870381,-0.3129461311612921,-0.15397802133440122,0.6584940734367669,0
sub-s546_rest,0.18351334159647806,0.4952606793257978,-0.3177245232039768,-0.825877193947636,-0.18908343399562183,0.768209969374546,0
sub-s546_discountFix,-0.42616868368049676,0.49966596476796715,-0.21361631857257535,-0.29578675896022877,0.14639464209593145,0.4853545074408222,0
sub-s546_surveyMedley,-0.3124371550075487,0.4590608813922356,-0.22173113802640929,0.3095055894647399,-0.09526966231453486,0.6287773925902392,0
sub-s546_motorSelectiveStop,-0.9287751282886266,0.48519773025616003,-0.2657837576180542,0.3202888015637813,-0.2860394939241485,0.6194347248448976,0
sub-s546_stroop,-0.2626176424636353,0.5307659426424483,-0.2919822828411446,-0.4717189174453468,-0.5827264973066966,0.6742236193630537,0
sub-s579_CCTHot,-0.5163218290670174,0.9129199375649218,-0.6752490227091839,0.2178753596751194,-0.20628857024399977,1.3954812521541409,0
sub-s579_WATT3,0.23613497249010065,0.9055366507165589,-0.887912005903635,0.06848226766673887,0.4477012523837355,1.4175849975950086,0
sub-s579_rest,0.15721597436164067,0.9712999940611627,-0.8856141969305429,-0.28256910985356687,-0.06124587639667359,1.3512465927016253,0
sub-s579_ANT,0.7697551334009509,1.0330396874638959,-0.7196607491076358,-0.42529963044709057,0.4390804400569926,1.3070095182650403,0
sub-s579_twoByTwo,-0.5032703393452371,0.8391976020060535,-0.6374554607437319,-0.036537158548511556,-0.614505745603608,1.1656764999546487,0
sub-s579_stopSignal,-0.7149947097037941,0.9683842473310325,-0.6792229271087796,0.5999456116548644,-0.15928103091241588,1.2445522946441332,0
sub-s579_discountFix,-0.9470763109395741,0.7169683203792571,-0.17161641586341325,0.06661348026388555,-0.5853075157787985,0.5042731907672079,0
sub-s579_stroop,0.11607178110635684,0.8433765490315688,-0.1184652185233809,0.06545671303233894,0.11992758222046145,0.8606492202166023,0
sub-s579_motorSelectiveStop,-0.7937908400773901,0.75611755743969,-0.3732369212473139,0.407646918218966,0.1366642809852698,0.5456319060661201,0
sub-s579_DPX,-1.798541294186417,0.8061552028481506,-0.033333853771067526,1.7813576355724823,0.40663927728591703,0.5378269794269457,0
sub-s579_rest,-0.28967911265159907,0.8777438096208583,-0.47004987900820455,0.16270476349911384,0.6494567615408364,0.7146676594456944,0
sub-s579_surveyMedley,0.5169018518461715,0.8575845184792975,-0.17167969459589252,-0.16213135198588885,0.4738484914335512,0.7775296947712288,0
sub-s541_ANT,1.4992240504338188,1.5699626778231668,-1.1570842531734176,-0.7035089298356171,0.1835871373684499,-0.23424795564372491,0
sub-s541_WATT3,0.5621783138719701,1.5889520169711422,-1.1816358363860444,-0.5158953923673669,-0.2679318593203175,-0.22924350490598622,0
sub-s541_rest,0.5870507819198142,1.721680736687176,-1.116191841280349,-0.6483738963997949,-0.26994279974795105,0.08403668101610179,0
sub-s541_CCTHot,0.5303573992095657,1.6187468341959745,-1.1853044209014312,-0.7019932212175733,-0.4199758133890639,0.04482956558648819,0
sub-s541_stopSignal,1.3595900429322108,1.6058911463724572,-1.1885465519590133,-0.7359682369030087,0.2193332185913577,-0.2261256095359335,0
sub-s541_twoByTwo,0.20536546349119975,1.6332161936341603,-1.2149268905402457,-0.6272109543632789,-0.47145527258889214,-0.32790315096470574,0
sub-s541_motorSelectiveStop,0.9493394997038775,1.4763164330503755,-1.0143266417198094,-0.5991857004000355,-0.4162341608483495,-0.1665807057661744,0
sub-s541_DPX,-1.6258271303556504,1.5163845059345737,-0.8559211037063782,1.469328751159509,-1.5341675913423025,-0.49097510118498666,0
sub-s541_stroop,1.7599475924058114,1.5850004516843927,-0.8801601351796589,-0.5554992194743608,0.2353088321415678,-0.22784160665372066,0
sub-s541_rest,1.2916050524218252,1.4189494104258586,-1.0108774988088296,-0.555400589113602,-0.26334167673796816,-0.09494005241199908,0
sub-s541_discountFix,-0.2879198420123183,1.6851469625558515,-0.906196621648512,0.10798399799331435,0.4841882696660234,-0.3121900571173915,0
sub-s541_surveyMedley,1.2718337356890603,1.4566351438472498,-1.0465386804875252,-0.4348221088822038,0.25515833315586056,-0.16036332927959784,0
sub-s512_surveyMedley,0.2280342586222241,0.11344389835632612,-0.6174949755678305,0.19968405488244287,0.46651658190526935,2.9616222691041156,0
sub-s512_stroop,1.5491609291913324,0.023420275637306774,-0.5522602522702529,-0.29769282001428915,1.852049342352581,3.0089556549906336,0
sub-s512_DPX,-2.0145889590537696,0.2231135002213204,-0.54965938336769,2.40746510748771,0.15704329127005703,2.3054783424102356,0
sub-s512_motorSelectiveStop,-1.8177065244567612,0.3518940819021347,-0.37625057088155983,2.366972068328192,0.4228707836309044,2.0389818316258763,0
sub-s512_discountFix,-1.3938824563690708,0.29028892545321516,-0.38711485126154027,0.8172965996705386,0.27155256791127463,2.356062296854117,0
sub-s512_rest,-0.2971318672152235,0.058071326237384396,-0.5120347530184062,0.37178227174046147,0.09787075115018412,3.104590835375484,0
sub-s512_CCTHot,-0.02067941877369171,-0.4607091648133089,-1.0236857922487186,-0.45192751958148086,-0.6936873013309643,2.580266097250737,0
sub-s512_stopSignal,0.457543889317778,-0.4140012108960419,-0.9926996659250131,-0.44752401783301565,0.5807169322506539,2.64106241557794,0
sub-s512_WATT3,0.6468176923487228,-0.4149134344299301,-0.9568892142363142,-0.37587380843604545,0.00917435104722266,2.724251673688316,0
sub-s512_rest,0.7262183809788332,-0.454231131401235,-0.7053028047084742,-0.6412156745254848,-0.07017731488219468,2.706850204103508,0
sub-s512_ANT,0.7271353045225861,-0.4455479044645667,-0.993455846778117,-0.14358566642785542,0.361965813492386,3.084026642278835,0
sub-s512_twoByTwo,-0.05544304672918074,-0.3774541113159057,-0.9865907822907222,-0.2894257858693461,-0.21304571187099255,2.025526747883417,0
sub-s524_motorSelectiveStop,-1.6601863950283444,-0.7236432452437365,0.0759546190955152,0.35276872130570003,-1.1453910882482592,0.7007327485559535,0
sub-s524_stroop,-0.024208963134778286,-0.6442634272588859,-0.05807809812453928,0.18713569798391108,0.20916258378518154,1.015101035737794,0
sub-s524_surveyMedley,-0.04160239147741148,-0.7245936482615494,-0.03352075202734788,-0.3477888666325634,-0.578835643868947,0.9935886595209119,0
sub-s524_DPX,-1.100768284572822,-0.6349564331697904,0.006143035476025255,0.37928780955458363,-0.18416544688474887,0.8633078158039629,0
sub-s524_discountFix,-1.3428739996300905,-0.5989606511111574,0.054404820754793,0.4239795312046778,-0.7805980540115455,0.8464711506183773,0
sub-s524_rest,-1.0266081196364412,-0.9397836941331147,0.206720119760465,0.42305393953673465,-0.3812543097748414,0.6101433755110298,0
sub-s524_ANT,0.1005109772865058,-0.8784790842911172,-0.2904330838728066,0.330307644589412,0.41574369472947825,0.7999292757605935,0
sub-s524_CCTHot,1.511367174564921,-1.0210307738393984,-0.22540876236072496,-0.08795941837110233,0.7018788493666734,0.7685701038738898,0
sub-s524_stopSignal,1.1187912495659709,-0.9816439732321675,-0.3001371034937216,-0.09935472480390595,0.3282783134545876,0.41721407162218077,0
sub-s524_rest,0.26382361838199264,-0.9529637457784474,-0.20080305323228703,0.09877837045862686,0.016673230950653484,0.5670316836507683,0
sub-s524_twoByTwo,0.8009721010892034,-0.9263057206651681,-0.22966538709720727,-0.006535517580460641,-0.09749150880102175,0.5592581518044956,0
sub-s524_WATT3,1.412149323024858,-0.7895185805725928,-0.3041275055628509,-0.08269849475927767,0.3156699974523501,0.6298555320407058,0
sub-s558_stroop,0.7934930613839913,0.21723825645543465,-0.2995872565075834,0.21767765452285823,0.40509519004047295,0.06453945806859915,0
sub-s558_motorSelectiveStop,-0.07888817046058264,0.14038692852318188,-0.3119589266933728,-0.08904266469242801,-0.32114703397564914,0.037878637688842434,0
sub-s558_surveyMedley,0.2580940687982602,0.3072593778950495,-0.36036919099799647,0.0837478399317503,0.0991508075162818,0.10508221062507514,0
sub-s558_rest,0.21228579111708493,0.5120074388898691,-0.5158859418760879,-0.43016521498666094,-0.05646776294022567,0.21785517452165984,0
sub-s558_discountFix,-0.29530046525716747,0.2849777074250443,-0.31407944221779377,-0.0597083814582911,-0.3218312171197061,0.007578889126067783,0
sub-s558_DPX,-0.4388026675486882,0.4204117007799907,-0.40115120410243843,0.1199927891294118,-0.283708633516819,0.10541336531558662,0
sub-s558_CCTHot,0.16302682449958586,-0.08898336244918865,-0.032536993732794825,0.33174167016717826,0.00022261859954069932,-0.15675413558793394,0
sub-s558_twoByTwo,0.39694502359350314,-0.19744027540316325,0.1604873218394976,-0.1788659632943721,-0.135259806187293,-0.3464227581736291,0
sub-s558_WATT3,0.1970868664558351,-0.1825826142552649,0.08598565416605085,-0.023312857327279446,-0.47111425162598985,-0.14284171423733896,0
sub-s558_stopSignal,0.80944691976293,-0.08439450893881663,0.15540242369397606,0.23278482889670987,0.013650290900293613,-0.07565912147520884,0
sub-s558_ANT,0.9723658950169656,-0.18960411352003154,0.11828334521808977,-0.04346758830509991,0.07594165199483396,-0.1493674540022724,0
sub-s558_rest,0.49258809587765434,-0.09597027686483592,0.24191236083240766,0.16591095190411803,-0.15833634672912356,-0.011240477980465353,0
sub-s593_rest,0.06909167513626524,-2.4775890840811368,1.5187772922311686,-0.6515444624819088,-0.39762379413195315,-0.1766966212232255,0
sub-s593_surveyMedley,0.5612907318816172,-2.5221090893576017,1.2999926566581919,-0.6709920821527962,-0.33115482523251916,-0.1393959847798701,0
sub-s593_discountFix,-0.30596673120046497,-2.6422097535007394,1.4060792256614087,-0.617178710273208,-0.3317867101638374,-0.31131794599534257,0
sub-s593_motorSelectiveStop,0.5163541428493698,-2.5775115185876656,1.3219711684114452,-0.7834505574291951,0.039467762718241886,-0.2615324456593948,0
sub-s593_DPX,0.20662837285212887,-2.6470784030733796,1.3886949758815004,-0.6999793286535735,-0.1957103221607026,-0.34764700416029215,0
sub-s593_stroop,1.9228188876355694,-2.544207850451726,1.2915524037230437,-0.9032843811194037,0.399055429688823,-0.24072388636222772,0
sub-s593_ANT,0.9265661752888653,-2.227605351201505,1.3925522666169532,-0.5680056906431294,0.3230293974595548,-0.1803621142310064,0
sub-s593_WATT3,0.6109360289522175,-2.324282520152811,1.4685181589608347,-0.5888952024441675,0.416277742260562,-0.23942417212339712,0
sub-s593_stopSignal,0.360032126851457,-2.3027132556907124,1.3539533697829857,-0.5195103253518008,-0.2201869779845014,-0.08016563268514564,0
sub-s593_CCTHot,1.0759305754367803,-2.2700207448104988,1.3956777840104047,-0.6905789044306802,-0.11481244901382766,-0.27174028144758605,0
sub-s593_rest,1.2068428061902097,-2.208872921179256,1.428639449762507,-0.752960962839009,0.3210790373740643,-0.10165914183898594,0
sub-s593_twoByTwo,0.7809599391056127,-2.2412154092208203,1.3911730162444156,-0.5196380733623139,0.2628314547301104,-0.2490146776088573,0
sub-s567_CCTHot,-0.9144546163822921,0.3997894321641108,-0.6233114210598864,1.2662806847074968,1.6052943248236538,-0.3633739841660052,0
sub-s567_twoByTwo,-0.5192712664660897,0.39326264358368307,-0.5991702456264707,0.6005146001058723,-0.7976927278052292,-0.46537974158933226,0
sub-s567_stopSignal,0.17519317736046328,0.6164299696717207,-0.6752591925054731,0.688420395079591,-0.31073994888386264,-0.2586059377768391,0
sub-s567_rest,-0.6964318982016957,0.6250906746541462,-0.6640711736102248,0.5592759529259794,-0.9387953674099677,-0.1918625702423245,0
sub-s567_ANT,-0.24722555257583478,0.6234722123637099,-0.6896885514741502,1.6736101711544644,0.10959551811814756,-0.3152400310604934,0
sub-s567_WATT3,-0.5784250606854087,0.4927156550016008,-0.6364892170983449,0.7519622423345398,-0.27696378773236924,-0.2869480398783859,0
sub-s567_stroop,0.05073303194324253,0.23489015734049928,-0.9351611054672883,0.7828885112090476,-0.5595654944662909,-0.14806562665238107,0
sub-s567_rest,-0.883879800815848,0.24195923732757157,-0.9654463068310667,0.8738170400105888,0.09908642904227412,-0.18941045579289445,0
sub-s567_surveyMedley,0.18707711776986474,0.24439729357426604,-0.9225311224557089,0.5710879001648079,-0.029683831660526676,-0.07493024909577405,0
sub-s567_motorSelectiveStop,-1.2197094671801934,0.2291244277098511,-0.9676174453414662,1.583376157712275,-0.8896823903907516,-0.2555215503107488,0
sub-s567_discountFix,-0.9149094104599936,0.24692142238436354,-0.9758006284259241,1.4799273962969806,-0.032700462436184075,-0.26793411561776465,0
sub-s567_DPX,-1.0949861647059156,0.2544825566984983,-0.9301410680225588,1.5328937661984574,-1.0781641243753262,-0.28700569762304196,0
sub-s594_DPX,-0.5715340746129236,-0.4351013461834619,-0.16491971800349978,-0.7164010653095273,-0.8364796153762835,-0.9446669135267518,0
sub-s594_stroop,1.0321725387994367,-0.3879958107657482,-0.2858241321937084,-0.8931100247137397,0.4985373952032425,-0.9924094882765223,0
sub-s594_surveyMedley,0.5643825980711523,-0.3429942424875048,-0.39558629157198183,-0.7829797935061946,-0.09972520065162617,-1.0043144541194589,0
sub-s594_rest,-0.1678321993340744,-0.40228162650426563,-0.2328462733815751,-0.6663639868450776,-0.5136778328523834,-0.8958821222145466,0
sub-s594_motorSelectiveStop,0.14243761196579333,-0.2955471582888018,-0.2858444717862926,-0.8544897325837302,-0.44616342457377867,-1.0531678460728844,0
sub-s594_discountFix,-0.5358859210788941,-0.2593292092031602,-0.402737692323841,-0.49021336987884895,0.13999588826483433,-1.08394251634655,0
sub-s594_twoByTwo,0.10316822171630202,-0.42491784390899756,-0.4576400155874519,-0.755034920248802,-0.4615015204489636,-0.8868086497246866,0
sub-s594_rest,0.04024953942633314,-0.44763890344973767,-0.40868352022426796,-0.6521164179009785,-0.38141082784510477,-0.7794215531122959,0
sub-s594_WATT3,0.6144686297251166,-0.2616569915286081,-0.5930522091755172,-0.695690072708459,-0.16425159079816115,-0.7580102288850661,0
sub-s594_CCTHot,-0.18455566220740424,-0.23801537894124275,-0.43091288695270047,-0.6423311974903282,0.8278717183651788,-0.9073932192494203,0
sub-s594_ANT,0.539603656224771,-0.256409735006459,-0.4671679847347955,-0.7315923162984993,0.4368728516319292,-0.865722895537308,0
sub-s594_stopSignal,0.8672424445727719,-0.3402118192461805,-0.616144878611327,-0.8318212360899553,0.05723609770825532,-0.795554250441662,0
sub-s556_twoByTwo,-0.6124019682403576,-0.3835347344877186,0.26716419101853606,-0.832653185757512,-0.7225378801176964,-0.6525071971880396,0
sub-s556_rest,0.5149860929220903,0.12478087615459671,-0.06350944733037311,-0.8704810692849614,0.029992538520791735,-0.4357333971538248,0
sub-s556_WATT3,-0.6441018489949866,-0.24051750324251245,0.34262566146638573,-0.6298904906947879,-0.12560297277650082,-0.7215717417544735,0
sub-s556_CCTHot,0.09181120670337727,-0.40616971800516094,0.29910548720944685,-0.5717817761627794,0.26103308270105763,-0.5949948798539109,0
sub-s556_ANT,0.6984796099332172,-0.33361085616136804,0.327212996194102,-0.8591802033632651,0.16241416793397587,-0.6057521999861345,0
sub-s556_stopSignal,0.8690634547306643,-0.013206176481590493,-0.17389829215565167,-0.8009893510527212,0.4437140920870683,-0.6315510974578848,0
sub-s556_surveyMedley,0.9429277590035939,-0.47987984936658884,0.5253353176493568,-0.7665873834668223,0.9726228406556436,-0.6837809390132895,0
sub-s556_motorSelectiveStop,0.2768457665503717,-0.40179023933639024,0.4876898957165421,-0.8097599990011677,0.0569092248900697,-0.5717583559480074,0
sub-s556_discountFix,0.6445865117255892,-0.006585531811261768,0.13852598574219788,-0.8358902911051634,0.34567888664187324,-0.7040046948244097,0
sub-s556_stroop,1.470513951714187,-0.3898879564603046,0.5179651532794982,-0.911712693138705,0.5656913356704785,-0.6204419443340559,0
sub-s556_rest,0.37893114365293157,-0.3922388224210048,0.44986864930562886,-0.8178329379949424,-0.23759450348883263,-0.4619693312738779,0
sub-s556_DPX,0.03927821175231745,0.044468668961067846,0.1017429625348673,-0.809682706866764,-0.39219305588567743,-0.6613523782150924,0
sub-s192_rest,0.6974098657988387,-0.49788340390980557,-0.1083130498792436,-0.7570762845579023,-0.07896968849928881,-0.5889003656818631,0
sub-s192_DPX,0.46042669693933636,-0.4934276957517133,-0.030871859086745303,-0.654078374856384,0.12980330224205597,-0.7319169297616098,0
sub-s192_stroop,1.1791290977214564,-0.47881025049340453,-0.03885062926575116,-0.572933103685769,0.1277622567830895,-0.6561412199346667,0
sub-s192_motorSelectiveStop,-0.11426185821384867,-0.4063403238793807,-0.13977048976216805,-0.5420023401773195,-0.6528327938839702,-0.7128350840740377,0
sub-s192_surveyMedley,0.9652236718934921,-0.47177286154767706,-0.13954020037504633,-0.559098225126562,0.15710892617370886,-0.6477102841437619,0
sub-s192_discountFix,0.6935031602200884,-0.5194466165428379,-0.08831719641179728,-0.5674681757032282,0.004686395437047809,-0.6777597045140965,0
sub-s192_CCTHot,0.1363339575762108,-0.4427635382151252,0.7374092436430799,-0.13756973652995536,0.20837437303442968,-0.6362249217828773,0
sub-s192_ANT,0.3640366376082077,-0.37216347589133014,0.6724841341437026,-0.19003606178847526,-0.056935185317578685,-0.5642515289048949,0
sub-s192_twoByTwo,0.3060577280896175,-0.4279587248010659,0.7833627111592593,-0.09259689654878138,0.22195691564212902,-0.61039410124046,0
sub-s192_WATT3,1.07050422190485,-0.4301646135775193,0.731169960620791,-0.2087691641480878,0.7600377177867504,-0.5787335846228511,0
sub-s192_rest,0.8684472821092621,-0.2912868760871706,0.533367648755493,-0.28286462454476863,0.4601842268611819,-0.49160722326514256,0
sub-s192_stopSignal,1.1389122198100867,-0.1710861094336048,0.5382260994369314,-0.18682499603140001,0.29784080682882347,-0.556579652794292,0
sub-s533_CCTHot,-2.5983837875611466,0.10779090365378446,-0.70379044300226,6.689006526132267,-2.5736460610673477,2.183320901356608,0
sub-s533_ANT,-2.257463361681885,-0.16791691213170554,-0.844134648798272,3.6269087347536964,-2.1686829361613262,1.5597529966473824,0
sub-s533_twoByTwo,-2.906777878931677,0.4201083968695814,-0.5098168334450667,4.179303915694784,-3.234487525408234,1.3256248192177122,0
sub-s533_WATT3,-2.1957327066634384,0.10341422312282454,-0.7577473142040089,3.823384600434559,-1.455406179547345,1.6616511363431186,0
sub-s533_stopSignal,-1.8458542434028908,-0.22988673109957544,-0.8190811296398128,1.6439824860347274,-0.23256261911970794,1.3081780686816036,0
sub-s533_rest,-1.4947070635989703,-0.4073061060103484,-1.059873882373023,2.193494435321642,1.1604582039186142,0.6948453192678538,0
sub-s568_stopSignal,0.3260521628846956,0.5135313393540294,-0.5209929875779736,1.0563667018245797,0.0609978344150822,-1.0240088001416232,0
sub-s568_rest,0.5807392915269799,0.41490182317611,-0.32077998200075175,0.2830003240955621,0.15817956051729326,-1.0268568965101768,0
sub-s568_CCTHot,0.38732343920772155,0.4684263440785877,-0.5301798165586167,0.5620247609317248,-0.07997147740447948,-1.039570429206837,0
sub-s568_twoByTwo,-0.36059764721963167,0.41704444908826455,-0.4383228265258288,0.625224699897652,-0.04431288422817432,-1.0566870061397124,0
sub-s568_ANT,0.6844959146086214,0.5087393347234564,-0.534965044706766,0.7521649659684461,0.9313286837118887,-1.0529191027137401,0
sub-s568_WATT3,0.24771755069478865,0.5830974072226549,-0.5806027965469738,0.7944801218175083,0.2990743734774359,-1.0235068607964566,0
sub-s568_stroop,1.2518246301172822,-0.2451096218318195,0.10473649857200258,0.19773958946813358,0.1766684812470796,-0.9175899612045428,0
sub-s568_DPX,0.09454730655793624,-0.06381953723000408,-0.03218783072680364,0.6069216722136678,-0.1573886244100107,-0.949591443385445,0
sub-s568_surveyMedley,0.7759810442630339,-0.24895298543761066,0.12017176339159678,0.3454517616939271,0.5875924720428446,-0.9158401543097846,0
sub-s568_rest,-0.23666931745778766,-0.0926390577207337,-0.01041497485410296,1.4446164386315519,0.0769790571995454,-0.8448275477501482,0
sub-s568_discountFix,0.2115595876704314,-0.18739465830854501,0.05968995088951527,0.43861925169423266,-0.24065763905870038,-0.8722895390949162,0
sub-s568_motorSelectiveStop,0.19923674652475462,-0.17092762320166394,-0.005767377949094572,0.31826558849399156,0.10333804293668183,-0.914779523493821,0
sub-s557_stroop,2.208297531441807,-1.102792707662176,0.019010313734396427,-0.25439835510433395,0.7250017937001527,0.6645623246570603,0
sub-s557_DPX,1.0427978488244465,-1.0986905552381434,0.2268104393356844,-0.36641273127625584,0.18627254469308419,0.3178832109286825,0
sub-s557_motorSelectiveStop,0.9060111945673729,-1.0829569882532875,0.10242140094521764,-0.19553306252201946,0.10213929743938702,0.42947041764720967,0
sub-s557_surveyMedley,1.651516493098118,-1.1439474290231397,0.15342903122256593,-0.3468609614270441,0.5027378425867138,0.4574667242173244,0
sub-s557_discountFix,1.5527650500006442,-1.1332818817034547,0.2254870098450097,-0.46359665610686257,0.2206161701590734,0.3667132831921883,0
sub-s557_rest,1.8156384720415566,-1.0617020390625294,-0.024430536111470204,-0.42736916650897383,0.32660195937377007,0.6133116836735305,0
sub-s557_CCTHot,-0.4214220761356687,-1.2230407132912327,0.2661463074075439,-0.18636960878085038,0.325986434029147,0.41954679529668165,0
sub-s557_WATT3,-0.10670763077804889,-1.192828677755785,0.22767080410190363,-0.453423264236139,-0.06053517675779116,0.38963797228013525,0
sub-s557_rest,-0.5223857501030373,-1.112899778205421,0.2589176162038711,-0.25699054860950116,-0.7612968359646267,0.47560808454638376,0
sub-s557_ANT,0.2468788712934359,-1.0684477659052427,0.19369713062110053,-0.2668961406711678,1.0930761197515082,0.47259825971343505,0
sub-s557_twoByTwo,-1.304218642513733,-1.3189372921806117,0.38514060785882126,0.004109955670482799,-1.2369556590964734,0.019731843645627058,0
sub-s557_stopSignal,0.8747312647957828,-1.1685835329901515,0.29596889603781334,-0.4330885369594783,-0.06666578389991248,0.35208014003339266,0
sub-s595_discountFix,1.0485976958798655,-0.4832726171176862,-1.0051416207029458,-0.5810922778377166,-0.270594676153934,1.379448172917636,0
sub-s595_DPX,0.5936715811880734,-0.5189258150286606,-0.974460927261183,-0.6477455036535793,-0.7192907889295388,1.3827609273147856,0
sub-s595_rest,1.3046021380133428,-0.3326429047715002,-0.9907032219153457,-0.6259569825685031,0.243642027352604,1.6777838336724848,0
sub-s595_stroop,2.1580660145855672,-0.4006518446128056,-1.0120364035950613,-0.6410849269867436,0.5508305130156794,1.4478142588102587,0
sub-s595_surveyMedley,1.7225627856799137,-0.4320636177835185,-1.0179986161672943,-0.6162354283843857,0.2617951029877844,1.612038609241139,0
sub-s595_motorSelectiveStop,1.2753235466965842,-0.4875452150257309,-1.0043337998842305,-0.610222942925002,-0.018309471872385887,1.4362718424507352,0
sub-s595_ANT,1.4021469097272377,-1.4891904192008973,-0.7755035525326981,-0.7395693801091227,-0.17893406811457999,0.7283204700088328,0
sub-s595_CCTHot,-0.05832340922129019,-1.7102011421917696,-0.6792030395071418,-0.5368299761400279,-1.0667759087188748,0.45801356717253094,0
sub-s595_twoByTwo,0.25201119800900273,-1.6170579465106933,-0.7114427627203188,-0.7217943592337445,-0.9685921318426387,0.5589651840495808,0
sub-s595_stopSignal,0.8488098362138853,-1.5585377457923626,-0.6725591115902058,-0.6204976443859653,-0.8976260257388314,0.5445148249975351,0
sub-s595_WATT3,0.4022436191116705,-1.5616137975857451,-0.6955666937303728,-0.421136149226168,0.23488853959989375,0.531521305085333,0
sub-s595_rest,0.9512411991336213,-1.4870765012800624,-0.8511353105695489,-0.6011027873538435,-0.37475523015830275,0.7898593959373645,0
sub-s561_stroop,1.001158516855535,0.6384167324041017,0.8316511639038555,-0.28761315882024513,0.17908017231074883,-0.6490606375797969,0
sub-s561_DPX,-0.2506756302297961,0.633740546214048,0.8383571275781713,-0.2096050421870628,-0.0783927908084458,-0.6756066707480067,0
sub-s561_surveyMedley,0.6519469626524771,0.4671500267801433,0.8383385959493727,-0.06897169996453408,-0.07292955728707534,-0.5785997039435058,0
sub-s561_motorSelectiveStop,0.18317958142655197,0.4820753080034111,0.867529301236765,-0.06839451919225972,0.25021723566872606,-0.6837294696653111,0
sub-s561_discountFix,-0.08191279559024256,0.582446906360585,0.9077885868118498,-0.194447645632241,-0.28787876669552026,-0.6467889677212997,0
sub-s561_rest,0.3974572782132798,0.4404102879174913,0.9838880424803482,-0.031500583294554796,0.2727973828579473,-0.6819034398358637,0
sub-s561_ANT,0.3309155253607615,0.556346192451821,0.5276264597559917,-0.02516903104829043,0.011550641404032906,-0.7131182409561706,0
sub-s561_CCTHot,-0.6609115026814292,0.5440899691060627,0.5558853857076489,-0.09674335257304069,-1.0356634204613488,-0.8575164023283497,0
sub-s561_rest,0.27268660135590805,0.5527911448038091,0.3290141801149796,0.06224393930057877,-0.0016090281667398962,-0.6593223577000359,0
sub-s561_WATT3,0.7204692703595018,0.5419825289251864,0.5283345035733226,-0.12092271988294502,0.8917620554732147,-0.7345801289123527,0
sub-s561_twoByTwo,-0.0021783467902060255,0.48909898831360843,0.39020878233933,-0.07042703558818773,-0.2931479443549204,-0.7272451430794259,0
sub-s561_stopSignal,0.7000310445692473,0.5415830084224205,0.48189130386685874,-0.12129229980031955,0.34071459719380004,-0.7269713442605618,0
sub-s592_DPX,0.239895581584213,-0.12576071763975336,0.06487180109300887,-0.4936875876520419,-0.1364030878093128,-0.17165745508948968,0
sub-s592_surveyMedley,0.9854992965753211,-0.01765069596663405,0.08522359743064294,-0.6237022171076719,0.4796955007095923,-0.1705687500837197,0
sub-s592_motorSelectiveStop,0.25738009099885784,-0.10802180659975713,0.05525026981979125,-0.4195899994105903,-0.2650994977282386,-0.08726462929354425,0
sub-s592_discountFix,0.36826365514490905,-0.13894168469451437,0.09287264021434294,-0.47338361408401075,-0.054292285975859604,-0.26396478742675694,0
sub-s592_rest,-0.22846285174119826,0.030273808635975903,0.014214237803544715,-0.14016367213402522,-0.07208799159922752,0.07564325294652428,0
sub-s592_stroop,1.427776756622222,0.044369927277829985,0.11434447011683213,-0.6877797003689949,0.4471697312022169,-0.12989694681603708,0
sub-s592_twoByTwo,-0.07854340720813151,-0.6523603078649918,-0.35873366175892163,-0.17708700058354923,0.26854384690258487,-0.6629839263587041,0
sub-s592_ANT,-0.11962647222716627,-0.928982476847899,-0.23973303343439362,0.13489190723421624,0.4837554441365936,-0.6046349679810451,0
sub-s592_rest,0.3455422897307095,-0.7133557119320492,-0.4569623681612611,-0.6986048853370376,0.06790034819141037,-0.5707764385190546,0
sub-s592_stopSignal,0.9937192105038856,-0.6224997494335825,-0.32034765266064924,-0.7924208089421617,0.19612699661278474,-0.6843577428646065,0
sub-s592_CCTHot,0.49737015779950866,-0.7024800465556956,-0.43288187251238597,-0.7390035842426487,-0.26774077877256225,-0.5344232305134113,0
sub-s592_WATT3,0.8592994415544197,-0.5977112927964583,-0.38730355748161244,-0.695706267586977,0.7390094906336497,-0.5658441354303881,0
sub-s644_stroop,0.4432753364122551,-1.2181081720942633,1.6478039837258271,0.5946866766452172,0.486739733710058,-1.3286833035349124,0
sub-s644_DPX,-1.2431228042287452,-1.3320481079849027,1.619813540396255,1.003459661331694,-0.6028488514112238,-1.3940352629042128,0
sub-s644_rest,0.0010473902367170553,-1.2014406814347556,1.5767098757962985,0.4557755689814218,0.08490402811410916,-1.3490227521766056,0
sub-s644_surveyMedley,-0.1218038600023984,-1.2118039404466936,1.6888158342264454,0.8916034164306232,0.26253557095338637,-1.3776342382042646,0
sub-s644_discountFix,-1.2307501435705228,-1.3355059481832003,1.6709481801295027,0.8626585039873662,-0.738267356302905,-1.4684027728798343,0
sub-s644_motorSelectiveStop,-1.5271080852233891,-1.2822908087331482,1.791061158172802,1.64312160947842,0.05188084287211331,-1.4289921195741246,0
sub-s644_ANT,0.34131710604109566,-1.3743882449423932,0.8743023855665986,-0.23550310790665588,0.027244481950565478,-1.4444011895675817,0
sub-s644_stopSignal,-0.33144131237537355,-1.2732955062016986,0.88116790204494,-0.1732255187375141,0.6725030614242473,-1.5011359952337535,0
sub-s644_CCTHot,-1.1203806678913364,-1.2662835280689504,0.818421162911106,0.5252409375841803,0.3802922016748702,-1.529102831451397,0
sub-s644_twoByTwo,-0.640250770111224,-1.4327004874123523,0.9087459036360416,-0.12341561325827889,-0.26283994690613577,-1.4682670054941847,0
sub-s644_WATT3,-0.4197526640036757,-1.2884008348375504,0.8252111969014255,-0.012230823993162642,0.2270703310255538,-1.4424583348837787,0
sub-s644_rest,-0.00937803045575578,-1.1654086731363182,0.8218058971122337,-0.07251789944362677,-0.054128671560887104,-1.435839354093292,0
sub-s471_rest,-0.37157627845016766,-0.8314179449848611,-0.3790352871015178,-0.042908880303286885,-0.05022625120657045,-0.7471012175659856,0
sub-s471_CCTHot,-0.45579264953206894,-0.8410050476260675,-0.4447952238786578,0.00402771699407031,0.25284535110839507,-0.754005204210783,0
sub-s471_twoByTwo,-0.7377405264124938,-0.7521057398190337,-0.5730850571331585,-0.18919585985269655,-0.004430263858369455,-0.7645062341586455,0
sub-s471_WATT3,-0.16895267990454055,-0.8943391184560532,-0.31463200114961043,-0.2547217112313131,0.8277820069511462,-0.7032580119374634,0
sub-s471_stopSignal,-0.5393353874504929,-0.6330265132487151,-0.5507111662996544,0.7115876918186128,0.23072909144019743,-0.7681508979288281,0
sub-s471_ANT,-0.36645434353476336,-0.7704700061748923,-0.38331609335362926,0.17944139537438256,0.8859444761291446,-0.7558164422628058,0
sub-s471_discountFix,-1.424418149864315,-0.8216454747491254,-0.42157023409333055,0.8653078670803753,-0.4065564918621845,-0.7253705116955824,0
sub-s471_stroop,-0.8861718040340494,-0.8571395258461519,-0.37032022367104006,0.7771372840024062,-0.07772895320586203,-0.5829935410529563,0
sub-s471_surveyMedley,-2.306225050097488,-0.5511908333735789,-0.4495394338484252,7.115927898546893,-0.949590820366373,-0.715957733943977,0
sub-s471_motorSelectiveStop,-1.639538193746571,-0.7376218821144558,-0.7837582631843992,0.18420717031517891,-0.847325428835148,-0.8389355903669183,0
sub-s471_DPX,-2.5053359145469978,-0.9221804717022997,-0.030181894907266794,7.022927896710749,-1.0780710056040939,-0.8402450400102786,0
sub-s471_rest,-1.0516376872514483,-0.9773532992149492,-0.47930360264889277,0.6216656353356813,0.06599949639974342,-0.7365162669217128,0
sub-s643_DPX,-0.9473067643902373,-1.0259185566823101,1.8497160232700707,0.1419784991870223,0.1641566716199293,-1.3489386050754386,0
sub-s643_surveyMedley,0.2084010917033847,-1.0159360886593098,1.9045863681742286,0.07705079416835052,-0.06564128232089661,-1.318859940757389,0
sub-s643_motorSelectiveStop,-0.3038101270255579,-0.7948505835214401,1.7485929928433006,0.09738923986289373,0.19203206660657668,-1.340300999475973,0
sub-s643_discountFix,-0.01862673260040998,-0.9068747489726943,1.9720012698011287,-0.005538376155761292,-0.16295900371504546,-1.3411322822735992,0
sub-s643_stroop,1.017597122147939,-0.9044775826838806,2.0832231339403786,-0.25997659420226776,0.5326609540809201,-1.3336725096857132,0
sub-s643_rest,-0.04913766915997256,-1.006593124332347,2.0483994914851187,-0.1372805007677974,-0.17255407778787277,-1.3063994531102467,0
sub-s643_stopSignal,0.4236054925516656,-0.15171685562757098,1.0264707875147274,0.11631639480676488,0.311091988099807,-1.37496122818074,0
sub-s643_rest,-0.4957527888511875,-0.27762363621579184,1.1891463969952947,0.181015127946014,-0.1601179015129758,-1.3335267427566515,0
sub-s643_ANT,-0.06505729572661227,-0.03715384039727189,1.0204367083820445,0.2308555909289242,0.006364898957836762,-1.337640894523569,0
sub-s643_CCTHot,-0.2893294591402479,-0.46296871736620865,1.0646323831081816,0.3670757033099275,0.11455267306312959,-1.368891769468412,0
sub-s643_twoByTwo,-0.29852131202519055,0.014513114491216134,0.8963898271378988,0.22189444035505954,-0.13960441071200594,-1.369566191503908,0
sub-s643_WATT3,-0.1982306599389366,-0.42079653851917065,1.0204855234042436,0.10088042289330286,0.059230692049352066,-1.3527961647849862,0
sub-s626_twoByTwo,-1.2965693606705642,-1.7435072623088215,-0.16593782760996548,-0.24325445760961456,-0.5447841235448896,-1.21160242313397,0
sub-s626_rest,-0.7261921800201059,-1.3452463052563,-0.07524087234077564,0.29370619539331466,-0.2754062431305942,-1.0405051789781852,0
sub-s626_WATT3,-0.6504439035059448,-1.5961774739860408,-0.17498216644480236,-0.5529886465299721,-0.2821552628390165,-1.1615101443529607,0
sub-s626_ANT,-1.7047641613138032,-1.4675489151939136,-0.04837520848099628,-0.041619712893105884,4.124301639695965,-1.0791846203886428,0
sub-s626_stopSignal,-0.7468620818257486,-1.6051990971955592,-0.19875847218684045,-0.3609067562965607,-0.5235247882602048,-1.2027677699280945,0
sub-s626_CCTHot,-1.696771033141727,-1.654976492662498,-0.14449628110088258,-0.5067809414140286,-1.336431602907042,-1.260953528210441,0
sub-s626_motorSelectiveStop,-1.1403723519157831,-1.5087966494622427,0.3564954556435822,-0.5645009467403586,-1.2737575199951208,-1.1850992181988653,0
sub-s626_DPX,-1.6402735664286603,-1.6930236868530864,0.4703978520896742,0.04702106675221095,-1.2385457917290421,-1.2221327724977995,0
sub-s626_discountFix,-0.9608961825910194,-1.5525869747443082,0.4132167034727099,-0.5000309325159625,-0.01709594923874203,-1.1683880944507605,0
sub-s626_rest,-1.0183781195488955,-1.3581761119358302,0.29860987913685877,0.09187631573106582,-0.19852068902220343,-1.1181669913633012,0
sub-s626_stroop,-0.398046638593592,-1.5029138165269456,0.36879073935945095,-0.6078498765015732,-0.27851436937011886,-1.149795509441991,0
sub-s626_surveyMedley,-1.493210033093203,-1.6249427543434463,0.49772386872822977,0.06780296535046194,-1.0610336361937829,-1.1747518793465423,0
sub-s619_CCTHot,-0.06755988571869548,-1.0042838747114256,1.5446750174795147,-0.3043553096240819,-0.1777117964814959,-0.43536284803568187,0
sub-s619_WATT3,0.10420556788546906,-0.9930025252522443,1.6345516091812284,-0.17798950833677654,-0.11692090493436239,-0.3674258746248843,0
sub-s619_twoByTwo,-1.234205111483384,-2.106431203626747,9.115700095937589,-0.18776934175956458,-0.13406396554564792,-1.5744369690026794,1
sub-s619_rest,0.29271282283383626,-0.8076129103764927,1.42208354708236,-0.7725098452840777,0.013242348008360941,-0.23952379021625836,0
sub-s619_stopSignal,0.47880306732087163,-0.8663203364114319,1.4659623761551597,-0.45406627959946233,0.03560401650079289,-0.25267820844208183,0
sub-s619_ANT,-0.9776043634052868,-2.1668279915927795,9.267477751712672,-0.3425720132900312,-0.038373916181743864,-1.5772961403372385,1
sub-s619_discountFix,-1.8063033576254675,-1.5821505584189972,8.856369386534118,-0.5979192034797992,-0.6301291068888516,-1.6003692754771992,1
sub-s619_stroop,0.5775704037597718,-0.8238871610482563,1.5501206044001614,-0.6696154492939875,0.46773817201388096,-0.5586442377688414,0
sub-s619_rest,-0.09792411451125758,-0.7927340622937732,1.3647254440099317,-0.6903659351040666,-0.18830893722871656,-0.40474537813128153,0
sub-s619_surveyMedley,-0.014430890464196214,-0.8412480215163973,1.5383769756342105,-0.491902078232455,0.1586748448123208,-0.5032465408604491,0
sub-s619_DPX,-0.4251515098292934,-0.7972308140185664,1.4929884968008698,-0.680370540262143,-0.17863163913823638,-0.49166050385117294,0
sub-s619_motorSelectiveStop,-1.935624420389304,-1.6446857951641096,8.995932438977244,-0.5357487856428601,-0.5507171898756302,-1.6035657144306954,1
sub-s621_ANT,0.9258821503252256,-1.4502319388644611,0.14830006395978323,-0.29991142274262345,0.15599588118834162,0.8893135717549048,0
sub-s621_WATT3,0.22490693805566384,-1.2635555158748186,0.0018760149477745575,-0.0560469228626913,-0.42524365439335804,0.8962086531459464,0
sub-s621_stopSignal,1.4211901891662628,-1.3650799979456627,0.05405633573522164,-0.40501175891846586,0.2541134716818667,0.9750941077717082,0
sub-s621_CCTHot,0.3405921251591683,-1.4796823820032394,0.12492490018255972,-0.3316220096352013,-0.524904375796283,0.8342108802442356,0
sub-s621_rest,0.809078927780705,-1.232761404383796,-0.038824639786336095,-0.2828679046704598,0.19957887620656076,1.0733785256806503,0
sub-s621_twoByTwo,0.3187705673825717,-1.441259247712431,0.07244332742942804,-0.19328213005974998,-0.31807827477331213,0.8048597676112079,0
sub-s621_rest,1.0267981442683192,-1.3844386997121076,1.0791498803113815,-0.29518209301622667,-0.19828326085020176,1.7991289344597798,0
sub-s621_DPX,-0.717835338842341,-1.0210283222565306,1.2129898233928516,-0.10024355971222636,-1.1101322455024858,1.4711318356189902,0
sub-s621_stroop,1.8145632263659155,-0.9273629339731762,1.2592411529426177,-0.4277208862248903,0.3244942131689764,1.51862823293019,0
sub-s621_surveyMedley,1.5058277337959278,-1.3979270465493776,1.1024131763294056,-0.33319452068135313,0.23488436213105454,1.665908451384398,0
sub-s621_discountFix,0.33628808604479166,-0.9153814410970161,1.236487250721042,-0.1701460710265888,-0.1108920821145656,1.670733891427995,0
sub-s621_motorSelectiveStop,-1.2773647026878387,-1.1634546761213216,1.173749777401604,-0.22062376419156515,-1.6057820314836295,1.192269097034446,0
sub-s617_motorSelectiveStop,1.1798002857554835,-0.5462101232200012,0.5867638251884008,-0.8412631591546756,0.30385486372574455,0.10521231789181211,0
sub-s617_DPX,0.39500481337492177,-0.6306605553416792,0.60241401170295,-0.7411848514550574,-0.06202455235651206,0.26771010564960185,0
sub-s617_rest,1.9920814582835853,-0.5983337585179981,0.48430651748824727,-0.7796380214596493,0.019475685768448155,0.3928219778390868,0
sub-s617_stroop,2.615181131417479,-0.5889115214301,0.6221739258964436,-0.8157551489870059,0.665915191143624,0.05996034640007711,0
sub-s617_discountFix,0.6054130928070119,-0.5909050210327739,0.641231898150384,-0.7187036700830007,0.439480444135182,0.021089366565618068,0
sub-s617_surveyMedley,1.0260230382326665,-0.5421794164173132,0.6827931436461933,-0.5005946550401538,1.7692902879946668,0.39490173193232186,0
sub-s617_stopSignal,1.3492520356175768,-0.4235523915554426,-0.14192264465282867,-0.5801492513482629,0.8009825654172477,1.861521255383823,0
sub-s617_rest,1.3198407960281553,-0.5783042601654179,-0.16751979592190958,-0.828220211893068,-0.138900201015611,2.0933533867095457,0
sub-s617_WATT3,0.849648515615238,-0.1843868224869904,-0.14603372830461292,-0.4157412799300791,0.6694153513675088,1.940577872005501,0
sub-s617_CCTHot,0.9616122156958303,-0.5118726180002885,-0.20463232052907201,-0.7563773564218033,0.20445495039673603,1.7323226264029574,0
sub-s617_twoByTwo,0.5375601392869268,-0.5053970332664641,-0.17390213407869073,-0.4903217068459714,-0.09943857965463035,1.6875919895971963,0
sub-s617_ANT,1.108959995329851,-0.5230550416075663,-0.2573077973981542,-0.7616351765293125,0.4569371781580474,2.1004721560000124,0
sub-s628_rest,-0.7500126311220839,-0.6079698486343277,1.1502627458651755,-0.2184045020577242,-0.7120298440011539,1.4136694027995442,0
sub-s628_twoByTwo,0.2612323924473455,-0.7747429905106773,1.2333077204095138,-0.5056322724007091,-0.5566915684678131,1.300306428107513,0
sub-s628_CCTHot,-0.20672442836590196,-0.760444082338327,1.257751164788247,-0.1757511270379077,-0.9000587695524921,1.1451437016509023,0
sub-s628_WATT3,-0.37947037887951857,-0.5943659927162309,1.242873430800868,-0.07688418553727959,-0.22734653320132614,1.2981842608565597,0
sub-s628_ANT,1.0405617779424143,-0.7299856722753642,1.2237252863531527,-0.40581347191733996,-0.14790857947108624,1.4521503627068009,0
sub-s628_stopSignal,1.2001370386735626,-0.736749131557226,1.305868990950629,-0.4224783781128756,-0.023280135193978375,1.4758169047135554,0
sub-s628_motorSelectiveStop,0.06768205800833563,-0.16840846264154072,0.9716361498953209,-0.03149188538003697,0.26434176299924284,-0.39995540816620323,0
sub-s628_DPX,-0.06949459439601433,-0.14834644746323666,1.0035347329418038,-0.06692777199475314,0.17754938916711724,-0.5083484965799884,0
sub-s628_stroop,1.1858489247324409,-0.11560760011275352,0.9185676668984599,-0.18637651688031062,0.2122321291823392,-0.37174145115683704,0
sub-s628_rest,-0.6662608346356843,-0.031892715648336595,1.1590675294984885,0.07223001728587339,-0.08328491966538078,-0.3960763400047879,0
sub-s628_surveyMedley,0.58957843448876,-0.08149766038534129,1.1157710907599534,0.1540957065082457,0.03922317273692922,-0.28778754871549844,0
sub-s628_discountFix,0.10421901609744297,-0.14272267932675983,0.9997382349886246,0.18821859348171904,-0.07666554660281873,-0.41695629226850556,0
sub-s610_discountFix,0.0003242432018760447,1.6384780137910597,-0.09885220138742447,-0.8172611501335688,-0.24741192601972423,-0.5707224787187547,0
sub-s610_stroop,1.2607481300450865,1.6587829994079597,-0.05950661551022227,-0.9627526546629666,0.43460993724935787,-0.5502661297544539,0
sub-s610_rest,0.9821824784763853,1.6448366053429042,-0.17641633371730991,-1.113911851567465,0.08953530190321182,-0.4744436296111669,0
sub-s610_motorSelectiveStop,0.6143084737461411,1.5848371895517812,-0.12965493238468145,-1.0675773070693249,0.03226518705744794,-0.5051537745292289,0
sub-s610_surveyMedley,1.1306831366460848,1.5966122757958041,0.0026254159366878,-1.0786023336136314,0.220126809929912,-0.5660306174814943,0
sub-s610_DPX,-0.09356322613716828,1.761024633869905,-0.1058092460323928,-0.7351649960673602,0.4793710799624961,-0.7092375879614597,0
sub-s610_CCTHot,-0.8843853313296373,1.454340465496422,-0.677602878559612,-0.4100986348302597,-0.5746463356715712,-0.0010050208119807718,0
sub-s610_stopSignal,0.04228877738763983,1.517905093408068,-0.6211010723348971,-0.6975932037737164,0.15376261024818152,-0.079662410379692,0
sub-s610_WATT3,-0.43424800266568575,1.49308136168888,-0.5919795216622883,-0.5896267003108046,0.20075244942787168,-0.012190321402246922,0
sub-s610_twoByTwo,-0.9475699214472945,1.5013587057827713,-0.6082519867121116,0.03791004622685496,-0.4899283074009723,-0.08975598723410147,0
sub-s610_ANT,0.07946085785138676,1.594349041467167,-0.7464444896084095,-0.7687134267272405,-0.09216867906963218,-0.22089384842266593,0
sub-s610_rest,-0.3199009126536982,1.5170893878008942,-0.6401102295666383,-0.6280620635108516,0.16811797663047776,0.06400710501780882,0
sub-s642_motorSelectiveStop,-1.356805430312693,0.8486706060771675,-0.4312274726513059,-0.2786082954008583,-0.35674452158835224,-0.5444475275123309,0
sub-s642_rest,0.00921962414100636,1.2706853492690062,-0.39188900563150725,-0.6390632539310994,-0.052665066964230046,-0.3555723781299261,0
sub-s642_surveyMedley,-0.07845477126556871,1.153996041264586,-0.5290561670661962,-0.3912018731902376,0.2505460686118262,-0.46887497822022306,0
sub-s642_DPX,-0.8264498228587847,0.9495970380918004,-0.4216086533237611,-0.5539737741015076,-0.3499114181438485,-0.49628716051856053,0
sub-s642_discountFix,-0.791949657601534,0.924906186949057,-0.48512852297119163,-0.25908756950956896,0.2599508535256823,-0.43463895656089013,0
sub-s642_stroop,-0.07691128330025115,1.147057237884464,-0.49859819216320517,-0.35045439663338795,2.7595392831983174,-0.39160922322248265,0
sub-s642_ANT,0.7829246006186942,1.070954570627145,0.04542715058453408,-0.4936552807202349,1.0230667964503224,0.7797578194482253,0
sub-s642_WATT3,-0.27820901040161145,1.1091816621971522,0.023058344649180437,-0.10014439465165688,1.07382409929509,0.6747368034777934,0
sub-s642_twoByTwo,0.1163945381937579,1.153911551695084,0.051880225324410896,-0.3273802716582521,0.09509010354895452,0.8694684401649094,0
sub-s642_stopSignal,0.08815207048144026,1.1368361108718263,-0.024303300660097716,-0.23218457760958455,0.021889686519246644,0.7134983543466095,0
sub-s642_rest,0.70010256460566,1.033581572560175,0.08594045507142357,-0.6221500275997712,-0.37540337901874155,0.6740587967003197,0
sub-s642_CCTHot,-0.40221925200003067,1.057346049557778,0.00994586130245437,-0.10820061800562314,0.8252565041011233,0.8583495516365508,0
sub-s645_twoByTwo,0.4640919459848984,-0.3741661492004022,0.5127747152480281,-0.5156734847751272,-0.39654270621226767,-0.22992588884208576,0
sub-s645_stopSignal,1.0193991825525948,-0.28672844212045273,0.36567154983925004,-0.4479276801154336,-0.07331430001174259,-0.07880207230498122,0
sub-s645_CCTHot,0.1320922692628094,-0.2688698733560039,0.4591514133646178,-0.1898014465429299,0.08033454932321558,-0.004757755119267459,0
sub-s645_rest,0.07162910822301106,-0.1624817358249912,0.33080451625314844,-0.17032934829346558,-0.22054475729884254,0.23878946392693814,0
sub-s645_WATT3,0.5024694752674993,-0.15017254191104568,0.25096008959933697,-0.29347401432646,-0.3155762652404668,-0.04190790786780061,0
sub-s645_ANT,0.6567767045986054,-0.1884384784691928,0.3169069246327573,-0.379309693795569,-0.3378444737599603,0.1653039136802734,0
sub-s645_surveyMedley,0.08812395149276517,-0.5300078927753971,1.105745479580769,-0.2536102321418252,0.17878461760708697,-0.408718177861889,0
sub-s645_discountFix,-0.838529679265368,-0.541567426390781,1.1588987108800601,-0.09030694860277075,0.8293142699420638,-0.3927904523054101,0
sub-s645_rest,-0.2910141533313034,-0.4363621442930954,0.9137695570083487,0.031028449598355965,-0.16227505079812837,0.015624861362665598,0
sub-s645_stroop,-0.031686168992902816,-0.35397209663312074,0.9983646345029116,-0.18451053127327952,0.535357645195707,-0.40496921696721067,0
sub-s645_DPX,-1.0557730124337743,-0.6201300093356601,1.1254809862631665,0.03683797010903784,-0.14827785885937214,-0.4971948926556326,0
sub-s645_motorSelectiveStop,-0.731425979607848,-0.5359756963528276,0.9416180751807882,0.17706721740243947,-0.556411327742856,-0.0017895887615152688,0
sub-s483_DPX,0.23100081192744631,-1.3459159598096333,0.20140538421876802,-0.08866834662087476,-0.10338531927131381,0.18073113378837669,0
sub-s483_stroop,1.080924141056059,-1.2097478537496291,0.2325769398281751,0.030099598013942578,0.20201884288379246,0.6096727554905126,0
sub-s483_motorSelectiveStop,-1.0281283788719837,-1.1935513903530763,0.17262373073775422,-0.1262492583326757,-0.3154985072222192,0.7845895988250046,0
sub-s483_surveyMedley,0.5267392189059164,-1.2362654976255794,0.29398397779727464,0.14215974447118582,0.26580029600960625,0.5300052988357901,0
sub-s483_discountFix,-0.8243308125491715,-1.1492838813815363,0.14489612014343653,0.5592409268446392,-0.9625428219719375,0.80023658248342,0
sub-s483_rest,-0.4088424963977399,-1.090554852415096,0.28624679677905224,0.3945364905828124,2.4476849217066055,0.8487831959917842,0
sub-s483_rest,0.6815495336213616,-0.8052519840269264,-0.1132623507408833,-0.45715669466167813,-0.5069252590734823,0.8597602042060678,0
sub-s483_CCTHot,-0.18473782435142982,-0.9758274438865537,-0.14223429241028207,-0.1650809462397407,-0.28792744806042714,0.6733525647965352,0
sub-s483_WATT3,0.19347602154053573,-0.9578728844035823,-0.06785963419273512,0.34912726264583105,0.16921232231339634,0.8399060164258123,0
sub-s483_stopSignal,0.8943350901612221,-0.8546322695630565,-0.12172610720523488,-0.270936811669111,0.22788251614201893,0.9750023383770724,0
sub-s483_ANT,1.0096064391053128,-0.7872025785854107,-0.06597347597396028,-0.47341496213676715,-0.037110649561126766,0.7515625785653968,0
sub-s483_twoByTwo,-0.2973323678301242,-0.8920359309880054,-0.094008892402686,-0.40537332904591433,-1.0994591878240503,0.4575237782159632,0
sub-s611_twoByTwo,-0.8757928408011278,1.2023433111819481,-0.03307667092264367,0.7802031296700275,0.048991769405528636,0.4220185314916753,0
sub-s611_WATT3,0.40006378620698835,1.1501947618082673,-0.15403871395850066,-0.44969479323050626,-0.26708589385218273,0.6329287502054752,0
sub-s611_ANT,0.5522437529165876,1.2208554362267,-0.1595943606745613,-0.6069688025387141,0.8390217867410474,0.6657698166917421,0
sub-s611_stopSignal,0.5849718106049449,1.098456070746659,-0.11159879806314657,-0.24238300548244426,0.8739898297044422,0.5486838421837784,0
sub-s611_CCTHot,-0.5140906484438851,1.1893603805557746,-0.0829418940832995,1.3091994129276414,0.9304634131248162,0.5339882113121879,0
sub-s611_rest,0.6989515199170687,1.240294470502302,-0.15790504451288262,-0.5295306219588396,-0.1933185122246869,0.6953643899062626,0
sub-s611_DPX,-0.8138396790027314,0.8727243057151124,0.22318027405072818,0.9960943448029825,-0.18673948601825643,0.17657464433199327,0
sub-s611_rest,0.7776651271717269,0.8331245628221275,0.25305371166245577,-0.3938047562000272,-0.05464794084432579,0.49165580462380915,0
sub-s611_motorSelectiveStop,-1.1266353090244567,0.7069872343924438,0.2896789900295399,0.8070096215866474,-0.8074582175931562,0.10245742481468559,0
sub-s611_discountFix,-0.8351447031830133,0.8375149313046355,0.30921901062767443,0.879074559169664,-0.16308365709436357,0.10267130184132861,0
sub-s611_stroop,0.9521703483246243,0.6861070351625813,0.15250561371934013,-0.3639240720148251,0.8793630697920339,0.22781743661729767,0
sub-s611_surveyMedley,0.0922342140982298,0.7185998329700578,0.1665299888001571,0.2609732777744659,-0.09569524059916328,0.3214419918278984,0
sub-s616_discountFix,1.0880724770031576,0.43444632458011023,-0.3038472711761703,-0.7862208713055049,-0.17092379372886843,-0.2160246367928116,0
sub-s616_rest,1.2866848406860465,0.5144433551606366,-0.41748502692322187,-0.8888824839232035,-0.1342675689236635,-0.0020629347708663605,0
sub-s616_motorSelectiveStop,0.5994054097483422,0.4532525154475818,-0.39642767271846235,-0.6932650271814956,-0.09992656867638076,-0.19970296696001774,0
sub-s616_DPX,0.2518498194653022,0.4769664326168865,-0.29569154654170027,-0.5856294171661955,-0.48863338326343986,-0.10871723465470971,0
sub-s616_surveyMedley,1.2701148096857047,0.42513418469259323,-0.33668350944068565,-0.731204872506403,-0.04599367958765816,-0.11889578876105991,0
sub-s616_stroop,1.4212568189437755,0.47519569623094754,-0.33341945682220653,-0.7905099824978419,0.2902529516097133,-0.03685862898827434,0
sub-s616_stopSignal,0.7986088834757706,-0.06355537181611165,0.07044484946050167,-0.4359064992573505,-0.32843320733993475,0.2453813138807704,0
sub-s616_twoByTwo,0.18809062392689307,0.054649223294003034,0.050689003185519735,-0.16146980279070947,-0.562963207183204,0.23103208228662928,0
sub-s616_ANT,0.7867714005259204,0.023613536071188813,0.09751684718725263,-0.53739216733988,-0.646762931815776,0.20822980270369823,0
sub-s616_WATT3,0.7918468779817734,-0.016342081050748188,0.0029404536262399206,-0.4708068352677359,-0.38621434968878143,0.4945072970637102,0
sub-s616_rest,1.1135788448609174,0.0006310409076626235,0.03550481933657812,-0.4994716145498711,-0.10393216068177914,0.6028920839697569,0
sub-s616_CCTHot,0.004434505807340665,0.06368801713847667,-0.002126364881429594,-0.27859645026547675,-0.8152181740936619,0.2582590654941474,0
sub-s629_twoByTwo,-1.0787957400526873,0.46633037467789823,0.32423550583555416,-0.20380012789502921,-0.9455159288274716,2.4005275872852567,0
sub-s629_WATT3,-0.18907670656046907,0.402357259747837,0.22816008430124143,-0.1032170379992435,0.44461264347524576,3.0387541434225107,0
sub-s629_ANT,-0.39922457970613334,0.46956973986034223,0.07061502405176925,0.058636998681897194,0.9260208570702692,2.1843677969506774,0
sub-s629_rest,0.12410464263199569,0.3619712147038704,0.09462546110397445,-0.6611696975215012,-0.2506531555120814,2.2594288224295935,0
sub-s629_CCTHot,-1.159094096832132,0.17017569337683452,0.047585633348444976,0.3044910470827572,-0.6213972842145548,1.8741513201935858,0
sub-s629_stopSignal,-0.26590878670334606,0.32428540240516246,0.1265676612767719,-0.46973637855730577,-0.8293951366280579,2.207561605825854,0
sub-s629_discountFix,-1.764704370292481,0.7895928869612132,0.2966055252856347,-0.23248452802021496,-1.4704446619254123,1.2212516227238872,0
sub-s629_rest,0.48744721120901247,0.8113684186513492,0.21262108755947773,-0.8208617730410193,-0.003631217192515811,1.7931255859363506,0
sub-s629_motorSelectiveStop,-1.8192512349868037,0.7900724523610784,0.30767387957785414,1.5158573453774853,-1.5275121186583955,1.490418502142945,0
sub-s629_DPX,-1.5868557402578793,0.8263691694607757,0.28764277081660267,0.33729847878735475,-2.050595503313636,1.6842514628832492,0
sub-s629_surveyMedley,0.2653310406879214,0.7389881563785985,0.3848447797844876,-0.20610256157010015,1.8606969693594788,1.6295083021259065,0
sub-s629_stroop,1.209072764248617,0.8593371902503204,0.34257797642155313,-0.5477179672604129,1.0832791122819216,1.5782218891908493,0
sub-s627_ANT,-0.657954729894007,-1.1040890490193145,1.0770230369137166,-0.025384133971590547,0.4838782366274843,-0.8024275215078273,0
sub-s627_stopSignal,-0.6745816101540616,-0.9849295544415024,0.8977439920129202,0.2657754423141471,-0.5290388396115923,-0.7304945796130068,0
sub-s627_CCTHot,-0.8726688822875613,-1.1528880578172898,1.0397584173531322,0.31274869447629344,-0.3958629819148994,-0.8516833101818105,0
sub-s627_twoByTwo,-1.3456073487140188,-1.1153110223633456,1.0939424140053835,1.2882896236479755,-0.4867211109072794,-0.8782109290964915,0
sub-s627_rest,-0.593305507235795,-1.085705261937503,0.8385668513772416,-0.7748231960472447,-0.393493957446139,-0.7527079049560218,0
sub-s627_WATT3,-0.65202345713065,-1.1193947920145053,1.1068151161551123,0.7215079592910354,0.12102537979054605,-0.7945829740362648,0
sub-s627_motorSelectiveStop,-1.7942886027904899,-0.9274415955836497,0.4873477385702151,3.0749394190074586,-0.37175596275623024,-0.8916636733231336,0
sub-s627_rest,-0.42842187046867913,-0.8527657920394032,0.45724491555325836,-0.6449354331493505,-0.5347390734925029,-0.7974500884043646,0
sub-s627_DPX,-1.5875966144812312,-0.9747832305961046,0.6834987015133185,0.6105836781111105,-1.117554463863998,-1.008782401052538,0
sub-s627_discountFix,-1.74513936135706,-0.9944264968113486,0.6903235388065033,0.053343031191347576,-1.234378307006805,-0.9925733298519782,0
sub-s627_stroop,-0.6807451702151692,-0.9397590643826718,0.4866399207483573,0.9460130086565065,3.9955464355738677,-0.9131600502705562,0
sub-s627_surveyMedley,-1.0837410143653285,-0.980831200394761,0.47443571320816297,0.6712534395677854,0.5295229415029357,-0.9232257793399158,0
sub-s618_rest,-1.0937085845682863,-1.5069308900294072,2.1039387829897573,-0.4108951465559984,1.3593023673983382,-1.5625427196515507,0
sub-s618_DPX,-2.624841310774958,-1.5093497131845854,2.3144662219608274,-0.22685788935374046,-0.1939462327679149,-1.6041678567476776,1
sub-s618_motorSelectiveStop,-2.44651710306233,-1.6184276465976903,3.046220580349854,-0.3003932930217737,-1.7933023719557089,-1.6587621375105566,1
sub-s618_surveyMedley,-2.3602190098949283,-3.213672616992534,9.775597837670732,-0.3068764266934428,0.31638708075515853,-1.7245764719938248,0
sub-s618_ANT,-0.6259730479702647,-1.162182977700605,1.0532959981848233,-0.19039427394704025,0.043553201832389456,-0.7561070705019032,0
sub-s618_WATT3,-0.9572355181631762,-1.2612318672564196,1.051033331507803,0.2655369003354145,0.0765007897425217,-0.7507439191616119,0
sub-s618_stroop,-0.14336745662201913,-1.2369522929225127,1.2452292076128217,-0.2158648271527338,0.9601324437702569,-0.8222213346863486,0
sub-s618_stopSignal,-1.1040478144476453,-1.2085699879774565,1.0198213227087007,-0.3192884817489573,-0.7001229302696557,-0.715729895290683,0
sub-s618_CCTHot,-1.1523082513259972,-1.2828203176607964,1.069595017702736,0.6997082439158798,0.7577818101025291,-0.7424708629542417,0
sub-s618_twoByTwo,-0.8611266487187984,-1.1559706438732738,1.062710291609176,0.24234242509785087,-0.037040220771709875,-0.7203108936655092,0
sub-s618_rest,-0.4103658120450949,-1.2146157146515353,1.0303956508966512,-0.3946772914101567,-0.3710957103919883,-0.7192378860561901,0
sub-s618_discountFix,-0.8148965862074968,-1.3828619475175161,1.139730000844281,0.024905780213223743,-0.29010642000470005,-0.8090655580319861,0
sub-s605_WATT3,-2.831348386169561,1.3444193761388834,-1.0930499048313997,7.212565024711283,0.05416571032405646,-0.7568281696513648,0
sub-s605_ANT,-1.509902626207227,1.7077686975880275,-1.1208945810808006,3.1800800512603815,0.9019811657216708,-0.5527971085273992,0
sub-s605_CCTHot,-1.4263158759587022,1.4178469333730965,-1.1184913452194873,1.7550346936148669,1.106903932546825,-0.5536387304755723,0
sub-s605_rest,-0.40866644707733935,0.9880343574119318,-1.533098346317634,-0.08335294994159931,-0.7430140762948311,-0.5144571987834435,0
sub-s605_stopSignal,-1.6600198205845627,1.4685353551345657,-1.1767446163610003,2.3314716601998184,1.9972520152727773,-0.6514921491963852,0
sub-s605_twoByTwo,-1.2508484963672268,0.7917195598381215,-1.396986018753795,1.3186995479508663,-0.7596036433351766,-0.6862018096063222,0
sub-s605_motorSelectiveStop,-0.03285249574055664,1.9453826746998022,-1.0237247764678292,0.03399231703488442,0.736578658700062,-0.39647164270964186,0
sub-s605_surveyMedley,-1.9065765881643901,1.4169358760716715,-0.9322376280268235,7.809259217174847,1.0228132930954636,-0.4825519386240551,0
sub-s605_rest,-0.30512866308147474,0.20797008633253597,-1.335771754923286,-0.011827147860395184,1.0717438479655077,-0.5266282656835231,0
sub-s605_stroop,-1.2975419109093054,1.2088717877123214,-0.9146178909639151,4.722197604697622,2.4128728806812676,-0.47821553285450413,0
sub-s605_discountFix,-2.6437895358066146,0.39375973650288654,-1.120692202134607,2.909151730634632,-0.4791613099345285,-0.7906002879646234,0
sub-s605_DPX,-0.26154178550563173,1.6173817700928528,-0.932494358884307,0.11283759218374466,0.2183188919554109,-0.3854001482436445,0
sub-s602_surveyMedley,-0.0028201932708331306,1.2249632542748299,-0.41451228246961175,0.7694165187847702,0.6564296496064147,-0.6178547417132457,0
sub-s602_rest,0.2914425780845571,1.985486139622547,-0.7449685131733729,0.25903240322907983,0.00300316879326673,-0.8262291516859618,0
sub-s602_stroop,-0.2641929171118029,1.8390082118722613,-0.7634378802175315,0.6523532213221764,-0.4041375383313833,-0.9135894646253899,0
sub-s602_DPX,-0.5068457298835114,1.264724733293579,-0.42613364768459494,0.10503822973640642,-0.45435973211390174,-0.6972569274615992,0
sub-s602_motorSelectiveStop,-1.3548294600759052,1.932843385497979,-0.5112097565437256,1.686625286602087,-0.8564308458292671,-0.8341979953688443,0
sub-s602_discountFix,-0.29455103308074004,1.175031974378133,-0.3550108383299787,0.23345802849235572,-0.08731221800510486,-0.7525470066424005,0
sub-s602_CCTHot,-1.4606818647373838,1.7941308743988684,-1.0276611656188874,1.8327288481771176,-0.618501871833491,-0.9448832055374642,0
sub-s602_rest,0.06846449943233819,1.9943831320582286,-0.8834174079339412,0.9878253473985725,0.07659164430521531,-0.7673544059954511,0
sub-s602_ANT,-0.7538319233229965,2.0065861454728373,-1.0007165163412424,1.7282800658790083,0.6489718200655691,-0.9372168386092695,0
sub-s602_WATT3,-0.27528219044995184,1.848956778910129,-1.0414722009730686,0.46743134723261964,-0.4181820323474211,-0.8416338822549192,0
sub-s602_stopSignal,-0.3762000182401328,1.9000207388771102,-0.98270230417997,1.5664715995544407,0.46511331973961334,-0.9264229918429967,0
sub-s602_twoByTwo,-0.6614989450317936,1.7874195352369882,-0.9937855741734227,0.4136921212514789,-0.03024346049881735,-0.9870663360230554,0
sub-s634_surveyMedley,-0.062197716834827894,0.07054778463288228,1.3160437591420828,0.11242592868516826,0.9684228863873016,-0.13996561914723124,0
sub-s634_rest,0.6613833284824205,-0.009881887647978031,1.0490129319779797,-0.267184502543579,0.12666105424764937,-0.05472694518099123,0
sub-s634_stroop,1.3632296181185477,0.12834044518496426,1.3113157078486362,-0.48002042865747724,0.4096943540427313,-0.14783378818172216,0
sub-s634_motorSelectiveStop,-0.030019813272722348,-0.13504089307699105,1.451535503136688,-0.2865159505808633,-0.40369348637138247,0.013210179166310674,0
sub-s634_DPX,0.009956830670183778,-0.27527914427587924,1.382748131001447,-0.2584488745125125,-0.211365597307566,-0.12818049688873692,0
sub-s634_discountFix,0.19994766791234447,-0.1592858826277077,1.5257664282333174,-0.324889632400061,-0.07256172774181081,-0.06858804812011224,0
sub-s634_CCTHot,0.27860992744855245,0.2582587187592222,0.08476550460659892,-0.4415925569627082,-0.009995828521948085,-0.9045997618954361,0
sub-s634_WATT3,0.6924597012272974,0.004267089797293474,0.19951877400904103,-0.2923554774497373,0.4209948146970305,-0.8863978005598863,0
sub-s634_twoByTwo,0.23811002580334464,-0.09708047620198715,0.19572679596532025,-0.3269489659309458,-0.22452121682881213,-0.9448556596254231,0
sub-s634_rest,0.4500648496125649,-0.0789340219347935,0.14190213211535538,-0.26820346039289156,0.19446949129476895,-0.8724932279075167,0
sub-s634_ANT,1.0393881158064104,-0.12007266076376163,0.2664288017489567,-0.4839187239675113,0.3871867448066123,-0.9260531219391233,0
sub-s634_stopSignal,1.0445448938164772,0.019441454439868167,0.034173254008867206,-0.3718074892107584,0.1720388643233351,-0.8586200500480489,0
sub-s633_discountFix,-0.10530473775610678,-0.25070320162301496,0.9479644800573443,0.9730747724072552,-0.09481099757448055,-0.84972173937147,0
sub-s633_surveyMedley,-0.019180554420836795,-0.25713019923363,0.8763499045531913,1.069929411485631,0.1665116517476806,-0.8152982545737527,0
sub-s633_motorSelectiveStop,-0.4058832784808677,-0.17818083758023867,0.8748544925074632,1.2881288648396019,-0.10841172584397012,-0.8551517555831819,0
sub-s633_rest,-0.1660741512595186,-0.2454937864572779,0.8536341955665732,1.0811399595061166,0.029156773978716518,-0.7115686513344129,0
sub-s633_DPX,-0.4938755407159438,-0.27201533313302284,0.9350788961656481,1.5546326435589266,-0.19550680490062897,-0.8633128169043353,0
sub-s633_stroop,0.6871134256848549,-0.1744220058296645,0.7799904067091467,1.3479378955659331,0.45419761500693334,-0.7405950995466157,0
sub-s633_WATT3,-0.784158863891446,0.18159395889705096,1.390391071907376,0.8648029731433432,-0.16019414879665098,0.16350248650103247,0
sub-s633_rest,-0.02291793478517405,0.09237821676162192,1.291334092095997,0.45498159060898974,0.0340849525767462,0.08026538151878186,0
sub-s633_twoByTwo,-0.8204427510824774,0.14196874521432512,1.4778246525445065,0.8959884043559961,0.1529054870639952,0.11399848274566987,0
sub-s633_ANT,-0.737230716922167,0.1398128976423191,1.656378703967485,0.994965820133773,-0.30735561802452455,0.09020590875779541,0
sub-s633_CCTHot,-0.6254467338561503,0.06937225588984772,1.6047170427908832,0.8938815555843619,0.018046197307200224,0.0836262846608143,0
sub-s633_stopSignal,-0.43741322273872113,0.12917900848264816,1.599242076458735,0.695657398760866,-0.1721836415734626,0.13419756043833128,0
sub-s499_ANT,-2.2886271478045996,-0.2187153294813042,0.5028216486157191,0.3708902800548691,1.6418513840281423,-0.4714005987472644,1
sub-s499_CCTHot,-3.344867749154258,-0.3835699296222608,0.6885350106321204,0.6100165968904876,11.941229171873236,-1.056504901247232,1
sub-s499_twoByTwo,-1.575552212451673,-0.20774573530576046,0.5336049440022849,-0.17270634450208733,-0.1461089608223017,-0.48098763269312483,1
sub-s499_WATT3,-3.8479561899052204,-0.2887108107493343,0.675259584549264,2.6836505848039445,-1.1213094868169071,-1.3084217381294563,1
sub-s499_stopSignal,-1.4156306602621673,-0.21899945736330045,0.4025542370502371,-0.02004153138291154,3.5007337764797164,-0.6098006189054138,1
sub-s499_rest,-1.6945594135541946,-0.3673734813607833,0.8587715246618652,-0.11196011286020809,-1.8827572815653746,-1.223966877430229,0
sub-s499_surveyMedley,-0.4171938360342423,-0.3506156168953188,-0.43701193978391517,0.5920155951802086,0.4109725424296111,0.4772469531104556,0
sub-s499_DPX,-2.1354483457146722,-0.11275351331522172,-0.2188189603595998,0.24772795491945893,-3.809295046439287,0.08992018595508884,0
sub-s499_stroop,-0.058684065815166365,-0.22451164589312714,-0.4172021935885897,0.7507342574409457,-0.44780776556013746,0.2770080961896603,0
sub-s499_rest,0.5957034837610301,-0.30595103999745826,-0.6734690823627776,-0.020148734456862768,0.02232098335927065,0.2101844304348394,0
sub-s499_motorSelectiveStop,-0.7467227094470982,-0.1925780337130016,-0.4746739723840032,0.4726265877469996,-0.3068610144074575,0.14379395244746052,0
sub-s499_discountFix,2.2863222234739253,-0.04760634914807271,-0.22344440970824356,-0.03210482840710054,0.9952154992244479,0.8096909432419698,0
sub-s497_surveyMedley,0.5328251461069863,0.8297492669437803,-0.38012887919601707,-0.1663462968918034,0.8043821373893427,1.0719705899682115,0
sub-s497_discountFix,0.20367587904124418,0.8631630162914539,-0.39243953060405895,-0.45551203389709327,-0.48902506624003134,0.7118914843214567,0
sub-s497_DPX,-1.5558875644911647,0.8038570535393526,-0.45194153973237233,0.3351812812350897,-1.7788458358328498,0.4508855907553,0
sub-s497_rest,0.06401497511568495,0.6345272842094336,-0.13469598740841532,-0.5431056391346466,-0.3035033286411211,0.9439223990233889,0
sub-s497_stroop,1.4199223895464335,0.5564547551625664,-0.1893080194867838,-0.46333305039802813,0.44156345275816816,0.7128917405356862,0
sub-s497_motorSelectiveStop,-1.171264728669547,0.5411712804738286,-0.07377868162959986,0.8075838453930929,0.40985881979475514,0.5496798721758865,0
sub-s497_rest,0.8178887291890838,1.1335435787147987,-0.34423537417094047,-0.8701625849855265,-0.2525328605478051,2.0392302731120124,0
sub-s497_twoByTwo,-0.2838077455597673,0.8873184371362145,-0.11489268208407351,-0.4503697657179793,-0.6660724231744996,2.188154190098431,0
sub-s497_ANT,0.13289610556949952,1.030460732863927,-0.13380872918088765,-0.6553722604530707,0.19938173324495467,2.307605943375345,0
sub-s497_WATT3,0.5707191510408481,0.7567149220347229,-0.321487573827136,-0.55106917217434,-0.2580626667492898,2.125489579720567,0
sub-s497_stopSignal,0.9885013042575684,1.3362217500218994,-0.47698748804247537,-0.7283227255039175,-0.15864075142723985,2.266434691214817,0
sub-s497_CCTHot,1.0228455925123812,1.3003345489269844,-0.5332010370412128,-0.6889699661676163,-0.08977845603478182,2.1430984360623317,0
sub-s635_stroop,-1.798542516751142,0.045037101491411054,-0.11270459391318834,6.032347983458061,14.43527305785798,4.654354637859069,0
sub-s635_discountFix,-3.548414384067263,-0.14065912272953723,0.09427788006629605,3.7222991413019253,-3.3977921856551996,2.5333486923701676,0
sub-s635_surveyMedley,-0.44269775876255096,-0.060309055327631846,0.027820521259066637,1.4589033285102861,2.49518954776805,4.636152902928276,0
sub-s635_DPX,-3.6814581564187367,-0.06202600595806511,0.1472758524755404,6.860708188680176,-5.840774346549232,2.380780564423079,0
sub-s635_motorSelectiveStop,-2.492387425903299,0.04788921200144008,-0.08720055277904085,2.893279270501044,-2.136467323395483,4.655761969825491,0
sub-s635_rest,1.124043387624588,-0.0074105028693003455,-0.24889850584282586,-0.08071669707883947,-0.24959213485493545,5.432792754079504,0
sub-s635_CCTHot,-3.196336526866433,-0.4049771626454953,-0.849299210348073,4.58457415275311,10.383409099705972,0.08845263032343745,0
sub-s635_rest,0.9988331987485773,-0.22830261087884665,-1.1287193353448652,0.06849796297487855,-0.13296782594477233,0.9553220294498111,0
sub-s635_WATT3,1.0198619233010089,-0.34915951380504695,-1.0589031188181772,0.23903027139533906,-0.1254401259477226,0.7652962910948589,0
sub-s635_ANT,0.22298751143740753,-0.14193747612403163,-0.7487045573374906,1.1081972240961235,0.45541121433172943,0.5479027457738436,0
sub-s635_stopSignal,-1.0555651764305236,-0.26270773795760366,-0.8275138117266109,2.396084988097394,-1.439207634429785,0.3123977255516274,0
sub-s635_twoByTwo,-0.3025551643353413,-0.3057415269746364,-0.9176884914573903,1.3620776563331525,-0.24483195105051317,0.3901028567134877,0
sub-s251_WATT3,0.2314513270286103,-0.0334537581281943,0.7865946724205525,-0.11208629313444206,0.4696532302688137,-0.07898440360221817,0
sub-s251_rest,-0.5873222754716253,0.0930121942759039,0.60224971299398,-0.36488635478610926,0.037672828005269596,0.13548218102672838,0
sub-s251_ANT,0.6724689341263944,-0.1285992153837629,0.6965671157427834,-0.5879270200234764,0.7610209351105826,0.007974342767426071,0
sub-s251_twoByTwo,-0.25671876766549095,-0.056434172570507424,0.6905427544154431,-0.2830400308098673,-0.2719509018757569,0.03369950775680874,0
sub-s251_stopSignal,0.7822051212780293,-0.09481199954197926,0.6903895294846556,-0.6166873742697595,0.5051340792601282,-0.12288066341201419,0
sub-s251_CCTHot,0.5595070099478363,-0.12273188287932738,0.7500936915636888,-0.47962664097997343,0.7731850484149339,-0.11479997577941926,0
sub-s251_surveyMedley,0.41781175831987155,-1.0357958312547089,0.5132172143844195,-0.5409344481202144,0.34106095925899094,-0.19791089784404564,0
sub-s251_rest,-0.04063595406229467,-0.5678088250385548,0.26478852660495067,-0.4057084842572385,0.19023178872954502,0.22019016224372576,0
sub-s251_motorSelectiveStop,2.091964996316413,-0.6824207875009739,0.2759908962127459,-0.6102115991754019,0.9320241093804161,0.05232778924885348,0
sub-s251_DPX,-0.42165619728050696,-0.9168408042022216,0.39312502792465753,-0.1487871408876451,1.3328941051093475,-0.1945038081316866,0
sub-s251_stroop,1.5428152069861991,-0.7392625978283244,0.23817981959812162,-0.6090534023635085,0.6468069371150518,-0.07734915751425035,0
sub-s251_discountFix,0.007403504242012904,-0.9026249851753824,0.3199693892892023,-0.4836194287982304,-0.2534908698384607,-0.18179525633966936,0
sub-s603_ANT,-0.7965388599380184,0.19457578487126995,-0.9543494771092262,1.123208113617665,0.7682595720482195,-0.17509307180116807,0
sub-s603_stopSignal,-1.4633302455729238,0.2031902561246457,-0.7891214747550883,2.416135897314395,0.2660346361007001,-0.2973143589961291,0
sub-s603_twoByTwo,-1.9012535413517226,-0.031036053636755153,-0.4291205168552726,1.4636043343961933,-1.3853762622366776,-0.31770210731920956,0
sub-s603_CCTHot,-1.4998546723735997,0.240141563550101,-0.8324706834366005,2.733529998304628,-0.027850396710873818,-0.05681439703594739,0
sub-s603_WATT3,-0.7400316127071512,0.2676855907936541,-1.0677597684125684,0.2003365813949092,0.45306485977955435,0.09242482630802755,0
sub-s603_rest,-0.4540529399283882,0.30926710491036774,-0.8907228246007413,-0.4568642928785787,-0.6370959113227788,0.23578175220505013,0
sub-s604_rest,-1.0196691478984996,-0.5005601274448854,1.1429750698430148,-0.4995192965265904,-0.2939365220142154,-0.6679317004390649,0
sub-s604_twoByTwo,-0.8373621299529892,-0.5822715834541653,1.2828805054279406,-0.30056573236553547,-0.5276931044681056,-0.8108204212996396,0
sub-s604_CCTHot,-0.7308379259751211,-0.8118385026691085,1.4118814334386576,-0.2105700866888942,-0.10202739453739712,-0.7352525510391661,0
sub-s604_ANT,0.32084281459145353,-0.7151855240515337,1.3780584989384368,-0.6868791543037386,0.27529784371724764,-0.828263926700905,0
sub-s604_stopSignal,-0.2110388592804411,-0.6730148053717476,1.3460814954627744,-0.445549157563213,0.04850571207597663,-0.7741161349849127,0
sub-s604_WATT3,-0.4360023830460665,-0.547197745388689,1.058039869161384,-0.42401239587430445,-0.06258354732305726,-0.7310501014172126,0
sub-s604_surveyMedley,-0.529580543509686,-0.9690538053190842,1.3303974096272595,-0.3772910586426258,-0.20129356074190216,-1.17717501398714,0
sub-s604_motorSelectiveStop,-1.181192565518942,-1.0156442210136651,1.15245354598174,-0.32729038256291876,-0.2913950002755258,-1.1578993658280015,0
sub-s604_DPX,-0.9583352151333173,-0.8955998520376452,1.051671768719404,-0.1955104847678805,-0.1949467398602104,-1.0703131009415834,0
sub-s604_stroop,-0.1062265515587598,-1.1510747563577954,1.5513604155657728,-0.17974299500795188,0.8465566656019923,-1.1039322451076983,0
sub-s604_discountFix,-0.7671542111313652,-1.00810270769122,1.2536891221541289,-0.37696959286982895,-0.31118117498183406,-1.2210527086069027,0
sub-s604_rest,-0.7019083768873512,-0.8777283789032475,0.9782295678240178,-0.3227603400041976,0.04314898042983242,-1.0712084562853,0
sub-s650_DPX,-2.222014791839212,-0.6619799536270408,0.5634575900304816,2.3022532768714323,-1.6658738532957562,-1.1708407371779557,0
sub-s650_rest,-0.6814927685445092,-0.7319491891248199,0.46926312881906534,0.7284409715498088,-0.08444280513672621,-1.0145595712242208,0
sub-s650_discountFix,-1.5183383228097542,-0.5741027637087046,0.4832698762529829,2.679380479302074,-0.6535175428711019,-1.0959775139879713,0
sub-s650_motorSelectiveStop,-0.8435559484910408,-0.5470423764735283,0.34676002265190026,2.402057111280575,-0.2818841094363503,-0.9673484439062147,0
sub-s650_stroop,-1.0504166507323505,-0.7071431952369491,0.6099294911620268,2.0007588418247146,-0.22392365312706994,-1.0302078378429231,0
sub-s650_surveyMedley,-0.24208344534246792,-0.5470313425442418,0.36128701166497545,1.3025436788335256,0.24024770986385935,-0.9684566197210439,0
sub-s650_ANT,-0.5468107594615299,-0.4775977853255232,0.09053652500855398,1.3665107564163645,-0.3405529079527328,-0.9398523409114669,0
sub-s650_rest,-1.2828949742213944,-0.3264820989190446,0.09814647057540386,2.3091443711053334,-0.2649793516083079,-1.0368239885739534,0
sub-s650_WATT3,-0.7238546362658982,-0.42992619005612176,0.11266215981482357,0.8600403746436026,-0.1675905223418652,-0.9596832090018025,0
sub-s650_CCTHot,-0.9827311885795911,-0.3058514325779667,0.26648349265345983,1.5666103260562263,-0.5422484533439221,-0.9489058897827545,0
sub-s650_twoByTwo,-0.9327273744033827,-0.35392068417287537,0.2338323446814385,1.5611210875504558,0.16599932815249144,-1.009159742313376,0
sub-s650_stopSignal,-0.4553684195724925,-0.3935676648973456,0.20873080148493978,0.7115505938738599,-0.17363235785311384,-1.0650635293208044,0
sub-s234_ANT,-1.4856729215635534,-0.9479550337878627,1.1199228535969006,0.9336530133355994,-0.5970821280300278,-1.1635038646387248,0
sub-s234_CCTHot,-1.3763756351481948,-1.0868692690622783,1.0766223469398477,0.6900512362549855,-0.08206724401097348,-1.1732697583422225,0
sub-s234_WATT3,-1.1684185979897377,-0.9775557709642186,1.1053117942678274,0.6595833680079607,1.5448771707891888,-1.2028722557232205,0
sub-s234_twoByTwo,-2.2470358015011445,-0.8838748849120002,1.3574472597976461,1.6543271847278493,-0.31990261274915915,-1.197828674696733,0
sub-s234_rest,-1.5722467030764429,-0.9383607148611016,1.161449521785324,0.6992917028867355,-0.583404834673237,-1.1962066355528944,0
sub-s234_stopSignal,-1.033397632836751,-1.0440268511339965,1.1312266951721326,1.4366694531025939,1.3150415263037538,-1.211292210883435,0
sub-s234_DPX,-1.6264506383654025,-0.6408413490366474,1.334245660543789,0.5460696814911615,-0.47203760725715127,-1.3506601868438863,0
sub-s234_rest,-0.34757488776888895,-0.42190862755897945,1.0965969568328229,-0.19250104155444367,0.365817904196579,-1.2147059795361108,0
sub-s234_stroop,-0.24875803745862732,-0.6693969537615997,1.0527671687776892,0.3409273228118512,0.7358164441721428,-1.3440106414112718,0
sub-s234_discountFix,-1.050968944346871,-0.5783371847428288,1.1900020158565827,0.6306733890915418,0.18458161708667864,-1.344798680900406,0
sub-s234_motorSelectiveStop,-1.4362886420617413,-0.4829602857073707,0.9748138722430636,0.7540154675270108,0.02784967258166354,-1.3471990995971013,0
sub-s234_surveyMedley,-1.6166309984941702,-0.6004537646140885,0.770838268033629,0.17029225808019013,1.5363125182956021,-1.3380819309892364,0
sub-s465_WATT3,0.8458573424030006,-0.44348280810865387,-0.28823459991015854,-0.6126919122283435,0.20765437565238673,-0.5189004675980639,0
sub-s465_rest,0.7234890052302617,-0.4742424467611887,-0.14395389196536115,-0.7376605429981578,-0.06678555027027516,-0.4411618285322412,0
sub-s465_ANT,1.1342903138672091,-0.5887370474947958,-0.1406925512925605,-0.6795407603170418,-0.10659848797993449,-0.573416468916382,0
sub-s465_stopSignal,1.2247509342820684,-0.5630602358461543,-0.13863644447797943,-0.8410137923953347,0.10066566923045427,-0.532205067645701,0
sub-s465_CCTHot,0.1282155165198217,-0.6834268616203185,-0.08932830015859874,-0.6354003552429832,-0.2060266419673614,-0.4473215472741617,0
sub-s465_twoByTwo,0.03058149758100143,-0.4396897607639764,-0.28021424656409766,-0.6823800961271697,1.0654398597427734,-0.7226158450232124,0
sub-s465_surveyMedley,1.370963562568923,-0.1959607506077515,-0.23070948618308804,-0.7516836374321335,0.2376346974659621,-0.6806997966820424,0
sub-s465_stroop,1.311397152754915,-0.43124192451947746,0.1710028912044331,-0.7775456699644719,0.4084830282640176,-0.6090611055024234,0
sub-s465_discountFix,0.32640548409022174,-0.108160597127936,-0.1358454003847712,-0.6640361854423391,-0.14246840733836663,-0.6496277060265844,0
sub-s465_DPX,0.40586241069768236,-0.235463514619146,-0.22129948667272661,-0.6941451163820118,-0.34843149525803574,-0.7142306429931212,0
sub-s465_rest,0.7718444965159829,0.018522406388273797,-0.399590705360445,-0.6239260698605003,-0.13181914446028142,-0.6383952377787134,0
sub-s465_motorSelectiveStop,0.3661247781585145,-0.06572404394505077,-0.19824727042660611,-0.7322343380372353,0.8392117654139136,-0.6645207618458453,0
sub-s491_WATT3,-0.35601791975976665,0.3165840688145046,-0.06926510004016094,0.17250452754720266,0.3056424102397479,0.04210138827062901,0
sub-s491_ANT,0.549636022358154,0.3607586795819888,-0.01311381279427032,-0.08992602768806143,1.0928556323418497,0.04060092848103254,0
sub-s491_twoByTwo,-0.5155051558307148,0.45705461673972264,-0.3038868203839667,-0.03753862992820756,0.7693993609573538,-0.07933774595886693,0
sub-s491_CCTHot,-0.2557315466500502,0.22417253802131593,-0.05481607946531922,-0.1655471435086051,-0.09285449363957,-0.09368622287048638,0
sub-s491_rest,0.2938180213452387,0.30674690089428075,-0.07318069760768237,-0.19366068116789448,0.08740856523404895,0.018237572252708334,0
sub-s491_stopSignal,0.7081439840843738,0.30838173010047787,-0.09520305248272329,-0.37976986910389543,0.5509444405897741,0.010898435665912375,0
sub-s491_motorSelectiveStop,-0.4744263697882175,0.37764162058405737,-0.04744568909999334,0.17600207773802223,2.2886047413533914,-0.06582485353524728,0
sub-s491_discountFix,-1.1700650870331368,0.504365874483537,-0.025686392955680298,0.5512548275276598,-0.2169754691008257,-0.02259045029696123,0
sub-s491_rest,0.6296223194915413,0.3334108576692156,-0.12942984089343804,-0.2332168233873847,0.27374601005329297,-0.008921338591354628,0
sub-s491_surveyMedley,0.07923284953017351,0.48596802935646743,-0.03957991665755293,-0.07027704643686783,0.2054142700792593,0.0753330784301154,0
sub-s491_DPX,-0.7185645987008058,0.297195553548572,-0.05244470896572467,-0.21130013346714296,-1.0594592520385433,-0.17150621671214578,0
sub-s491_stroop,-0.48217437373293043,0.5879208567336631,-0.21327777735382608,0.23554914798656013,-0.2340859645967415,0.029412307287671018,0
sub-s519_CCTHot,-1.313169955789031,-0.8520565274011938,-0.01219740115071464,-0.2315157058238569,-0.7147179961066629,-1.4002743365132875,0
sub-s519_ANT,-0.542707220962054,-0.6744722586236929,-0.10458480255894922,-0.6400703574999204,-0.3584402489413656,-1.3165652530819807,0
sub-s519_WATT3,-0.49832506503259594,-0.7896792228923901,-0.1574625453764853,-0.39212341115862726,0.24761747175110485,-1.339958373611132,0
sub-s519_rest,-0.2839831835978054,-0.7880723688048465,-0.0034342006844576205,-0.6701766720186498,-0.6322079325493436,-1.3031518655488439,0
sub-s519_stopSignal,0.6549031241575367,-0.6612228871772328,-0.13294859041014156,-0.795078510448305,0.3788861779231532,-1.3012510089473723,0
sub-s519_twoByTwo,-0.7252538615936652,-0.7159610520888436,-0.1788159536510517,-0.5049086193249942,0.10522792896197244,-1.3437438611398593,0
sub-s519_stroop,0.42436837294006924,-0.4718954854665382,0.017421791553735213,-0.40410390694297005,0.2009102318327654,-1.1594585399177844,0
sub-s519_rest,-0.6385312328255058,-0.40161364135385225,0.2245450607129852,0.13543860498537605,-0.0057066247619563925,-1.1328346235133375,0
sub-s519_surveyMedley,-0.168631756664227,-0.5550343672803949,0.14542788749172272,-0.27421485818704605,-0.1164536412069697,-1.231951720382571,0
sub-s519_discountFix,-0.14966244239106477,-0.426852060603621,0.07336245101866258,-0.4212934983615737,-0.1614865257866552,-1.1887527494886776,0
sub-s519_motorSelectiveStop,-0.34872532117511773,-0.4658245845088866,0.18255939571862426,-0.4390011774719432,-0.29069288143160943,-1.261492107392035,0
sub-s519_DPX,-0.4749306777372817,-0.5138318844558559,0.1986816867765517,-0.5355398416818236,-0.26049559242013776,-1.2234488256132243,0
sub-s526_surveyMedley,-0.16906698970632844,-0.5957318409368243,-0.840621323172926,-0.010661194158998076,0.05105361505466123,0.7160553696665525,0
sub-s526_stroop,1.2439421440528189,-0.540695061399939,-0.8998451318738052,-0.4691961998957181,0.6591075646658014,1.048206844852665,0
sub-s526_motorSelectiveStop,-0.6875872536986543,-0.5290497236423097,-0.7565817425513199,-0.018520089188808736,-0.29882686997433755,0.5882068677169656,0
sub-s526_rest,-0.020741769574666915,-0.29304756710862956,-0.9060048644895542,-0.5069834772279289,-0.4823947557131218,1.1126645809020312,0
sub-s526_discountFix,-0.4287207875439426,-0.5623531453120268,-0.625120175829114,-0.4687136472440405,-0.26130601801426745,0.5065834249025629,0
sub-s526_DPX,-0.21609171928888268,-0.634322573827872,-0.761987554268691,-0.41880510072985927,0.144100281549982,0.6861303964440422,0
sub-s526_CCTHot,0.4376674320186617,0.7793008271956677,-0.13264168855761976,-0.10354335160015514,0.35414383261844273,0.39895090553412293,0
sub-s526_WATT3,0.24025623817808917,0.5659922933215701,-0.20968603129930016,-0.0929592142775122,3.3190302607891455,0.36652340506973463,0
sub-s526_stopSignal,0.019022148106088512,0.7549780342005626,-0.10698532647458356,0.3171125488110617,-0.34208975084051907,0.3696423569953177,0
sub-s526_ANT,-0.5371751155814108,0.7559094472007055,-0.15885038357700537,1.031574301114627,6.600297144069215,0.44966723129230607,0
sub-s526_rest,1.1970671786490776,0.5823459902071295,-0.21676692146354273,-0.5727868831435933,0.11076238261045977,0.655809214897652,0
sub-s526_twoByTwo,0.7181237799345817,0.6379947781995282,-0.1813694765019946,-0.3392069891234596,0.04235973325545285,0.5987327267197912,0
sub-s588_ANT,-0.47775724738149095,1.4635428018735015,-0.6280144998535446,0.9548292989079648,0.24382991977448726,-1.2323803800548832,1
sub-s588_stopSignal,0.19584963095413102,1.5220555583288593,-0.6105595134905463,1.3078214034053437,0.11445742377480532,-1.1867103144461395,1
sub-s588_CCTHot,-0.6565695640605774,1.3020255724375411,-0.44320026082701225,0.6401809995276798,-0.22743194432324115,-1.249078900604876,1
sub-s588_WATT3,-0.48539705434804103,1.4348916316571596,-0.46813411538244304,0.6405883709000222,-0.2622080534230217,-1.2336363981757086,1
sub-s588_rest,-0.16233126935391884,1.2707499143714103,-0.4866765919621635,0.21876470447353968,-0.4427704535696014,-1.1969507902533931,0
sub-s588_twoByTwo,-0.8924674010854575,1.5385872729884713,-0.6271202357663531,1.3466988139325653,-0.7283978651582272,-1.2445248066619474,1
sub-s588_rest,-0.3388127663847852,1.921763270301827,-0.37946806843257247,-0.05313929942297192,-0.06993007208107174,-0.8014083982305559,0
sub-s588_DPX,-1.417565368939486,2.0556206754003217,-0.3547233720881544,0.627951429196743,-0.11252271625759468,-0.8383670880233397,1
sub-s588_motorSelectiveStop,-1.1981507608194726,2.147772821527876,-0.36669525628196803,1.0331566093489115,0.03303636920743185,-0.8533781007207386,1
sub-s588_surveyMedley,-1.3192968389083894,2.0630316512637186,-0.3116540588001163,1.3532724902624438,-0.024942574959558022,-0.912031196154633,0
sub-s588_stroop,-0.8924909354564138,1.9347531851953947,-0.37003117546090303,0.5097005773575479,-0.3548058553619899,-0.8623963304500118,1
sub-s588_discountFix,-1.7504012799334778,2.152678084976273,-0.2872081284711835,1.8602230041167394,0.21068607561681482,-0.9231655556746861,1
sub-s581_DPX,-1.8077539306716848,1.3253895434541747,-0.9894509809987074,4.9846574367123715,-0.6684679279084529,0.23863777274008124,0
sub-s581_rest,0.3767231917595743,1.435222031702755,-1.0305226073019724,-0.5393317007368408,-0.8833929182576906,0.7780537463142807,0
sub-s581_surveyMedley,-0.22754470563272025,1.3952727683589936,-1.0932787252479486,1.6935651729897598,0.42754153996101785,0.3551871679751332,0
sub-s581_discountFix,-1.54816095542914,1.3262275166468083,-1.001337551901417,2.9441070697622265,-0.16462078491846066,0.2845464689621788,0
sub-s581_motorSelectiveStop,0.7589134294196143,0.8047518996890213,-0.8712658573389847,-0.7594226438311171,-0.42055535463395344,0.36843939305576595,0
sub-s581_stroop,2.4502510371908133,1.3919789339113517,-1.1103987863197633,-0.7524640402053879,0.5280477373612277,0.6130396960927185,0
sub-s581_twoByTwo,1.408441284213921,0.8775894025983552,-0.7724253811908728,-0.15696444794129455,-0.23221656691359077,0.17347531415197376,0
sub-s581_ANT,2.353813909117772,0.9295013028656643,-0.7642718035133954,-0.37607097461424965,0.2423488825523157,0.331252411800175,0
sub-s581_stopSignal,2.743862792830139,0.860819052579526,-0.7663787593094286,-0.33813107829809846,0.5855172206381609,0.3691779253714782,0
sub-s581_rest,0.5580680512665066,1.0883901184148321,-0.6513759909046467,-0.18016409819020618,-0.7590478119452452,0.6025621367712801,0
sub-s581_CCTHot,1.5510180050086146,0.8731389052795727,-0.7840917195050101,-0.16907806636727993,-0.15381445805731842,0.31355903101598265,0
sub-s581_WATT3,1.3891455451591825,0.9134198563609376,-0.7120301249549947,-0.13853966816347363,-0.09002728386618966,0.6360341178456682,0
sub-s572_stroop,1.668388497585536,0.3248904383998932,-1.5713206781944924,-0.6258683522382643,0.11789616331739382,0.47148253707338905,0
sub-s572_rest,1.3038362012131277,0.5125715186826112,-1.6306075961312478,-0.7359195200076465,-0.11322043443695005,0.7259894066358796,0
sub-s572_DPX,0.8278116757795789,0.276719202266824,-1.5699652703443712,-0.506500443733929,-0.19293957196898748,0.49159875062517044,0
sub-s572_surveyMedley,1.402238602081613,0.26705532141088084,-1.5433331728060726,-0.5041113080570603,0.18717596293119068,0.544798887498694,0
sub-s572_motorSelectiveStop,0.6719365071886552,0.27376222037129555,-1.5708694782323787,-0.418898114954589,-0.12992103523552628,0.5289058773382123,0
sub-s572_rest,0.8089004333308544,0.3067636583784039,-1.5327243238095942,-0.6012151296739241,0.1649095223156773,0.5313284082327926,0
sub-s572_stopSignal,1.3087282939602314,0.25193085263570086,-1.6460428609508484,-0.6272440231384594,-0.2635471585332362,0.6315884340469785,0
sub-s572_ANT,0.9102168172213867,0.2648010938806774,-1.633400900179188,-0.5365547332364398,0.3177112199646743,0.49097115664014457,0
sub-s572_CCTHot,0.3516771195207796,0.3175521172078094,-1.6334850269940622,-0.36233677766415706,0.33340300268800854,0.5826133118028065,0
sub-s572_rest,1.33427133875974,0.30117937453449467,-1.6536103193687495,-0.7648084302431828,0.1898863041989948,0.6330941766142267,0
sub-s572_WATT3,1.6973382189912685,0.2935662067979828,-1.620985273873871,-0.6613565478763861,0.3916964215998365,0.4982387493238856,0
sub-s572_twoByTwo,0.6853504873513991,0.3096492897844059,-1.6639822686105066,-0.5376846087573076,-0.47413514458050016,0.44994540726979587,0
sub-s586_discountFix,-0.7796262051734936,-1.1680197473146519,0.05182689039275373,0.6884769263079557,-0.09399011469165278,-1.16451302610671,0
sub-s586_motorSelectiveStop,-1.2667060777740726,-1.2541227221561153,0.05270171886925355,0.8869320569867836,-0.18535536991187326,-1.2775649583974324,0
sub-s586_DPX,-1.5420472148805757,-1.2947832674741615,0.10954003235347066,0.7501976272635307,-0.8683855813330884,-1.1542641355893397,0
sub-s586_stroop,-0.121833812838161,-1.3070898997375562,0.0446275786005884,0.3232998850395977,1.4091409799402588,-1.2154134944001822,0
sub-s586_rest,0.0016733433759191084,-1.2828619176254539,0.021074782381480937,0.0855521542823541,-0.2248897384655817,-1.1520646133799146,0
sub-s586_surveyMedley,-0.7802594937010456,-1.171023953643948,-0.030231613911352546,0.529962638226897,-0.48568777626413445,-1.141920095455292,0
sub-s586_rest,-0.40123019713750246,-1.9410930389922676,0.29538831366733437,-0.036901191094041004,-1.0257390662865982,-1.2159790912160524,0
sub-s586_ANT,-1.0206988530381342,-1.7595320156176129,0.3997362994957271,1.0771515633407893,0.04983042455556506,-1.2668325805225502,0
sub-s586_CCTHot,-1.541334154004717,-1.7354949869273033,0.3570163752091533,1.56742214104443,-0.6986587992773532,-1.3715224795365966,0
sub-s586_stopSignal,-2.1509721669515915,-1.426901527761398,0.3712940912153614,3.214617832052277,-0.9593077921703151,-1.3474581066385405,0
sub-s586_twoByTwo,-2.053082631985246,-1.6965722751496,0.361280457796252,2.426200659455591,-0.9181386048653002,-1.3310902879695463,0
sub-s586_WATT3,-0.6026495694290006,-1.7382955761904046,0.21727162240563183,0.6656348366850047,0.1757821929550566,-1.2614797683328058,0
sub-s172_DPX,0.6299462991436674,-0.48054315887839594,0.9107394097045631,-0.5928320131327125,-0.26635399806342336,-0.6584077579520166,0
sub-s172_surveyMedley,0.9167300307938455,-0.4705074567572403,0.8166050632889952,-0.5885682859606799,-0.04703139006692414,-0.5069662200732864,0
sub-s172_stroop,1.8534511764212056,-0.45330698707481765,0.89236778570253,-0.6672218806296579,0.2505531616799118,-0.6189463145125981,0
sub-s172_discountFix,0.813346901235694,-0.4088090978601119,0.9353430848737416,-0.6515613926726377,-0.17357044216607587,-0.6562602333683349,0
sub-s172_motorSelectiveStop,0.3719087318725085,-0.44865366390870126,0.841736437887948,-0.6210489263801199,-0.56149381503193,-0.6711556287034132,0
sub-s172_rest,0.8282206236800927,-0.4586777404325238,0.8968544738306666,-0.5601598687067525,-0.15321131242596833,-0.529870532733148,0
sub-s172_WATT3,0.6682003493890428,-0.925066095521249,0.25471545637641246,-0.7212240164123843,0.12146791677801538,-0.6495175223784196,0
sub-s172_ANT,1.356633881427151,-0.935802358007861,0.2359948953638616,-0.8953534685811254,0.14283498543693776,-0.6274892451897196,0
sub-s172_rest,0.5679005280673514,-0.9638382368279406,0.3133199244831693,-0.8973916112686449,0.36781685871927106,-0.6017071771382027,0
sub-s172_stopSignal,1.1854210270786893,-0.9485528951559493,0.315835254099155,-0.7797363366464293,0.0014571417688294989,-0.6193865208274918,0
sub-s172_CCTHot,1.327066153552929,-0.9316316098542817,0.07785930894308873,-0.805708301588739,0.08766450067014214,-0.6459697598440202,0
sub-s172_twoByTwo,0.6633852782196146,-0.9143069811014993,0.25186158554167165,-0.822276085380828,-0.2674480254741907,-0.6926720047376602,0
sub-s144_CCTHot,-0.14268343165837938,-0.06757845781968928,-0.9250259994813766,-0.5059128137294381,-1.101103455528201,2.5307791493203644,0
sub-s144_WATT3,0.5033705054698272,-0.09623356050345558,-0.8986804642030091,-0.44443460562351866,-0.6553902110228581,2.4526909413105016,0
sub-s144_stopSignal,1.901088410930987,-0.2106693274479359,-0.9026974207402335,-0.7871146706416804,-0.14265131635023148,2.4363224811613637,0
sub-s144_twoByTwo,0.3916898291230734,-0.12864794694628956,-0.9573962350802911,-0.6958638941803632,-0.6298467843746597,2.916448784594635,0
sub-s144_ANT,1.0416999857013929,-0.1939009000148968,-0.8870297195765185,-0.6556452754220322,-0.5866798812440556,2.4668095419260183,0
sub-s144_rest,1.621736650244108,-0.18099426953493425,-0.9504664228898376,-0.7784578010008777,-0.18310614939294426,3.1765362295319117,0
sub-s518_DPX,0.3898572046002924,1.3671756162005209,-0.6717683534297039,-0.8691801876602002,0.09209008091008632,0.245376182039623,0
sub-s518_rest,0.18640470717111254,1.2563825489056446,-0.5634080439712849,-0.848181440899722,-0.024545437190287657,0.6077871057418526,0
sub-s518_surveyMedley,0.7241253501696263,1.1013861038740462,-0.5419869500525202,-0.9364437076869722,0.3223520860418434,0.4029033288366451,0
sub-s518_motorSelectiveStop,-0.22973676418465244,1.2100000422327242,-0.538847081946528,-0.8066358026468399,-0.3821423796507007,0.295524231858984,0
sub-s518_stroop,1.0285684179901249,1.1832046466314672,-0.5382389281283213,-0.9453640140130387,0.5957941173344508,0.37604915879483497,0
sub-s518_discountFix,0.41439346734876037,1.1659968163237449,-0.5789357409393932,-0.9313967950194474,0.15007316066975382,0.5328063784832431,0
sub-s518_ANT,0.0809658350278667,0.7978174460068577,-0.33166866989183447,-0.9284826708786367,0.47622124501668894,0.28243018823489463,0
sub-s518_stopSignal,0.29529549081540724,1.1308264042941727,-0.2049134588976519,-1.0362184796555756,0.21652274464758853,0.1460493966317418,0
sub-s518_twoByTwo,-0.16684803473044615,1.1212104033347394,-0.13801992882726913,-0.9995678644270685,0.00010730272502233837,0.07379986541907818,0
sub-s518_WATT3,-0.9860895738791771,0.7993702120595663,-0.32774764843295573,-0.9543587145101081,-0.4814090408249922,0.3433360864642444,0
sub-s518_CCTHot,-0.4762803891936861,1.0132238736568333,-0.2392442052260025,-0.6842917688360892,0.29483445593625235,0.24454029567861452,0
sub-s518_rest,-0.36190701404011094,0.8020801330253796,0.4823726742246394,-1.0472743268268967,-0.43144905942067696,0.5509804920337431,0
sub-s587_stopSignal,1.4600891423040778,1.9301909200260823,-0.38613064097604055,-0.21606248919004775,0.3206384810157229,0.4437977634482222,0
sub-s587_rest,1.2335399520901222,2.048154223709743,-0.4655255626337905,-0.36241181295021585,0.04996577698562624,0.6756214423297022,0
sub-s587_WATT3,0.6484424808682531,1.8015097715609776,-0.45523587574425184,-0.36125495895174614,0.0234876016709294,0.42936959206231373,0
sub-s587_ANT,0.40780262091626374,2.0486335126488027,-0.4272731168601352,-0.1545427567273816,0.059723194790259934,0.3947553235231167,0
sub-s587_twoByTwo,0.2908374085456801,1.783534229171366,-0.35326570128643714,-0.2815858328752389,-0.5555910787951971,0.2832742251671372,0
sub-s587_CCTHot,0.911701622079904,1.9322287996198406,-0.408312096664173,-0.40698365943247966,-0.39008613238204204,0.5093751464867472,0
sub-s587_motorSelectiveStop,0.089904005732371,1.1821655642353261,-0.3546698111610237,-0.37620117833535643,-1.105362588994783,0.5662892269859433,0
sub-s587_surveyMedley,1.662998820995356,0.948461245449992,-0.2932582532824598,-0.5018798437331043,0.13194195622194463,0.443734219179897,0
sub-s587_discountFix,1.1512527881442773,1.0840725020064168,-0.3568178981331599,-0.46031554759834337,-0.4364447384212889,0.49523843349071006,0
sub-s587_DPX,0.9506183024062317,1.1687075263573325,-0.382980038085079,-0.5494475396803176,-0.3703182522601203,0.4057496894353988,0
sub-s587_rest,1.4692614341534205,1.2417464699047485,-0.33302193078496334,-0.5307284527953489,0.06414943127486447,0.6137250987589047,0
sub-s587_stroop,2.4421087561222863,1.0126611101763094,-0.3199899018266756,-0.48940002161517016,0.8355491447586552,0.4368765700419305,0
sub-s573_DPX,-2.5428469510807523,0.8427656657335684,-0.3283212249437709,1.9907613506681237,-1.9685041486958466,-0.31066439093157105,0
sub-s573_discountFix,-1.2561996621685694,0.8399172311134656,-0.1824192254747058,2.24440491782906,-0.33322143496215406,0.03721013991114172,0
sub-s573_stroop,0.21533364497651994,0.9270711646638474,-0.2591236710247855,0.3032056222538882,0.1288443999342602,0.08303582105585491,0
sub-s573_motorSelectiveStop,-0.6773201551380705,0.4926525306274366,-0.6388803622018435,0.21931748616324914,0.8585624209870261,-0.3864340632983408,0
sub-s573_surveyMedley,-1.6790203102582124,0.705349366691575,-0.10591478591834146,1.1005880535979908,-1.4863396818501893,-0.07969214487104603,0
sub-s573_rest,-1.4390773121994753,0.3147767303049483,-0.5855127741962839,0.4133728862291717,0.7426353164671802,-0.4200360007029615,0
sub-s573_stopSignal,-0.5120526330473034,0.9238508579662218,-0.5892074611888193,1.182805100747732,-0.1789355410699813,-0.20621104715394395,0
sub-s573_WATT3,0.43426136669480053,0.7611076723304158,-0.5280699228214376,0.5099880214264633,0.31566724652373934,-0.2026610205719795,0
sub-s573_ANT,-1.5321392447079618,0.9734769913457846,-0.6017919061125644,2.0362851186237045,3.8984349830522156,-0.2902970190365759,0
sub-s573_rest,-1.328881440711239,0.9265252530477144,-0.504810016735512,0.7208657117900258,0.791233150228655,-0.3658125143300451,0
sub-s573_CCTHot,-0.406112509366806,0.9036698172663954,-0.5766620004841907,0.6530506573290485,-0.8910865660280657,-0.21085008061468707,0
sub-s573_twoByTwo,-2.016613526238376,1.0127673349464474,-0.5884290197816114,1.437992149578185,2.6900121922757654,-0.349686156333861,0
sub-s574_motorSelectiveStop,0.3741613073783284,-1.4302386444614614,-0.46389432730870733,-0.9713196694767788,-0.5560991396069523,-0.5830079554891203,0
sub-s574_DPX,0.13082385836061772,-1.388867920459978,-0.45079257874695644,-0.9776205614311049,-0.5054286527162529,-0.6807305122606746,0
sub-s574_rest,0.7570808048968344,-1.4110812381804654,-0.571016407569822,-0.9539649607965004,-0.3135109706793923,-0.4833475249384061,0
sub-s574_surveyMedley,1.145816654094547,-1.3877606353836924,-0.4125916599411789,-1.043569457967399,-0.12564463096855866,-0.596948601966026,0
sub-s574_stroop,1.4802315074308814,-1.3756530359892265,-0.44795362361344243,-1.026808478972737,0.30313224065997557,-0.5819664936092073,0
sub-s574_discountFix,0.5123618577398692,-1.4763863493763392,-0.34971079249403547,-0.9718807024859171,-0.22059955585510135,-0.7418301374933387,0
sub-s574_ANT,1.56593023824185,-1.0746471146911483,-0.8955282793437351,-1.0899345227239863,0.006564201957129598,-0.48294633570988305,0
sub-s574_stopSignal,0.7626728159490027,-1.0554084846257268,-0.8974859651297591,-0.9120128129454363,1.2465908508776382,-0.5153498372700821,0
sub-s574_WATT3,0.6737978619824737,-1.0418845786595528,-0.9565654757210462,-1.0955383731597326,0.05408754062331357,-0.3451644005369863,0
sub-s574_twoByTwo,0.3132494650844536,-1.0974942558265606,-0.9088468705619538,-1.027354153619003,-0.1525913706907329,-0.5847619886059999,0
sub-s574_CCTHot,-0.45711668712924824,-1.0833708138869997,-0.8938696985664034,-0.46483814332735984,-0.4126880352137823,-0.571354751735415,0
sub-s574_rest,1.0450186376474164,-1.0170949931796125,-0.8937392991784058,-1.1033044760086204,-0.3337538289013385,-0.4028758785885855,0
sub-s589_rest,0.6811900995922104,-0.15237444042663564,0.8008554387662686,-0.6466846898158836,0.09211163453933624,-0.5459491947939621,0
sub-s589_WATT3,0.7271573106876362,-0.1951470914178146,0.7508846757196579,-0.2588626323383786,0.4748998428531445,-0.5221840912498767,0
sub-s589_ANT,0.9627271947250328,-0.18998940621432522,0.7860891205471485,-0.4928560001778629,0.32400454981700566,-0.6457385251193787,0
sub-s589_twoByTwo,0.35909686483682896,-0.20874533971260614,0.7490159191523094,-0.4370376403529088,-0.15097310916217702,-0.613825491730017,0
sub-s589_stopSignal,0.9560061451493244,-0.21237227958588148,0.8246771695984072,-0.48679390357328617,0.40104689847567887,-0.6399391672815585,0
sub-s589_CCTHot,0.008107090241252711,-0.29648728375384953,0.881497855435719,-0.3601529687564525,0.07512545647201568,-0.6517174973973577,0
sub-s589_discountFix,0.41466426543534873,-0.2091227022056103,0.19522192207834252,-0.6723362380900417,0.06381312558543804,-0.7940509228584831,0
sub-s589_DPX,0.05774199551169052,-0.26491418355506247,0.20082389786639018,-0.5810773575028069,-0.29544703633860864,-0.8524439546954079,0
sub-s589_motorSelectiveStop,0.2702066288112374,-0.20462921994852865,0.17689052527052546,-0.5691382539542168,-0.09775312829336631,-0.8197774462764048,0
sub-s589_rest,0.558973360445372,-0.060673017984834425,0.296060424204434,-0.7424207345637484,0.04632672007175515,-0.6547695089832681,0
sub-s589_stroop,1.1398921054371776,-0.15496621985700293,0.2322614501476826,-0.7498246409167196,0.6199145296557637,-0.7911391312851002,0
sub-s589_surveyMedley,0.893543479501782,-0.1990019195556717,0.21742529932736565,-0.7204206969544554,0.1224633732388094,-0.7861420764360739,0
