name,gsr_y,dvars_vstd,fd_mean,fber,tsnr,snr,mriqc_fail
sub-s597_ANT,40.83504867553711,4.119255893298856,0.0301994923502206,0.1227970396545403,0.9927602948007256,12985.1982421875,0
sub-s597_CCTHot,39.96372604370117,4.084193402645131,0.0279258731752634,0.1106620111918948,1.0081984852405323,12947.166015625,0
sub-s597_twoByTwo,35.479087829589844,4.055799549397661,0.0301463641226291,0.1328865637303759,0.9752478594849364,12936.1728515625,0
sub-s597_WATT3,40.54901123046875,4.0965957709614145,0.0285601913928985,0.11935909602094,0.995810218477466,13048.748046875,0
sub-s597_rest,36.12712860107422,4.120589839905667,0.030417775735259,0.1411602603634797,0.9765605939574474,13168.076171875,0
sub-s597_stopSignal,44.9376220703125,4.082191019925851,0.0300644729286432,0.106378603253686,0.9927625728094296,12785.30859375,0
sub-s597_surveyMedley,40.595645904541016,4.265769424308629,0.0311197601258754,0.0964949375817007,0.9998808240439936,12056.7099609375,0
sub-s597_rest,39.755958557128906,4.304211931109092,0.0299903657287359,0.1059243402259335,0.9998439773758864,13573.369140625,0
sub-s597_DPX,33.46302795410156,4.26715708799329,0.0307289343327283,0.1238253284120097,0.9667629896917496,12881.9482421875,0
sub-s597_discountFix,37.85191345214844,4.237742084576862,0.0318234600126743,0.1092292681657476,0.9889647598008376,11854.87109375,0
sub-s597_stroop,38.68329620361328,4.206804031071388,0.0330892987549304,0.1168352185382806,1.0257054578994087,11576.1767578125,0
sub-s597_motorSelectiveStop,33.5558967590332,4.236891246341862,0.0318033695220947,0.1292301464646432,0.9957648009155634,11946.15234375,0
sub-s590_twoByTwo,37.230926513671875,3.3737718972280586,0.029806200414896,0.0792308224272623,0.9625747266763856,12996.345703125,0
sub-s590_CCTHot,42.17064666748047,3.357719370173561,0.0303443297743797,0.0743638417704261,0.9866775543484042,12933.10546875,0
sub-s590_rest,41.51118087768555,3.4439684506664925,0.029182530939579,0.0739229189717211,0.9770103063971636,15742.60546875,0
sub-s590_ANT,41.40745544433594,3.365864241158977,0.0302662570029497,0.0751400683963867,0.9835440783677298,13583.263671875,0
sub-s590_WATT3,39.214630126953125,3.364301800524048,0.0307172331959009,0.0778296513446888,0.9790755486267596,12631.70703125,0
sub-s590_stopSignal,41.5335693359375,3.409043620467014,0.0293562300503253,0.0742624305230109,0.9767769595275592,15150.8037109375,0
sub-s590_motorSelectiveStop,35.01911163330078,3.3184692983378055,0.0198351591825485,0.0947786543045095,0.9935817127772124,11214.2265625,0
sub-s590_stroop,34.195613861083984,3.2840892623738407,0.0212322995066642,0.0912093112612846,0.9663327157100592,11706.966796875,0
sub-s590_DPX,32.279266357421875,3.298568165560973,0.0208749193698167,0.0863315096306558,0.952364350589302,12587.3046875,0
sub-s590_discountFix,35.57391357421875,3.3174394398426803,0.0195589736104011,0.0949917707869003,0.9827975503651988,11658.923828125,0
sub-s590_surveyMedley,44.21230697631836,3.3040056025394313,0.0200960282236337,0.0743462722859253,0.982088608502496,12196.546875,0
sub-s590_rest,39.963600158691406,3.335047479366128,0.0202518831938505,0.0710596243061739,0.98529115529078,14075.31640625,0
sub-s599_stroop,44.80672073364258,3.406888612516739,0.0334828868508338,0.1157804073361114,1.0015047658579883,12278.720703125,0
sub-s599_DPX,33.3386344909668,3.344843010177966,0.0319546423852443,0.1433265463847645,0.9912795605893022,10964.0380859375,0
sub-s599_surveyMedley,43.75384521484375,3.3362750155139116,0.0335059240460395,0.1279599714195749,1.0011699391347757,11030.7939453125,0
sub-s599_discountFix,37.296531677246094,3.377826095631988,0.0328832268714904,0.1466926015068202,0.9670409049294252,11186.7783203125,0
sub-s599_rest,40.902565002441406,3.423588274816891,0.0330112054944038,0.1106084729031965,0.978639168780142,11481.990234375,0
sub-s599_motorSelectiveStop,36.75579071044922,3.341125586140494,0.0336673967540264,0.1396461864398981,0.9638254583011184,10978.619140625,0
sub-s555_twoByTwo,38.63599395751953,3.1251286769412325,0.025197235867381,0.0620909226033009,0.96647311526725,9826.6982421875,0
sub-s555_ANT,46.16164016723633,3.15390661955506,0.0245985481888055,0.0593850978020242,0.9953523258745248,10390.1474609375,0
sub-s555_rest,41.534385681152344,3.1421332149446344,0.0247510243207216,0.0681162746946673,0.9869680006524832,10810.341796875,0
sub-s555_WATT3,35.53641128540039,3.1406665718800744,0.0241023451089859,0.0767328163800442,1.0001348075866177,10264.6826171875,0
sub-s555_stopSignal,44.99327087402344,3.1335830103413955,0.0239881183952093,0.0592834912238999,0.993313838004116,10062.435546875,0
sub-s555_CCTHot,37.2164421081543,3.104354807959622,0.023356394842267,0.0685772541931733,0.9751418371334596,10928.111328125,0
sub-s555_DPX,41.158355712890625,3.0154597509093013,0.0264733396470546,0.0572796114525136,0.96997882650952,10642.486328125,0
sub-s555_surveyMedley,47.26604461669922,3.0447479341750636,0.026181973516941,0.0618703551913914,0.9840601456073216,11332.271484375,0
sub-s555_motorSelectiveStop,43.6446418762207,2.986450457626072,0.0259733814746141,0.0586641615715349,0.9774572339674452,10550.126953125,0
sub-s555_discountFix,43.69831466674805,2.9619855877974155,0.0261558648198843,0.0572897428089094,0.9764677729547846,10584.4091796875,0
sub-s555_stroop,51.12344741821289,2.9659093001461185,0.025834621861577,0.0609671099100641,1.00001106433735,10637.47265625,0
sub-s555_rest,43.618385314941406,3.045104990775378,0.027260635048151,0.0630569862808443,0.9780494365531918,11595.3203125,0
sub-s358_stopSignal,36.59288024902344,3.7618955118699393,0.0191753488034009,0.1283691601088712,0.9976627774760998,20088.876953125,0
sub-s358_rest,38.406002044677734,3.5776347785811167,0.0229162611067295,0.0759458632825723,0.9726443164113484,22802.208984375,0
sub-s358_twoByTwo,41.5596809387207,3.6994872635789102,0.0184905044734478,0.0877405650915325,0.972432752585033,20479.0625,0
sub-s358_CCTHot,40.73958969116211,3.5852622835242376,0.0181552190333604,0.0885945605614952,0.9892817720446524,19276.9296875,0
sub-s358_ANT,35.58039855957031,3.665644956134687,0.0182525981217622,0.0867753445849817,0.939995546135182,20550.259765625,0
sub-s358_WATT3,40.73765563964844,3.5739674905836964,0.0200915560126304,0.1046955331414551,1.000624292794702,20748.650390625,0
sub-s358_discountFix,35.17314529418945,3.893293108643085,0.0200389958918094,0.1399234206433927,0.9875779311310776,15418.2646484375,0
sub-s358_surveyMedley,39.93952178955078,3.973677716037443,0.0189847946166992,0.0888448081537509,0.972763018336106,17552.0703125,0
sub-s358_motorSelectiveStop,32.246665954589844,3.9495438878714144,0.01953742839396,0.1485954615935565,0.9519187375381492,15953.8876953125,0
sub-s358_rest,37.0119743347168,3.845133940722187,0.0208948999643325,0.0827209028502465,0.9663806360992916,14738.0673828125,0
sub-s358_DPX,28.46253204345703,3.848809542651043,0.0197724495083093,0.125733989188312,0.9249969789598536,14972.2041015625,0
sub-s358_stroop,42.81889724731445,3.863419770048571,0.0172289628535509,0.07148519909006,0.959790649969136,14884.314453125,0
sub-s554_ANT,39.942962646484375,3.357149068951641,0.0361755192279815,0.0858640879632159,0.9928381247962964,6491.6826171875,0
sub-s554_stopSignal,41.23223114013672,3.393963974967707,0.0354963988065719,0.0780871956498191,0.9857450033925038,6609.99169921875,0
sub-s554_rest,35.782413482666016,3.4195588720628813,0.0359184779226779,0.0955859085459861,0.9777696231489372,6908.30517578125,0
sub-s554_CCTHot,35.70293426513672,3.3816140386000777,0.0358802862465381,0.0803895593597655,0.9740447501033836,6411.27978515625,0
sub-s554_twoByTwo,32.89673614501953,3.3733385673755993,0.0356200002133846,0.1076275985231806,0.974929225976677,6223.3427734375,0
sub-s554_WATT3,40.93048095703125,3.3509874253326486,0.0357301421463489,0.0712134176166995,0.9869619855288468,6633.82861328125,0
sub-s554_rest,40.833702087402344,3.294356043894099,0.0421041697263717,0.0690799796794603,0.9747544300425526,8172.458984375,0
sub-s554_surveyMedley,46.54253387451172,3.2634856256666684,0.0414119288325309,0.0638966263768952,0.9940551873211316,8402.5595703125,0
sub-s554_DPX,37.6952018737793,3.2533829712105953,0.0415553003549575,0.0762503655931156,0.9782341997733456,7729.68505859375,0
sub-s554_motorSelectiveStop,40.51359558105469,3.265708394586779,0.0407607108354568,0.0723884685200662,0.9874423524667344,7926.45166015625,0
sub-s554_discountFix,38.80760955810547,3.2514505288384172,0.0412023179233074,0.0831893283815913,0.9774143017145888,7980.513671875,0
sub-s554_stroop,46.40916061401367,3.243674995576763,0.0410180240869522,0.0727079611423056,1.0219429344099376,8109.26025390625,0
sub-s130_DPX,42.26651382446289,2.9857497564990543,0.0323279611766338,0.0443224863481546,0.9661134157142848,26531.296875,0
sub-s130_discountFix,43.71367263793945,2.979702509906293,0.0325642637908458,0.0369480248996726,0.9702235976086953,26370.51953125,0
sub-s130_stroop,52.06747817993164,2.988622528444178,0.0329055823385715,0.0385066472694749,1.004015464792899,25582.5546875,0
sub-s130_rest,53.00101852416992,2.976471850849801,0.031908418983221,0.0296093437884628,0.9926845223971632,30081.712890625,0
sub-s130_surveyMedley,54.96642303466797,2.9886268901405018,0.033389426767826,0.030815121625432,0.994276299317804,26527.3359375,0
sub-s130_motorSelectiveStop,45.70484161376953,3.000949001123211,0.0313307009637355,0.0370315444701804,0.9630668426958292,29354.123046875,0
sub-s130_WATT3,32.55928039550781,2.634756582479868,0.0506975576281547,0.0456267802242565,0.9566746436310226,13729.2236328125,0
sub-s130_CCTHot,38.964656829833984,2.6356647623903697,0.0451693311333656,0.0313466715980326,0.9570021325147352,13378.1982421875,0
sub-s130_ANT,38.879127502441406,2.6671616432207537,0.049239944666624,0.04176460061081,0.976799440367648,14587.0390625,0
sub-s130_twoByTwo,34.2939338684082,2.6609516443207992,0.0471507981419563,0.0384683382968976,0.9403676668472905,14472.716796875,0
sub-s130_stopSignal,46.64933013916016,2.6775117057023676,0.0440944135189056,0.0312709982183334,0.975691590286807,16002.0009765625,0
sub-s130_rest,34.62234115600586,2.669601910710475,0.0436703972518444,0.0400730193563518,0.9663656613333332,15750.5859375,0
sub-s598_rest,40.347389221191406,3.2399274188643217,0.0255936533212661,0.0626630282062184,0.947170409716312,24705.724609375,0
sub-s598_stopSignal,45.822662353515625,3.2186871662297016,0.0252800490707159,0.0655781729931438,0.9954245594257424,25207.658203125,0
sub-s598_CCTHot,41.36281967163086,3.2388283858003004,0.0249492768198251,0.0989249140601308,1.002875836625,24481.1015625,0
sub-s598_WATT3,43.97380065917969,3.2366915830297853,0.0247443821281194,0.0837733401500168,0.994619847905984,24983.7890625,0
sub-s598_twoByTwo,43.70210647583008,3.2247616869954445,0.0257626622915267,0.0659749642138254,0.9674783139067046,24226.423828125,0
sub-s598_ANT,50.10606384277344,3.2263296582852456,0.02493791654706,0.0684248024868231,0.988389946624088,25102.970703125,0
sub-s598_surveyMedley,42.15501403808594,3.3640011198627287,0.0239229686558246,0.1201756446736169,1.0282582798668882,23363.23046875,0
sub-s598_stroop,31.10022735595703,3.396391956230255,0.0254101939499378,0.2014253749024729,0.9767111213455654,24145.32421875,0
sub-s598_motorSelectiveStop,23.75979804992676,3.333964027341743,0.0266011971980333,0.1514730186549881,0.8792616477924722,19466.58984375,0
sub-s598_DPX,40.95446014404297,3.2958268756018896,0.0230025760829448,0.0755096711692491,0.987439189936536,23549.85546875,0
sub-s598_rest,41.826560974121094,3.364594594418844,0.0224842019379138,0.061085749278006,0.9694668527801428,24789.328125,0
sub-s598_discountFix,27.363149642944336,3.268407757768837,0.0289016347378492,0.1516370316264005,0.9107313471103894,17692.6875,0
sub-s553_discountFix,36.54865264892578,3.1886953704727348,0.033207468688488,0.0569616871143855,0.9578330472689502,26394.291015625,0
sub-s553_surveyMedley,45.375396728515625,3.2142974966428826,0.0321937017142772,0.0583722536163714,0.9936821943760394,27807.5,0
sub-s553_rest,43.293235778808594,3.2997376369964693,0.0324329510331153,0.0544882132900408,0.9847418377021274,28308.251953125,0
sub-s553_motorSelectiveStop,38.61600112915039,3.233650190339213,0.0325340591371059,0.0531873125759194,0.9683465500713544,27927.41796875,0
sub-s553_DPX,30.712749481201172,3.1639560685689307,0.0339086465537548,0.0727944463314034,0.951449776971895,25382.150390625,0
sub-s553_stroop,47.87224578857422,3.2689375971853356,0.0336686484515666,0.052138017415408,0.991685776153846,28125.73046875,0
sub-s553_WATT3,25.308673858642575,3.131387700440944,0.0305546764284372,0.1376854076449666,0.9587460959418606,20216.349609375,1
sub-s553_rest,43.01430892944336,3.1743599897701564,0.0283289514482021,0.0767987575165797,0.964649395602838,26985.1171875,0
sub-s553_twoByTwo,35.50310134887695,3.133730441655486,0.0276804994791746,0.0752992633057994,0.99732820621963,24183.974609375,1
sub-s553_CCTHot,36.257293701171875,3.081534792329977,0.0305509679019451,0.0647620745798363,0.9923399790306124,21807.720703125,1
sub-s553_stopSignal,44.34086608886719,3.1787864366566674,0.0273336730897426,0.0607873820557421,0.977579279609375,28153.224609375,1
sub-s553_ANT,45.000274658203125,3.164277366528573,0.0301907137036323,0.0653005503143081,0.9918540151291518,23563.615234375,1
sub-s591_motorSelectiveStop,39.365333557128906,3.66243968595902,0.0235836487263441,0.0758900080735335,0.967749013926755,7837.02880859375,0
sub-s591_surveyMedley,42.74496078491211,3.670100384590671,0.0234111752361059,0.0803161218024339,0.9944912200998344,8155.88916015625,0
sub-s591_rest,40.95429229736328,3.690647269659513,0.0237403120845556,0.0843386189604246,0.9768477610070916,8085.380859375,0
sub-s591_stroop,48.12923431396485,3.667498367228205,0.0226544924080371,0.0606330820674141,0.9940720029411768,7936.62255859375,0
sub-s591_DPX,37.50681686401367,3.6539323460168687,0.0224854778498411,0.0842885589460851,0.978120053952856,8037.9130859375,0
sub-s591_discountFix,37.53028106689453,3.676374553183649,0.0245820675045251,0.0790591381388926,0.9643748097600876,7025.6943359375,0
sub-s591_rest,42.20781707763672,3.672853367722739,0.0238153170794248,0.0480268562037266,0.9836707435460988,8074.2109375,0
sub-s591_twoByTwo,41.79019927978515,3.6225701113556745,0.0222440306097269,0.0561441114957318,0.97455373963071,7581.0615234375,0
sub-s591_ANT,42.74896240234375,3.658622589999553,0.0228252839297056,0.0541588759797319,0.9840443877060924,7771.9404296875,0
sub-s591_stopSignal,44.75943756103515,3.668131282364426,0.0230728313326835,0.0470432068689077,0.9892568353203884,7877.50537109375,0
sub-s591_CCTHot,40.61659240722656,3.6456447311619273,0.0230963584035635,0.0502670168184635,0.9749816295232798,7412.86767578125,0
sub-s591_WATT3,44.10563278198242,3.577295666821303,0.023405909538269,0.0600436090319921,0.9896351950684936,7606.85888671875,0
sub-s596_rest,41.04713439941406,2.9362836079122716,0.0263675525784492,0.0529941508270556,0.9840670703262407,19993.0625,0
sub-s596_twoByTwo,37.79404830932617,2.972418303390717,0.0268872007727623,0.0676839364823104,0.966959453206998,19011.51171875,0
sub-s596_WATT3,35.51165771484375,2.9845809223175896,0.0268608033657073,0.1033799226755302,0.9701166760900494,20187.2734375,0
sub-s596_ANT,46.0494384765625,2.958230315609058,0.0279918368905782,0.0652727879928929,0.9871867712927758,18569.958984375,0
sub-s596_CCTHot,38.08436584472656,2.948195312624051,0.0279366467148065,0.0738740097235906,0.9937718468905952,19081.060546875,0
sub-s596_stopSignal,45.79413986206055,2.965932179025895,0.027464235201478,0.0644067460934081,0.9973650806490868,20920.21875,0
sub-s596_surveyMedley,39.63203430175781,2.9274179032699448,0.0306700449436903,0.0709605260850995,0.9946527166389356,17664.166015625,0
sub-s596_DPX,38.13954544067383,2.886557655865395,0.0309934057295322,0.0695944237405453,0.9584807849954656,15849.2119140625,0
sub-s596_discountFix,42.15932083129883,2.900383706681914,0.0307866893708705,0.0631464594322608,0.970652005728156,16020.2998046875,0
sub-s596_rest,35.281890869140625,2.8605445685288395,0.0302005112171173,0.0545321952531876,0.954480423120568,18372.390625,0
sub-s596_motorSelectiveStop,40.75498962402344,2.8682161132914734,0.0316557437181472,0.0542783648498045,0.961538472247424,16687.154296875,0
sub-s596_stroop,47.36576843261719,2.969704321252685,0.0316425077617168,0.0564090718532262,1.0109392742899403,16315.0302734375,0
sub-s622_DPX,37.21659851074219,3.578116752907134,0.024230295792222,0.0765471281014948,0.9689285535358124,13726.31640625,0
sub-s622_motorSelectiveStop,37.84919738769531,3.510291124467568,0.0247880984097719,0.0723551606007673,0.9630104315768068,14299.1201171875,0
sub-s622_discountFix,39.968849182128906,3.560452046530345,0.0244009885936975,0.0836113945120621,0.9820958145037356,13953.5166015625,0
sub-s622_rest,38.62408828735352,3.6523811535243897,0.022874429821968,0.0989339074628461,0.9771519771773052,16287.3740234375,0
sub-s622_stroop,45.88220977783203,3.5825515203027964,0.024047864601016,0.067648748929316,0.9917997751775152,14315.2158203125,0
sub-s622_surveyMedley,42.36048126220703,3.625801473290004,0.0237416885793209,0.0761214605502482,0.9895739157404324,13813.49609375,0
sub-s622_stopSignal,38.911903381347656,3.49557498665528,0.0212895087897777,0.0822791959149944,1.007960670887574,12144.4736328125,0
sub-s622_twoByTwo,35.44942092895508,3.567363885009716,0.0224494542926549,0.0689137640895237,0.9554864270748288,10797.4443359375,0
sub-s622_rest,37.18846893310547,3.540235472487784,0.0238437931984663,0.0795114157610587,0.9692761577304952,12440.064453125,0
sub-s622_ANT,43.85377502441406,3.405380406666315,0.0260378457605838,0.071884979742438,1.0060488553095686,10383.595703125,0
sub-s622_CCTHot,37.45861053466797,3.411736480742206,0.0251412261277437,0.0662536378898017,0.9676744201606424,9512.615234375,0
sub-s622_WATT3,38.28955078125,3.4627485873239734,0.0251184348016977,0.0752245751339689,0.9687211599654388,10994.56640625,0
sub-s613_rest,37.00617599487305,2.515781893707565,0.0263669285923242,0.0643559671369188,0.9800068312056724,8037.30419921875,0
sub-s613_stopSignal,41.31671905517578,2.582653934727735,0.0258933994919061,0.0808787906460766,0.9956134827151052,7796.369140625,0
sub-s613_CCTHot,27.48923110961914,2.80708018941109,0.0326057374477386,0.1651385252013171,0.9349603849903096,5911.86328125,0
sub-s613_WATT3,40.767112731933594,2.8066175383371936,0.0313412770628929,0.0971412596861573,1.0094804382298843,5722.6337890625,0
sub-s613_twoByTwo,35.191307067871094,2.729165097282055,0.0270477253943681,0.0892426623059606,0.9693468886297378,6888.412109375,0
sub-s613_ANT,42.33504486083984,2.5524217479552203,0.0267477221786975,0.0644010999813026,0.9983035875899292,7849.7919921875,0
sub-s613_motorSelectiveStop,27.06725311279297,3.109611738228908,0.0261745229363441,0.1747484763003744,0.9616345946490328,6448.24658203125,0
sub-s613_discountFix,32.60877227783203,3.1588025882505613,0.0249129328876733,0.1583796692705102,0.9874762329899208,7217.7998046875,0
sub-s613_stroop,31.419185638427734,3.082470421021082,0.0241574458777904,0.2448452904463726,0.9965667199999998,7431.36669921875,0
sub-s613_DPX,29.834531784057617,3.129506461797537,0.0226530376821756,0.1688786805209076,0.9727622023028104,6906.2626953125,0
sub-s613_rest,33.19477081298828,3.1062517665378135,0.021758934482932,0.1604153867029523,0.9889081952765948,7226.435546875,0
sub-s613_surveyMedley,34.89997863769531,3.171013043915757,0.0214496441185474,0.1312303086603424,0.9772019036106476,7240.2548828125,0
sub-s614_CCTHot,40.29949951171875,3.0985524426718527,0.0178241860121488,0.0561412476412991,0.9790552178759402,18153.935546875,0
sub-s614_stopSignal,45.19737243652344,3.0944986644407044,0.0174893978983163,0.0649570969788076,0.9892846286575888,19091.8359375,0
sub-s614_twoByTwo,40.49735641479492,3.1502985291698806,0.0178224463015794,0.0776100917660203,1.0050688410884343,18297.21484375,0
sub-s614_ANT,44.575443267822266,3.1432706313278445,0.0182468183338642,0.0696658547124018,0.994626354038128,18866.458984375,0
sub-s614_WATT3,41.22356796264648,3.075183118841944,0.0177363287657499,0.0603444830879513,0.9623528593091736,19901.521484375,0
sub-s614_rest,42.76466369628906,3.137132410099622,0.0177760943770408,0.062086230446613,0.976480939758866,20854.51953125,0
sub-s614_stroop,40.905887603759766,3.5060634262294013,0.0165349468588829,0.0914683923415498,1.0021178899704142,24885.634765625,0
sub-s614_rest,46.2819938659668,3.534252996140495,0.0157458949834108,0.0683112958453117,0.983319011134751,24932.103515625,0
sub-s614_surveyMedley,45.58411407470703,3.5173189950810446,0.0156890582293272,0.0819050771996949,1.0047330711705689,24638.634765625,0
sub-s614_discountFix,43.45466613769531,3.518527345332545,0.0163228474557399,0.0689771210822426,0.975637972627118,24815.90625,0
sub-s614_motorSelectiveStop,33.949851989746094,3.5248265436688873,0.0166981071233749,0.1136049704834462,0.954779365920652,25573.3828125,0
sub-s614_DPX,37.42200469970703,3.4926776931549908,0.0171902850270271,0.0816132570356974,1.03333392463282,22604.453125,0
sub-s640_CCTHot,31.94464683532715,3.710542634005844,0.0376975126564502,0.116067118631917,0.98052085947497,6431.54638671875,0
sub-s640_ANT,36.67898941040039,3.643771358508924,0.0404558926820755,0.106880446389157,0.9859555022950812,7486.84912109375,0
sub-s640_stopSignal,37.95991134643555,3.657161024821135,0.0404434092342853,0.1187144692164523,0.9897266889299612,7384.05419921875,0
sub-s640_WATT3,33.960697174072266,3.6898467415573433,0.0373995788395404,0.1554443564087692,0.9854361265180724,6862.20703125,0
sub-s640_twoByTwo,32.26774597167969,3.6604608785019495,0.0405343882739543,0.0929394215429115,0.9845259001846456,7229.88720703125,0
sub-s640_rest,37.29359436035156,3.721541681141402,0.0391527637839317,0.1105796246438338,0.9777773665248216,7943.00048828125,0
sub-s640_stroop,39.211204528808594,3.5698913490281683,0.0348308533430099,0.0775309915656632,0.9928211563580246,8260.84375,0
sub-s640_discountFix,31.829082489013672,3.614326315925391,0.0351772867143154,0.0997425448348113,0.9819301752380958,7719.25244140625,0
sub-s640_rest,30.3006591796875,3.6280486454919063,0.0354952588677406,0.1159670735888574,0.9666942859290786,7815.04052734375,0
sub-s640_DPX,27.822660446166992,3.596007515879001,0.0356923453509807,0.1987200666241853,0.9746721330091752,7049.7353515625,0
sub-s640_motorSelectiveStop,30.65388298034668,3.6131546096345217,0.035973098129034,0.1115045689742124,0.9728211288301108,7723.27490234375,0
sub-s640_surveyMedley,28.782011032104492,3.5755017356733476,0.037624143064022,0.1341259711472425,0.9866433014975052,7246.15771484375,0
sub-s647_WATT3,43.75993728637695,3.9390256685506166,0.026643281802535,0.0818039089385363,0.9957530407879648,11821.0400390625,0
sub-s647_rest,40.1302490234375,3.9580376926030585,0.0263061579316854,0.0799149081108314,0.985372816638297,12313.5830078125,0
sub-s647_stopSignal,43.27787399291992,4.000846176011586,0.0256306808441877,0.0878094224332296,0.989167139069308,12250.4208984375,0
sub-s647_ANT,40.42133712768555,3.9941468183419984,0.0260861124843359,0.1022997962162342,0.9786520502071566,12762.72265625,0
sub-s647_CCTHot,36.88469314575195,3.964195504088768,0.025140032172203,0.0915649112474343,0.975178354687855,12370.3984375,0
sub-s647_twoByTwo,37.261085510253906,3.919657670092365,0.0273953266441822,0.0905689101399523,0.9770622775196842,11062.7470703125,0
sub-s647_surveyMedley,42.13445281982422,3.619919849637256,0.0395184345543384,0.0744817936146286,0.985558602329451,13851.5634765625,0
sub-s647_DPX,38.952449798583984,3.637435558552413,0.039899542927742,0.0688580242866819,0.965964810915686,13501.9052734375,0
sub-s647_motorSelectiveStop,40.91828155517578,3.57979607040755,0.0393188670277595,0.0685017773277999,0.9771242635198372,13206.9521484375,0
sub-s647_rest,42.20562744140625,3.522541307418878,0.0395286977291107,0.0621654556989122,0.9851819575319172,13771.1083984375,0
sub-s647_stroop,49.901084899902344,3.5686733393830914,0.0385004393756389,0.0614042302720348,0.997516305532544,13862.1005859375,0
sub-s649_DPX,28.489482879638672,4.033401788022274,0.0564136207103729,0.2022775038308862,0.9774402042248416,8489.6650390625,0
sub-s649_stroop,38.0457878112793,3.996108058719104,0.0558755621314048,0.1140028867143685,1.011289593372781,8726.6015625,0
sub-s649_discountFix,38.0457878112793,3.996108058719104,0.0558755621314048,0.1140028867143685,1.011289593372781,8726.6015625,0
sub-s649_surveyMedley,32.86532974243164,4.053941743416642,0.0553936101496219,0.1363249516965384,0.98774118327787,9907.4072265625,0
sub-s649_rest,34.47649383544922,3.95541520827759,0.0552224852144718,0.1098541720666077,0.9964662692765958,10087.12109375,0
sub-s649_motorSelectiveStop,30.97574806213379,4.050485890921086,0.0556846112012863,0.1493417176938434,0.9869139591556468,9007.7294921875,0
sub-s649_CCTHot,31.26860809326172,3.6155919028406287,0.0538326762616634,0.1586460649492962,0.9752589335755264,10357.2626953125,0
sub-s649_WATT3,21.47153663635254,3.8345181867186766,0.0498634465038776,0.2291975431568652,0.9202628291739556,9646.4013671875,1
sub-s649_ANT,31.26860809326172,3.6155919028406287,0.0538326762616634,0.1586460649492962,0.9752589335755264,10357.2626953125,0
sub-s649_stopSignal,31.26860809326172,3.6155919028406287,0.0538326762616634,0.1586460649492962,0.9752589335755264,10357.2626953125,0
sub-s649_twoByTwo,21.47153663635254,3.8345181867186766,0.0498634465038776,0.2291975431568652,0.9202628291739556,9646.4013671875,1
sub-s649_rest,31.100786209106445,3.713487154207012,0.0462626554071903,0.142135779191208,1.0095423459716308,11220.1806640625,0
sub-s649_ANT,31.26860809326172,3.6155919028406287,0.0538326762616634,0.1586460649492962,0.9752589335755264,10357.2626953125,0
sub-s649_stopSignal,31.26860809326172,3.6155919028406287,0.0538326762616634,0.1586460649492962,0.9752589335755264,10357.2626953125,0
sub-s649_CCTHot,31.26860809326172,3.6155919028406287,0.0538326762616634,0.1586460649492962,0.9752589335755264,10357.2626953125,0
sub-s615_DPX,25.51313591003418,3.734665270160818,0.0236672274768352,0.2349320978147099,0.8928364972438805,12156.88671875,0
sub-s615_rest,41.27827072143555,3.651799999011205,0.021344406530261,0.0768486644151482,0.999843586553192,14115.89453125,0
sub-s615_discountFix,31.11404037475586,3.673846607675849,0.0213014036417007,0.1392813351334797,1.098123903224822,12807.3115234375,0
sub-s615_stroop,44.97653579711914,3.7609437280059246,0.0247398633509874,0.0804422081200477,1.0513927468934916,14068.1142578125,0
sub-s615_motorSelectiveStop,27.012622833251953,3.722334824730117,0.0256818700581789,0.2757845472224295,0.9352823696236018,12653.5234375,0
sub-s615_surveyMedley,33.2238883972168,3.6964172698793103,0.0238920655101537,0.1490225903875965,0.9927447449417636,14195.3447265625,0
sub-s615_stopSignal,40.94932556152344,3.8810007423207127,0.0137815233319997,0.075740151029046,1.0103133050099802,13469.91796875,0
sub-s615_twoByTwo,34.27976989746094,3.786087243822159,0.0156246786937117,0.1072383922536284,1.0044325772789122,13988.5595703125,0
sub-s615_ANT,40.53358459472656,3.89164436397668,0.0134479040279984,0.0658324082625109,0.9859239852125692,13584.037109375,0
sub-s615_CCTHot,31.02914810180664,3.767308904701034,0.0132228145375847,0.1102900444253476,0.9788348866832172,12971.2080078125,0
sub-s615_rest,34.45555877685547,3.807093395249999,0.015172129496932,0.0772400403383653,0.9647925748794328,14681.2607421875,0
sub-s615_WATT3,38.17605209350586,3.854835665394677,0.0139649957418441,0.0834129218742104,0.996925574918032,13745.2333984375,0
sub-s615_ANT,40.53358459472656,3.89164436397668,0.0134479040279984,0.0658324082625109,0.985923983345656,13584.037109375,0
sub-s615_WATT3,38.17605209350586,3.854835665394677,0.0139649957418441,0.0834129218742104,0.996925576819671,13745.2333984375,0
sub-s615_stopSignal,40.94932556152344,3.8810007423207127,0.0137815233319997,0.075740151029046,1.010313305528942,13469.91796875,0
sub-s612_WATT3,39.81648254394531,2.8856036430358767,0.0347369685769081,0.1036597256140127,0.995545092011428,6643.341796875,0
sub-s612_twoByTwo,40.77425384521485,2.9020993579338343,0.0362711735069751,0.1018396662521263,0.9778081460932956,6672.1923828125,0
sub-s612_stopSignal,42.16688537597656,2.888904385143455,0.0361940450966358,0.106466507463291,0.9984386326757814,6571.88720703125,0
sub-s612_rest,41.83538055419922,2.892544540888182,0.0338326096534729,0.0977906218945862,0.9918617535319156,7072.65966796875,0
sub-s612_ANT,43.30872344970703,2.907182498641305,0.0336575992405414,0.0986271158218495,0.9943866270642197,7071.7626953125,0
sub-s612_CCTHot,41.070465087890625,2.887854068805216,0.0337567888200283,0.106307396064703,1.0109230302909655,6801.48876953125,0
sub-s612_motorSelectiveStop,36.59856033325195,2.878720513104316,0.0360365062952041,0.0707692558930069,0.9541618334486274,6365.33154296875,0
sub-s612_rest,38.139373779296875,2.9180650647002886,0.0342798344790935,0.0761468375131738,0.9718836875602844,7933.20361328125,0
sub-s612_discountFix,34.10965347290039,2.8868145618455063,0.0349918417632579,0.094431246087515,1.0236238443184176,7036.9775390625,0
sub-s612_stroop,39.34113311767578,2.927186277431377,0.0356515422463417,0.0896918393758133,0.9674315866272184,7012.041015625,0
sub-s612_DPX,37.718387603759766,2.9103080646517494,0.0341760963201522,0.0713360716905081,0.9574352497189478,6906.57861328125,0
sub-s612_surveyMedley,41.79105758666992,2.903800649274922,0.0344398356974124,0.0718697389228217,0.9767281840765394,6998.095703125,0
sub-s624_stroop,35.29249572753906,3.0194386424416804,0.0564733520150184,0.1435772343277234,1.039444623042168,10823.609375,0
sub-s624_DPX,25.318553924560547,3.0239380681701613,0.058198295533657,0.1458731915495524,0.9567541532910252,8950.9072265625,0
sub-s624_motorSelectiveStop,29.685972213745117,3.0206148466084533,0.0565822646021842,0.1355808919352807,0.9957914576907416,9897.1279296875,0
sub-s624_rest,28.818683624267575,3.0200217369857048,0.057238508015871,0.1599927918644347,0.9812155690070924,10014.1015625,0
sub-s624_surveyMedley,36.65352249145508,3.026725141710033,0.0563627891242504,0.1100784942646268,1.0328560273377705,10807.5966796875,0
sub-s624_discountFix,27.270753860473633,3.0077347286229874,0.0565851330757141,0.1847494623819603,0.9918626340645166,10267.724609375,0
sub-s624_CCTHot,31.424013137817383,2.997968910653055,0.0634760037064552,0.1172644877320563,0.9623106986567168,8979.5419921875,0
sub-s624_stopSignal,36.40826416015625,2.973861488086769,0.0633099675178527,0.0955406692977262,0.9985832940551173,9108.470703125,0
sub-s624_rest,30.35049057006836,3.0414481269294997,0.0596563480794429,0.201624462404585,1.019287894680851,9978.2099609375,0
sub-s624_WATT3,35.22477722167969,2.9826358411716822,0.064004972577095,0.1051687543017237,1.0050930086784744,8879.0810546875,0
sub-s624_twoByTwo,31.200244903564453,2.960659106151341,0.0640110746026039,0.10448428356194,0.9830446731292524,8047.8798828125,0
sub-s624_ANT,35.66162872314453,3.007282550674961,0.0614534579217433,0.0766695664825905,0.9629638214731364,9714.759765625,0
sub-s623_rest,23.865034103393555,3.831742646824557,0.0320905074477195,0.2409348981214516,0.9353564286950348,4187.1474609375,0
sub-s623_discountFix,25.41670036315918,3.847365882328828,0.0336559750139713,0.2355157779189176,0.9359138790705136,4549.41552734375,0
sub-s623_DPX,27.928428649902344,3.771492709637472,0.0280483625829219,0.2432925715996174,0.9675892422846776,5373.23828125,0
sub-s623_motorSelectiveStop,25.631885528564453,3.775688258535846,0.0308729764074087,0.2512338186911631,0.9210714015157674,5825.06396484375,0
sub-s623_stroop,33.61088562011719,3.7325832468693094,0.0289664529263973,0.1994033705445202,0.9830565263609472,5490.80224609375,0
sub-s623_surveyMedley,28.04946517944336,3.826165947178341,0.0353414677083492,0.2445527061157022,0.9704302339600672,5011.314453125,0
sub-s623_stopSignal,23.474178314208984,3.853180922950929,0.0282658208161592,0.3932105257092778,0.9545822452870092,3173.534912109375,0
sub-s623_ANT,30.455963134765625,3.9030964410606384,0.0253288839012384,0.1660844029959733,0.9834727337500008,4061.749755859375,0
sub-s623_WATT3,31.72529983520508,3.866364762400288,0.0278563387691974,0.1500549689425863,1.026522197916666,4275.75439453125,0
sub-s623_rest,28.37530517578125,3.8582644322760578,0.0281588211655616,0.1997675596595715,0.9701164288368804,4010.588134765625,0
sub-s623_twoByTwo,23.58560562133789,3.853747019665077,0.030737230554223,0.2522877213266801,0.9547288700194548,3488.8671875,0
sub-s623_stroop,33.61088562011719,3.7325832468693094,0.0289664529263973,0.1994033705445202,0.9830565263609472,5490.80224609375,0
sub-s623_DPX,27.928428649902344,3.771492709637472,0.0280483625829219,0.2432925715996174,0.9675892422846776,5373.23828125,0
sub-s623_motorSelectiveStop,25.631885528564453,3.775688258535846,0.0308729764074087,0.2512338186911631,0.9210714015157674,5825.06396484375,0
sub-s648_surveyMedley,45.095340728759766,3.4357774889157287,0.0257196798920631,0.0444084906620625,0.991658745757072,13106.8623046875,0
sub-s648_DPX,34.6778564453125,3.429804010894598,0.0262998864054679,0.0653446311660121,0.9699619687398,12857.4365234375,0
sub-s648_stroop,46.2607536315918,3.4322634809731487,0.0276525430381298,0.0549168782198806,0.99245149662722,14126.4609375,0
sub-s648_rest,40.817283630371094,3.4137821355461684,0.0265483539551496,0.0482949059031145,0.9736303765106392,12945.109375,0
sub-s648_motorSelectiveStop,38.98552322387695,3.4675900910390047,0.0251066368073225,0.0614157053758728,0.9755604480976604,13211.9873046875,0
sub-s648_discountFix,37.35286712646485,3.3945176589190753,0.0270956642925739,0.07475484186833,0.979635301668416,13115.693359375,0
sub-s648_rest,42.08072280883789,3.317052223455433,0.0395394265651702,0.0601104046066199,0.9879612688226942,10731.8125,0
sub-s648_ANT,39.703948974609375,3.3409057559399074,0.042559340596199,0.0622476460387944,0.9719824891059292,11129.3046875,0
sub-s648_twoByTwo,39.703948974609375,3.3409057559399074,0.042559340596199,0.0622476460387944,0.9719824891059292,11129.3046875,0
sub-s648_CCTHot,39.99372100830078,3.293240819826092,0.0401503480970859,0.0636908041527527,0.9737926579097396,11359.779296875,0
sub-s648_stopSignal,42.49717330932617,3.282019173735599,0.0420569889247417,0.0553388952569328,0.9898436427915864,10483.1875,0
sub-s648_WATT3,39.99372100830078,3.293240819826092,0.0401503480970859,0.0636908041527527,0.9737926579097396,11359.779296875,0
sub-s445_rest,28.52503204345703,3.265885040149572,0.0403529368340969,0.1332831930602909,1.2425123020141828,8040.6640625,0
sub-s445_rest,30.099685668945312,3.4673649665779553,0.0341910868883132,0.1030247150039443,1.0343114459716296,11211.884765625,0
sub-s445_stroop,35.597965240478516,3.174472132029074,0.0458613894879817,0.0799306013049684,1.0485971413609465,7873.73193359375,1
sub-s445_surveyMedley,27.53657913208008,3.1912776981986997,0.0450726076960563,0.1078442005166705,1.0485290004006973,7226.12548828125,0
sub-s445_rest,36.495086669921875,3.515761747067272,0.0328705795109272,0.1088428589931789,0.9858451705106376,10771.0703125,0
sub-s445_stopSignal,39.96080780029297,3.4883968245763577,0.0316088050603866,0.0630205822402083,0.981919437571702,9847.5673828125,1
sub-s445_ANT,37.58336639404297,3.6118908555020024,0.0283468011766672,0.0697013647466934,0.9962506177297308,8965.298828125,1
sub-s445_CCTHot,23.457183837890625,3.325454320495233,0.0340081043541431,0.1984304279193806,0.9549033245901634,8713.4140625,1
sub-s445_WATT3,33.713653564453125,3.545579988470801,0.0301400870084762,0.1105403170814848,1.0166481536236385,9878.3603515625,1
sub-s445_twoByTwo,26.186424255371097,3.455667360823672,0.0328409783542156,0.0766990508586838,0.9402030695335274,8423.9423828125,1
sub-s445_DPX,33.115848541259766,3.4727053833402572,0.0372581183910369,0.0815333807993569,0.9696646943880324,11073.84765625,1
sub-s445_discountFix,34.670326232910156,3.500778825282968,0.0370236672461032,0.0751780384412671,0.9732855297505424,11292.9873046875,1
sub-s445_motorSelectiveStop,31.599037170410156,3.459946405736511,0.0369854755699634,0.07886525114473,0.9449865137029508,11404.328125,1
sub-s646_ANT,35.70977020263672,2.7443224113075897,0.038249559700489,0.0629114807727787,1.015168351012891,7517.07470703125,0
sub-s646_twoByTwo,33.21815490722656,2.751699825447842,0.0392060354351997,0.0737259869856222,0.9892274204567556,7008.3720703125,0
sub-s646_stopSignal,37.8623046875,2.797335256798179,0.0359867922961711,0.0709169898450572,0.9739132066399993,8158.76171875,0
sub-s646_WATT3,36.324851989746094,2.7559790962502926,0.0367598757147789,0.0652531435215924,0.9740816433415532,7466.65966796875,0
sub-s646_rest,35.76425552368164,2.7914783740834452,0.0344475843012332,0.0607861759200651,0.9984723413475184,7815.2705078125,0
sub-s646_CCTHot,35.668148040771484,2.76086151915776,0.0379298590123653,0.0704107646089193,0.9767631129793246,6978.83349609375,0
sub-s641_surveyMedley,44.18878936767578,2.654565683106469,0.0389336012303829,0.0690373031599948,0.9822630725919732,15930.0830078125,0
sub-s641_rest,38.68914413452149,2.7135886733430965,0.0342254750430583,0.0741895588465521,0.969245264936168,15191.158203125,0
sub-s641_motorSelectiveStop,37.16426467895508,2.6653758459758063,0.0385565869510173,0.0687481578659276,0.9553124617395732,15088.7861328125,0
sub-s641_discountFix,34.862640380859375,2.68253383400547,0.0373785272240638,0.0723833131880066,0.9556255643240332,14268.3623046875,0
sub-s641_DPX,34.94220733642578,2.675342496132103,0.04029555991292,0.0833158483795623,0.9678060652029524,13947.033203125,0
sub-s641_stroop,47.69533920288086,2.6830835154533847,0.0373335406184196,0.0582909666962997,0.9933843564179112,16299.6181640625,0
sub-s641_twoByTwo,36.979732513427734,3.310661744009004,0.0500837340950965,0.0913976723762137,0.969951380447036,19460.830078125,0
sub-s641_stopSignal,40.33079147338867,3.3059035529749896,0.0495637916028499,0.0793700301192058,0.9774139437667309,19309.501953125,0
sub-s641_WATT3,40.33079147338867,3.3059035529749896,0.0495637916028499,0.0793700301192058,0.9774139437667309,19309.501953125,0
sub-s641_CCTHot,32.27853012084961,3.318042353860845,0.0528002604842186,0.0890765525392221,0.9563168087530872,19020.990234375,0
sub-s641_ANT,32.27853012084961,3.318042353860845,0.0528002604842186,0.0890765525392221,0.9563168087530872,19020.990234375,0
sub-s641_rest,37.56916427612305,3.326620905049708,0.0529879406094551,0.0848242955617704,0.9731036982695034,20559.404296875,0
sub-s641_rest,37.56916427612305,3.326620905049708,0.0529879406094551,0.0848242955617704,0.9731036982695034,20559.404296875,0
sub-s641_WATT3,40.33079147338867,3.3059035529749896,0.0495637916028499,0.0793700301192058,0.9774139437667309,19309.501953125,0
sub-s641_twoByTwo,36.979732513427734,3.310661744009004,0.0500837340950965,0.0913976723762137,0.969951380447036,19460.830078125,0
sub-s641_ANT,32.27853012084961,3.318042353860845,0.0528002604842186,0.0890765525392221,0.9563168087530872,19020.990234375,0
sub-s641_CCTHot,32.27853012084961,3.318042353860845,0.0528002604842186,0.0890765525392221,0.9563168087530872,19020.990234375,0
sub-s641_stopSignal,40.33079147338867,3.3059035529749896,0.0495637916028499,0.0793700301192058,0.9774139437667309,19309.501953125,0
sub-s601_surveyMedley,35.42922592163086,2.638376194905826,0.0641083419322967,0.1457677032777147,0.981359332943144,4072.799560546875,0
sub-s601_stroop,40.85660171508789,2.649950486756965,0.0664569586515426,0.0987771882939672,0.9961066031962016,3811.09716796875,0
sub-s601_DPX,29.1063175201416,2.67241978092945,0.0666621103882789,0.1205779130680124,0.9473520493795632,3196.087646484375,0
sub-s601_rest,37.85748672485352,2.66722523652472,0.0652246326208114,0.1081813684097143,0.9814160843687934,4546.4970703125,0
sub-s601_motorSelectiveStop,35.772193908691406,2.6647882589174245,0.0638533756136894,0.1196750238813649,0.9772499126449652,3675.7216796875,0
sub-s601_discountFix,35.112552642822266,2.646833935336085,0.0630939081311225,0.1263225319857528,0.9970188542918452,4246.90380859375,0
sub-s601_CCTHot,27.9158878326416,2.653625886384708,0.0626515969634056,0.1680057000253398,0.9627034136887608,4062.596923828125,0
sub-s601_ANT,31.89373207092285,2.5362250136679996,0.0660806074738502,0.1573903413300463,1.0274382466361982,4401.8974609375,0
sub-s601_WATT3,33.859439849853516,2.468064392792383,0.0663937255740165,0.1251359074695646,0.9863711531548316,3995.1201171875,0
sub-s601_twoByTwo,31.15466690063477,2.631333158374143,0.0660508573055267,0.1312615250641126,0.9976669832653056,3969.88330078125,0
sub-s601_rest,30.614330291748047,2.607401325047298,0.0644019991159439,0.1486659289394701,0.9597810264822696,4562.78125,0
sub-s601_stopSignal,29.828441619873047,2.5721989901385984,0.0656127631664276,0.1597585398386331,0.9663885711350292,4204.54150390625,0
sub-s639_stopSignal,41.56035614013672,3.756141110303539,0.0268263425678014,0.1251061553328153,1.0045838673786402,15612.3271484375,0
sub-s639_rest,38.04983901977539,3.7920780915471344,0.0277624670416116,0.1171078756378667,0.9937712679007078,16594.02734375,0
sub-s639_twoByTwo,36.17999649047851,3.842343153936176,0.026654465124011,0.1022703191982124,0.9633024646924594,16321.171875,0
sub-s639_ANT,40.52754592895508,3.801448073316669,0.0272752698510885,0.1369520604147073,0.988353357100372,15102.19140625,0
sub-s639_WATT3,38.09611129760742,3.7920887238444703,0.0279795508831739,0.1605174729375829,0.97646893173533,15956.56640625,0
sub-s639_CCTHot,30.548995971679688,3.748876780285058,0.0278609078377485,0.1437670753319402,0.9655088048802388,14815.9541015625,0
sub-s606_CCTHot,34.97220230102539,3.1934943979514108,0.0427886471152305,0.1096480331917913,0.9827443300751896,8711.0029296875,0
sub-s606_WATT3,36.233253479003906,3.1559738774772153,0.0427951589226722,0.1260125949873428,0.9751629120405724,9230.9853515625,0
sub-s606_stopSignal,42.980857849121094,3.1371593316161808,0.0405372232198715,0.0896159896338159,0.9914042017693838,10070.2490234375,0
sub-s606_ANT,39.06391143798828,3.1797437709267133,0.0432871542870998,0.1079847118099066,0.97603204439781,9555.876953125,0
sub-s606_rest,38.17179489135742,3.126309411556727,0.0413986183702945,0.1063530349169088,0.9740953003829792,9782.5302734375,0
sub-s606_twoByTwo,37.61933898925781,3.1939118889372056,0.0436589829623699,0.0940511884252473,0.9765648466863908,8854.794921875,0
sub-s606_surveyMedley,40.423789978027344,3.430767972457012,0.0413608066737651,0.0894832186937456,0.997160304891846,7635.2255859375,0
sub-s606_rest,33.380577087402344,3.384295326121464,0.04346539452672,0.1212683731758093,0.9986232402127648,8703.529296875,0
sub-s606_discountFix,34.9568977355957,3.426935884962808,0.0407504551112651,0.0863854325612276,0.9747713821981412,7662.833984375,0
sub-s606_stroop,42.884620666503906,3.441528812734438,0.0411184802651405,0.083703168311579,0.9984117252662722,7826.86669921875,0
sub-s606_motorSelectiveStop,37.593658447265625,3.4165940156831023,0.0422737784683704,0.0903761225473398,0.9856557619938968,7083.26611328125,0
sub-s606_DPX,34.03199005126953,3.3929238818830267,0.0421306528151035,0.0947092043004747,0.975123684687218,8128.19482421875,0
sub-s608_motorSelectiveStop,34.521202087402344,2.9758101648181676,0.0428401045501232,0.1198152803930338,0.9761092359206496,5872.6435546875,0
sub-s608_surveyMedley,39.652000427246094,3.087516738122086,0.0437372848391532,0.1024689455231381,0.9940267879034952,4991.36572265625,0
sub-s608_DPX,34.73420715332031,2.8637378872270354,0.049758356064558,0.1151035222166685,1.0127978114143237,6035.98486328125,0
sub-s608_rest,41.38050079345703,3.14895099459741,0.0363835096359252,0.073486776377184,0.9879014068936168,6379.5126953125,0
sub-s608_discountFix,37.82413101196289,2.9579395449908086,0.0460384413599967,0.088507348153315,0.9861476882955772,5524.923828125,0
sub-s608_stroop,46.441871643066406,3.1314157707756967,0.0383152849972248,0.0785395434086968,1.0127191820420418,6130.25732421875,0
sub-s608_WATT3,38.64209747314453,2.975595522569795,0.0438283048570156,0.0835261475929948,0.9922154277915632,5846.6689453125,0
sub-s608_stopSignal,36.00975799560547,3.0831848744339925,0.0372749269008636,0.1091192400697355,0.9965262106299224,5900.93408203125,0
sub-s608_twoByTwo,33.49592208862305,2.9821914719420675,0.0445471405982971,0.1358327988615331,0.9886694658503408,5578.74365234375,0
sub-s608_CCTHot,31.76064109802246,3.0493301914917628,0.0386353619396686,0.1286716933387998,0.9658770581948714,5439.5859375,0
sub-s608_ANT,40.142433166503906,2.996952686851185,0.0442840717732906,0.0844127485818518,0.9915654093442624,6323.38330078125,0
sub-s637_surveyMedley,45.45326232910156,3.715862465427044,0.0383093878626823,0.0755976632084163,0.9877321410981684,26486.046875,0
sub-s637_DPX,37.196327209472656,3.705315689959905,0.0385162569582462,0.0805533875484904,0.9589924134814136,26010.607421875,0
sub-s637_discountFix,41.22390365600586,3.7276216975436887,0.0380351357161998,0.0786082227741644,0.9862654999352052,25948.95703125,0
sub-s637_motorSelectiveStop,42.00852966308594,3.745214185968804,0.0383294783532619,0.0716912921237967,0.9768201513326544,26114.80078125,0
sub-s637_stroop,47.179927825927734,3.7385949348880447,0.0381032861769199,0.0696122910626301,0.9932140405917154,25675.69140625,0
sub-s637_rest,35.418678283691406,3.713918507718461,0.0377367697656154,0.0867330639276123,0.9457173315319146,27053.525390625,0
sub-s061_twoByTwo,35.52998733520508,3.2639662704960055,0.0301883965730667,0.1251342080152287,0.9871408860252662,8904.0634765625,0
sub-s061_CCTHot,36.88481140136719,3.283657077158373,0.0307788122445344,0.1391800127205368,0.989660709184148,8708.169921875,0
sub-s061_WATT3,34.99859619140625,3.289993975265958,0.0307117328047752,0.1591438284137661,0.9685066463566884,8267.3671875,0
sub-s061_stopSignal,38.58686065673828,3.2830124373698917,0.031353298574686,0.1281987159964399,0.9707723008604204,8716.740234375,0
sub-s061_discountFix,31.766109466552734,3.3775321835203034,0.0287144742906093,0.1348877085237213,0.96471912025131,7510.16845703125,0
sub-s061_DPX,37.00773239135742,3.376167395971985,0.0283067282289266,0.1090200863182251,0.9713235320311076,7809.11083984375,0
sub-s061_motorSelectiveStop,40.26936721801758,3.396631026724145,0.0287417564541101,0.1005034973631044,0.9975245692878932,7857.84033203125,0
sub-s061_stroop,46.28828811645508,3.3784158860998783,0.0278419535607099,0.105784088596429,1.003250818491124,8170.76806640625,0
sub-s061_surveyMedley,36.55005645751953,3.3731615669389097,0.0272810366004705,0.1418120309176416,1.0837114504804266,8632.8330078125,0
sub-s061_rest,37.52947998046875,3.4007255924929267,0.0278505813330411,0.1211944870084842,0.9709932283262424,8673.2919921875,0
sub-s495_CCTHot,41.87834548950195,3.048475290654273,0.0529050827026367,0.0591295107599178,1.0055848459523802,7993.05615234375,0
sub-s495_ANT,36.249122619628906,3.075160577267148,0.0516768805682659,0.0530042476377628,0.9552922844727276,8367.3232421875,0
sub-s495_rest,34.63465881347656,3.1109449698132856,0.0498828068375587,0.0740588423930516,0.9592930316004536,8877.3740234375,0
sub-s495_WATT3,37.06556701660156,3.084604180969032,0.0487666726112365,0.0824061293013074,0.945609632413793,8631.3291015625,0
sub-s495_twoByTwo,35.790924072265625,3.0864666813568236,0.0503440760076046,0.0622197407971574,0.9423341291445422,8265.4208984375,0
sub-s495_stopSignal,42.25270080566406,3.102404255314868,0.0503989867866039,0.0548784639344852,0.9665554802723736,9104.087890625,0
sub-s495_surveyMedley,44.241065979003906,3.35278874959396,0.0421581529080867,0.0560529912265901,0.9950049923322136,10111.53125,0
sub-s495_stroop,47.09312057495117,3.3426336139891264,0.0406051389873027,0.0558866515955449,0.9921171439349118,10378.67578125,0
sub-s495_DPX,37.97277069091797,3.35650969287779,0.0401969850063324,0.0585943544374117,0.9712156542307704,9564.1298828125,0
sub-s495_motorSelectiveStop,36.719085693359375,3.3463220276206136,0.0399847254157066,0.0545685993801019,0.9667468952547442,9146.83203125,0
sub-s495_rest,38.09053039550781,3.4737762978049265,0.0375352948904037,0.0834161873868322,0.9817601176879436,9685.2041015625,0
sub-s495_discountFix,30.44964027404785,3.3870773087902264,0.0382561609148979,0.0727687610396709,0.9575561407612778,8449.4130859375,0
sub-s609_motorSelectiveStop,25.942134857177734,2.953923394423996,0.0478764399886131,0.1734034463753256,0.948027444382022,13082.4365234375,0
sub-s609_surveyMedley,36.467254638671875,2.921050018918215,0.0467636696994304,0.1010779612567617,0.9960073597171384,13324.0751953125,0
sub-s609_discountFix,33.22509765625,2.799298247271313,0.0420301519334316,0.0962229300217221,0.9587637972943728,12293.412109375,0
sub-s609_rest,33.439781188964844,2.7391029810592205,0.0442696772515773,0.1280808396892203,0.9726060787234048,11693.9931640625,0
sub-s609_stroop,43.56475830078125,2.813555041438818,0.0452977120876312,0.0792912525138732,1.0156125206804734,14068.42578125,0
sub-s609_DPX,26.819602966308594,2.9245237973780926,0.0462828315794467,0.1044699900150337,0.937656153512774,12307.306640625,0
sub-s609_twoByTwo,28.387407302856445,2.5082704025838405,0.0453207641839981,0.0931673972307104,0.9048818358892128,12383.92578125,0
sub-s609_stopSignal,44.06184387207031,2.621779694754407,0.0446034856140613,0.0766223501124154,1.0279969086627905,16152.6298828125,0
sub-s609_CCTHot,37.12494659423828,2.6630776250461836,0.0429573766887187,0.0914342644657697,0.9871828494208488,15130.0048828125,0
sub-s609_WATT3,41.366668701171875,2.6723208512546233,0.0430907234549522,0.0722407288212989,1.0014028771671015,16307.9873046875,0
sub-s609_rest,32.01273727416992,2.482937860778166,0.0468521602451801,0.0842617535108588,1.0953176566950336,14678.6142578125,0
sub-s636_WATT3,37.14854049682617,3.30674420452756,0.0174001697450876,0.1681257954601731,1.011247005322967,31833.033203125,0
sub-s636_twoByTwo,39.045387268066406,3.337900328624478,0.0162495411932468,0.1475739675906373,0.9886038377259472,27375.939453125,0
sub-s636_CCTHot,33.514225006103516,3.310813266915002,0.0173801556229591,0.2805816657496977,1.0078227561524822,26979.43359375,0
sub-s636_stopSignal,41.704689025878906,3.3018773749397075,0.0168997682631015,0.1237022721614977,1.0017560303346449,26893.369140625,0
sub-s636_ANT,36.61761474609375,3.315199117843504,0.015897337347269,0.1348817445380332,1.042670028015122,26990.275390625,0
sub-s636_rest,40.50944519042969,3.3620712602935043,0.0163860265165567,0.1406357835589824,0.9932711680141858,33802.47265625,0
sub-s636_rest,42.26094436645508,3.5832577001826196,0.0148463156074285,0.1147330511925605,0.9778133448794328,28078.876953125,0
sub-s636_surveyMedley,38.49308395385742,3.506195861704025,0.0165827125310897,0.1519913253288159,1.0015036993011657,28775.751953125,0
sub-s636_discountFix,32.17053985595703,3.5447701810382775,0.0153987184166908,0.2247126551721397,1.0521362177659574,25870.044921875,0
sub-s636_stroop,46.215431213378906,3.4664887823671946,0.0155047876760363,0.1083227077158834,1.0287391105029586,29542.625,0
sub-s636_DPX,37.77315139770508,3.464869169965181,0.0171328727155923,0.1159747062210023,0.992571825902084,27794.298828125,0
sub-s636_motorSelectiveStop,38.834712982177734,3.4302399832781423,0.0180898513644933,0.1212483698057727,0.9801075175991862,28091.474609375,0
sub-s631_DPX,30.213930130004883,3.376008395256395,0.0333278328180313,0.0941388195820937,0.948219670273723,7562.18408203125,0
sub-s631_motorSelectiveStop,31.052988052368164,3.4021738742401766,0.0328926555812358,0.1377437798484461,0.97154861896236,8505.2890625,0
sub-s631_rest,29.38464736938477,3.490650116737366,0.0312732048332691,0.112109287401163,0.9517830224680844,8245.9306640625,0
sub-s631_surveyMedley,33.73366928100586,3.4540675185807683,0.0341751016676425,0.1455367661830971,0.9828542103517596,8592.8466796875,0
sub-s631_stroop,36.746280670166016,3.4566523060263576,0.0331057347357273,0.1225221693683797,0.9949607117159772,8543.296875,0
sub-s631_discountFix,34.2502326965332,3.45894315134431,0.0316940993070602,0.0944663645275887,0.9639498394372306,7851.95849609375,0
sub-s631_twoByTwo,29.564727783203125,3.4304299502942897,0.0313143990933895,0.1633568388307937,0.957118370019474,8103.6669921875,0
sub-s631_ANT,24.13912582397461,3.3876275354900343,0.0316608659923076,0.2242108994132707,0.95683031965338,8458.7939453125,0
sub-s631_rest,24.656681060791016,3.489941105601909,0.0313597694039344,0.212983996303398,0.9738105340851068,7508.67431640625,0
sub-s631_CCTHot,21.795156478881836,3.399232000483491,0.0326357781887054,0.4996271966481169,0.9629963865575504,8638.2080078125,0
sub-s631_WATT3,29.88830947875977,3.376314231397755,0.0316712148487567,0.2152045296800056,1.0097832220275356,8810.48828125,0
sub-s631_stopSignal,24.022708892822266,3.4350949533549975,0.0332595109939575,0.4167916786974378,0.9853402195533988,8725.9658203125,0
sub-s638_stopSignal,40.29433822631836,3.615412273730127,0.025540042668581,0.0872858132666433,0.985923278661418,11890.572265625,0
sub-s638_ANT,39.00047302246094,3.6334322455479695,0.0257687959820032,0.0939360620010018,0.9835423648244,12306.224609375,0
sub-s638_twoByTwo,33.69107437133789,3.5709145063830037,0.0267329066991806,0.1051155766077619,0.9688983068707492,11853.326171875,0
sub-s638_rest,35.60373306274414,3.591249274429641,0.0276764594018459,0.0905249494426796,0.9780080038581552,12523.521484375,0
sub-s638_CCTHot,36.2686767578125,3.607526952618614,0.0248813014477491,0.1076350434617939,0.9808824712916115,12141.6904296875,0
sub-s638_WATT3,36.439022064208984,3.5897731726796365,0.0258009303361177,0.1225007059366339,0.992724626986755,11756.0185546875,0
sub-s638_surveyMedley,41.064212799072266,3.503951170933917,0.0305793061852455,0.0893188055919797,0.9850556460232944,14118.3095703125,0
sub-s638_DPX,26.033935546875,3.7229305732961504,0.0335047356784343,0.1946428341888507,0.9769246490752496,11473.2109375,0
sub-s638_rest,37.56025695800781,3.49782070380412,0.0311211738735437,0.0895266701657875,0.983209833092199,14606.10546875,0
sub-s638_motorSelectiveStop,25.030014038085938,3.726686440183454,0.0324728041887283,0.2091555374370731,0.9892614520345872,11330.501953125,0
sub-s638_stroop,45.70060729980469,3.795671513799101,0.0339488945901393,0.0738515361058693,0.9919046917431196,11736.93359375,0
sub-s638_discountFix,34.08736038208008,3.535528954785228,0.0313506759703159,0.0986573953015353,0.9749242451560832,14030.5595703125,0
sub-s607_rest,48.855804443359375,3.580668342132959,0.0277787875384092,0.0507163054583049,0.9821412960000002,28156.92578125,0
sub-s607_surveyMedley,50.608943939208984,3.504967336368617,0.0285736937075853,0.0571791931429431,0.9914055033111476,26034.27734375,0
sub-s607_DPX,42.67953109741211,3.464235180100826,0.030308635905385,0.050078054682579,0.9648584232094288,22725.583984375,0
sub-s607_motorSelectiveStop,44.46516418457031,3.515701150021723,0.0288712456822395,0.0551256519159197,0.9776392145167856,24670.216796875,0
sub-s607_discountFix,44.61674880981445,3.527316567924972,0.0292191300541162,0.0562440011884307,0.968324848349308,25998.87890625,0
sub-s607_stroop,53.60670471191406,3.505863315928702,0.0291500780731439,0.0591467430695574,1.0049000638757402,24587.25390625,0
sub-s607_WATT3,37.657257080078125,3.2104008509696564,0.0495722778141498,0.0571481565009654,0.9870568820165756,12349.0341796875,1
sub-s607_rest,35.020912170410156,3.3170726962439185,0.0438626185059547,0.0622618030549687,0.9645185472907812,13769.0478515625,0
sub-s607_twoByTwo,34.296607971191406,3.2605846667390916,0.0475236847996711,0.0556667606715159,0.9672905771234198,12298.416015625,1
sub-s607_stopSignal,43.57053756713867,3.302169436970615,0.0430840216577053,0.0536173762315021,0.9721920108447928,13631.2197265625,1
sub-s607_CCTHot,39.06196594238281,3.2262534862172845,0.0477456972002983,0.0516112810522254,0.9683696676960788,12070.220703125,1
sub-s600_discountFix,17.176433563232422,2.7294856534934233,0.0658740848302841,0.334259591071955,0.911454982328327,5704.93408203125,0
sub-s600_rest,31.71764755249023,2.665831390787709,0.0608970522880554,0.1298450203044707,1.0087082704822712,7089.8515625,0
sub-s600_motorSelectiveStop,24.050077438354492,2.627197506496038,0.0655576437711715,0.144304585659854,0.9525199242828094,5863.9326171875,0
sub-s585_discountFix,34.83937454223633,3.547982161517947,0.0240660607814788,0.0656470796392357,0.9534379177619544,15640.783203125,0
sub-s585_stroop,46.97504806518555,3.580651714240569,0.0226691477000713,0.0610256095799113,1.0001305026627216,17080.203125,0
sub-s585_motorSelectiveStop,35.75558853149414,3.5252019964264236,0.0228669345378875,0.0616596922661628,0.9674591630315368,17579.365234375,0
sub-s585_DPX,38.20929718017578,3.5144968470350575,0.024628447368741,0.0529801190929789,0.9673948617407052,13945.3349609375,0
sub-s585_rest,42.97235870361328,3.516081009307447,0.0227247066795825,0.0433225869361092,0.9886353172056732,17408.646484375,0
sub-s585_surveyMedley,44.089134216308594,3.5438204620355704,0.0235536079853773,0.074794361855634,0.9957320294841934,16082.6787109375,0
sub-s585_CCTHot,41.669639587402344,3.5076812480212523,0.0195688549429178,0.0691979549142734,1.0091356742510114,18223.36328125,0
sub-s585_rest,41.89531707763672,3.4712442135325245,0.021164258942008,0.0487582837254951,0.981127332921986,18773.810546875,0
sub-s585_stopSignal,45.33465576171875,3.5331784156028525,0.0204250570386648,0.046696162223874,0.9948483113188976,17665.86328125,0
sub-s585_twoByTwo,31.93012428283691,3.482179268003508,0.0205206125974655,0.0689726357618389,0.9542231972781654,15907.7724609375,0
sub-s585_ANT,43.03335952758789,3.4936376941033846,0.0210116673260927,0.0593732196066028,0.9711078933102252,16212.4873046875,0
sub-s585_WATT3,40.87548828125,3.5115692802780663,0.0191662795841693,0.0700032499176409,0.9864378807593128,18941.50390625,0
sub-s582_rest,36.223419189453125,3.782980166755934,0.0342423468828201,0.1243513750951196,0.9736743561134736,8708.244140625,0
sub-s582_surveyMedley,42.75228118896485,3.7537528134568703,0.0341127179563045,0.0850902567485795,0.9884450905657244,8669.9130859375,0
sub-s582_motorSelectiveStop,24.759841918945312,3.7567953995314465,0.0403815768659114,0.1576812498444978,0.9508009097965422,6432.7548828125,0
sub-s582_stroop,36.51255798339844,3.8160265614227913,0.0397309213876724,0.1072320839052538,0.9848733631952666,7510.66552734375,0
sub-s582_DPX,28.991863250732425,3.834100837000082,0.0366296134889125,0.1505137384869455,0.9447066288304612,7243.50927734375,0
sub-s582_discountFix,36.64238739013672,3.7701137252927337,0.0343706011772155,0.0931125174372246,0.9863000043266172,7812.5576171875,0
sub-s582_twoByTwo,25.453527450561523,3.55268412730176,0.0308707039803266,0.1896348244551194,0.9424797974829936,5790.16943359375,1
sub-s582_stopSignal,36.95709609985352,3.4831932220209705,0.0275197625160217,0.1040341914321809,0.9881693311023624,5868.96875,1
sub-s582_ANT,29.503463745117188,3.51530559528073,0.0315473787486553,0.2201505570322666,1.0290019577777778,6548.7138671875,1
sub-s582_WATT3,39.23611831665039,3.4029183192764307,0.026187302544713,0.1064071326768509,0.991689077553366,6603.1669921875,1
sub-s582_CCTHot,32.94886016845703,3.538482041820089,0.0286456309258937,0.1327892740689697,1.0978365881662266,6245.416015625,1
sub-s582_rest,37.537166595458984,3.4252434208515927,0.0291082821786403,0.1353490433683809,0.9846769762127672,6653.2060546875,0
sub-s549_stroop,53.09593963623047,3.60687494013056,0.0313821211457252,0.0508353191929026,0.999698455147929,17187.208984375,0
sub-s549_rest,44.14706802368164,3.658586646568025,0.0360510908067226,0.055408575917619,0.9936534238156034,18105.5,0
sub-s549_discountFix,37.16239547729492,3.612866851656209,0.0317400470376014,0.0728156501290579,1.0060394410622335,15716.3310546875,0
sub-s549_DPX,35.953311920166016,3.56445019504118,0.0335437916219234,0.0617513473046125,0.9819021774433376,16014.1015625,0
sub-s549_motorSelectiveStop,38.562538146972656,3.5736297680591154,0.0335517860949039,0.062221939884846,1.005067539603257,17096.73046875,0
sub-s549_surveyMedley,44.95631790161133,3.570720923553165,0.0319918394088745,0.0570596712485052,0.9891738780033276,16553.701171875,0
sub-s549_CCTHot,32.64860534667969,3.3313834682056376,0.0396345257759094,0.089272223404109,0.991238442768903,14340.8857421875,0
sub-s549_ANT,34.09726333618164,3.316664595193774,0.0396253764629364,0.0993079396095062,0.9974096752173924,13451.8046875,0
sub-s549_stopSignal,44.76388168334961,3.3617050287776618,0.0357850641012191,0.0762242025006912,0.9971434738623328,15744.615234375,0
sub-s549_WATT3,43.889774322509766,3.312800722590073,0.0364813394844532,0.0654311200079385,0.991173885263804,14240.8720703125,0
sub-s549_rest,46.33103561401367,3.290635420051911,0.0412134379148483,0.0684828319669558,0.9863025573333344,15440.046875,0
sub-s549_twoByTwo,41.66485595703125,3.290328021435488,0.0370142273604869,0.0737291916857926,1.00704545861933,13829.869140625,0
sub-s525_DPX,35.413719177246094,3.2122489601981443,0.0271007400006055,0.0657349972269783,0.9793724962828652,8075.36279296875,0
sub-s525_surveyMedley,37.563114166259766,3.2970263411339764,0.0273599252104759,0.0645345191124283,1.0370966724126454,7796.4921875,0
sub-s525_motorSelectiveStop,34.700923919677734,3.339769363321792,0.0230660494416952,0.0571745132459365,1.0209155128992882,7444.7890625,0
sub-s525_rest,38.78386306762695,3.2372993164524844,0.0247810669243335,0.0551409369377112,1.0022547827659567,8300.861328125,0
sub-s525_stroop,42.2667350769043,3.2416247383776207,0.026269732043147,0.0579981646742442,1.0308353879228491,8197.8115234375,0
sub-s525_discountFix,36.93451690673828,3.3937568085800267,0.0226647518575191,0.0613410714464847,1.0150227211608105,7786.6904296875,0
sub-s525_stopSignal,39.02517318725586,3.4796728672149544,0.0315080396831035,0.0589009548147517,1.0582171191451295,8430.611328125,0
sub-s525_WATT3,35.291107177734375,3.504914315420508,0.032341580837965,0.0734011479004304,1.0056703801321012,8405.6328125,0
sub-s525_ANT,40.24446487426758,3.501727511824113,0.031949333846569,0.0555167628619589,1.0485939139168112,8094.5869140625,0
sub-s525_CCTHot,37.2611198425293,3.4713500564698294,0.0321807228028774,0.0655970977617454,1.0093796253711198,8608.771484375,0
sub-s525_rest,36.14814758300781,3.6606270034655566,0.0263066608458757,0.056082352125124,0.9771061190496442,8368.1015625,0
sub-s525_twoByTwo,35.68424987792969,3.4543500983567204,0.0330943837761879,0.058067313214077,0.992445338581146,7990.6435546875,0
sub-s373_rest,20.52728843688965,2.2533129725261904,0.1033341065049171,0.0731565056053743,0.9558774323404248,904.6456298828124,0
sub-s373_stopSignal,16.456850051879883,2.202183011248142,0.1292544603347778,0.0679081788016743,0.8842168121230161,574.6533203125,1
sub-s373_ANT,27.41010856628418,2.202882921805057,0.1077911332249641,0.0646089779949432,0.9894106968566178,834.7816772460938,1
sub-s373_twoByTwo,21.724355697631836,2.253472422276469,0.1061077415943145,0.0691480633736023,0.9644317183867832,669.296875,1
sub-s373_WATT3,22.102672576904297,2.265101930563083,0.1050518974661827,0.0794480316218494,0.9854030083235652,690.6632080078125,1
sub-s373_CCTHot,17.86014175415039,2.2029508660490453,0.1175735220313072,0.0678648642037365,0.8910123283566419,614.1348266601562,1
sub-s373_DPX,27.92686462402344,3.03769614140349,0.0621130503714084,0.149600395390476,0.9819104204895732,3981.4453125,0
sub-s373_discountFix,29.083431243896484,3.036596485312968,0.0608561150729656,0.1423299584905192,0.9791759965469906,4018.752197265625,0
sub-s373_surveyMedley,30.091232299804688,3.0634895866809,0.0594280995428562,0.1200014017021226,0.991875395823628,4217.2685546875,0
sub-s373_rest,36.98797607421875,3.0879760386244786,0.0571941062808036,0.0732339335405099,0.97999846929078,4929.0205078125,0
sub-s373_motorSelectiveStop,28.690113067626953,3.0437319612659226,0.059193205088377,0.1163140120425766,0.9797941660020344,3988.107421875,0
sub-s373_stroop,42.203338623046875,3.088068857856891,0.05801772326231,0.080038167697643,0.9907641005029588,4849.58154296875,0
sub-s513_rest,51.49418640136719,2.9735405694831796,0.0370802916586399,0.0591518897226774,0.9952398146382992,17184.5625,0
sub-s513_stopSignal,44.05859375,2.973734946730215,0.0350971445441246,0.0883387050677962,1.0251841946845124,16475.50390625,0
sub-s513_WATT3,42.73738861083984,2.88183625913524,0.0355452895164489,0.0816474115314899,0.969863570720108,16287.3037109375,0
sub-s513_ANT,39.50570297241211,2.858095474029093,0.033357884734869,0.0901930214431581,1.0208915318808194,17625.5859375,0
sub-s513_CCTHot,39.1037712097168,2.890772093188254,0.0327388681471347,0.0753025177912709,0.9878474635588962,16693.001953125,0
sub-s513_twoByTwo,41.78659439086914,2.940996704959024,0.0340762734413147,0.1068694585171489,0.9999246287366372,17739.720703125,0
sub-s513_surveyMedley,34.22475814819336,3.484384783251343,0.0345333144068717,0.1128117719082203,0.983742701996671,14600.345703125,0
sub-s513_rest,34.54154968261719,3.472014184307359,0.0291229989379644,0.0884296481461126,1.0562043049219845,15853.2041015625,0
sub-s513_DPX,29.88862037658691,3.5882353545901067,0.0335330963134765,0.0821734594369942,0.9454774340525834,12156.47265625,0
sub-s513_motorSelectiveStop,35.9900016784668,3.411305877890844,0.0352835096418857,0.0765410914280916,1.0526297176398776,15803.974609375,0
sub-s513_discountFix,38.36829376220703,3.429800184311437,0.0354932621121406,0.0953445719105366,0.9875815222914336,16932.986328125,0
sub-s513_stroop,50.117679595947266,3.4462085263831788,0.0352151095867157,0.0721299955449535,1.0040529964497036,17796.521484375,0
sub-s577_rest,40.97908020019531,2.9049884326856485,0.0511829741299152,0.0518738391626258,0.9865635578865242,7484.36328125,0
sub-s577_CCTHot,42.81924057006836,2.9106691161014333,0.0509219691157341,0.0522448283633495,0.995566989563492,7763.42724609375,0
sub-s577_ANT,44.81090545654297,2.8677181426316376,0.0517118200659751,0.0472773652073788,0.983117304422736,7572.79150390625,0
sub-s577_stopSignal,44.712158203125,3.0279269289564215,0.0499457158148288,0.054170343013651,0.9940827762890628,7570.087890625,0
sub-s577_twoByTwo,33.40806198120117,2.9303007518494777,0.0538210645318031,0.0658547434942957,0.9837806967485274,6727.697265625,0
sub-s577_WATT3,41.202674865722656,3.031725035334377,0.0511813126504421,0.0618572402810983,0.9886072487361964,7243.10693359375,0
sub-s577_DPX,39.613128662109375,3.168699920654882,0.0473586693406105,0.0783058381853595,0.9833728481867638,7460.0380859375,0
sub-s577_stroop,44.348724365234375,3.1642475880405527,0.0474685057997703,0.086368960577561,1.0024311844970426,7342.08984375,0
sub-s577_motorSelectiveStop,34.86127853393555,3.1485418957159457,0.0475969538092613,0.0884991564776278,0.961279434394709,7449.02490234375,0
sub-s577_discountFix,38.49797058105469,3.187712087353363,0.0475136712193489,0.0854569299605272,0.9898908865987124,7450.8994140625,0
sub-s577_rest,38.19021224975586,3.188047001074652,0.0464242659509182,0.1443307745237192,1.0069212643404253,8077.5068359375,0
sub-s577_surveyMedley,43.99955749511719,3.1783391104547434,0.0461815595626831,0.072847770757815,0.9965971184692192,7336.65576171875,0
sub-s583_discountFix,34.61683654785156,3.293833402546583,0.042270228266716,0.0937595898157298,0.9616401437895812,9493.1328125,0
sub-s583_DPX,31.837467193603516,3.280951918636669,0.0427562594413757,0.0907152616826343,0.9441156863372616,8645.689453125,0
sub-s583_surveyMedley,39.69211196899414,3.278735885917246,0.0424634329974651,0.0912113180685981,0.9897986448252916,9775.0654296875,0
sub-s583_rest,36.045379638671875,3.299002316380881,0.0414728075265884,0.0853092881354348,0.9744456242553192,10169.61328125,0
sub-s583_motorSelectiveStop,35.09467315673828,3.2886664389775793,0.0429027266800403,0.0892224262018858,0.9582572254425236,9149.21484375,0
sub-s583_stroop,45.602928161621094,3.296883951556957,0.0417382158339023,0.0768593001878894,0.9912326305029592,10050.5634765625,0
sub-s583_rest,39.314430236816406,3.166387713911584,0.0431186445057392,0.0815152302840583,0.966513429177305,12816.0263671875,0
sub-s583_WATT3,42.7972297668457,3.1802363538408778,0.0423593968152999,0.0857697315114275,1.011919376438515,12708.0703125,0
sub-s583_stopSignal,46.66658782958984,3.157519416066041,0.043426290154457,0.0751879744543142,0.9878709647609948,11717.451171875,0
sub-s583_ANT,44.03469467163086,3.136186511839612,0.0453778132796287,0.0821637047273819,0.9835830594627384,11605.46484375,0
sub-s583_CCTHot,43.266815185546875,3.106473103054035,0.0430526062846183,0.0885933236132443,0.9830166247274436,11478.9345703125,0
sub-s583_twoByTwo,39.89957427978515,3.1169674112329675,0.0435633845627307,0.0832424215145126,0.995081438309038,11273.4775390625,0
sub-s548_DPX,36.20460510253906,3.0598646242545544,0.0413624309003353,0.0615581851891797,0.9603000087398,5613.4482421875,0
sub-s548_stroop,46.59706115722656,3.053943396780716,0.0408450998365879,0.0604834956592188,1.0019059870278637,5819.10791015625,0
sub-s548_motorSelectiveStop,36.25708770751953,3.051386755380535,0.0415557958185672,0.066071003638155,0.959910321864755,5980.52001953125,0
sub-s548_discountFix,33.69624328613281,3.023897934878219,0.0423354320228099,0.0720162015440168,0.9811321630678136,5322.3916015625,0
sub-s548_rest,36.41189956665039,3.0697869227747385,0.0419834032654762,0.066565612047845,0.9846282487659566,5949.10546875,0
sub-s548_surveyMedley,38.887699127197266,3.052347301998239,0.0417003072798252,0.0760119978194338,0.9687436083194676,6243.5673828125,0
sub-s548_WATT3,38.761512756347656,3.1853955648353134,0.0295301415026187,0.1002780681010122,1.0082706483976611,6818.40087890625,0
sub-s548_CCTHot,38.18706512451172,3.177877424850378,0.0283272229135036,0.0967067497994535,0.9783254958904108,6703.1767578125,0
sub-s548_twoByTwo,36.02784729003906,3.2170166372914504,0.0295404624193906,0.0793065618067679,0.955193059543246,6944.57763671875,0
sub-s548_ANT,41.770057678222656,3.220861588903466,0.029804453253746,0.0814652250676688,0.9999198477037038,7173.4873046875,0
sub-s548_rest,38.58655548095703,3.207277436561897,0.030741749331355,0.0692709726053379,0.9876726977588643,7052.6748046875,0
sub-s548_stopSignal,42.401798248291016,3.1848429927748483,0.0302039384841918,0.0801544910501818,1.0063007229862475,6894.51611328125,0
sub-s584_rest,43.22562789916992,3.675840366187296,0.028342567384243,0.0896929969933028,0.9963537319148944,11850.2216796875,0
sub-s584_motorSelectiveStop,38.16698455810547,3.730673409398304,0.0289541408419609,0.1058887752387152,1.0031253073855528,11738.7373046875,0
sub-s584_stroop,44.486907958984375,3.7445036394343334,0.0284359287470579,0.0861636954458962,1.0083766043491127,11343.322265625,0
sub-s584_surveyMedley,41.142822265625,3.751720564514268,0.0264905914664268,0.1080093870446505,0.99099353076539,11832.798828125,0
sub-s584_DPX,37.545223236083984,3.573060230823049,0.0294693373143672,0.0956006328935879,0.9894404275339987,11758.6982421875,0
sub-s584_discountFix,39.10541534423828,3.759452209212203,0.0269386861473321,0.1122103350108228,0.9917977811839318,11217.3447265625,0
sub-s584_twoByTwo,35.05497741699219,4.133492262214002,0.0206205267459154,0.1196947015437982,0.982263095208941,11012.9990234375,0
sub-s584_WATT3,28.695274353027344,3.847950706673109,0.0266426652669906,0.1788825110913666,0.9729142328265766,11564.583984375,0
sub-s584_CCTHot,35.79864501953125,4.079159913914116,0.017630023881793,0.1219964204044593,1.0030561481002636,13690.6240234375,0
sub-s584_stopSignal,34.96215057373047,3.8242478121252046,0.026228092610836,0.1342406103937237,1.0088625201796408,12215.419921875,0
sub-s584_ANT,35.81382751464844,4.105104033581538,0.0201490260660648,0.1273193941100765,1.0010242008303882,11772.5263671875,0
sub-s584_rest,41.1617317199707,3.819717006626728,0.0226750783622264,0.1081019393364288,1.0341620164113456,13960.669921875,0
sub-s570_ANT,36.330589294433594,3.531419762764371,0.0461576655507087,0.0761218285812888,0.9700002200000004,8607.849609375,0
sub-s570_stopSignal,40.98291778564453,3.5762900234070525,0.0462587475776672,0.0782435278222232,0.9983480479158696,9519.224609375,0
sub-s570_rest,34.93400573730469,3.565832058346786,0.0477708876132965,0.0756347269727975,1.0011385447375891,9227.833984375,0
sub-s570_twoByTwo,34.72120666503906,3.537073839489348,0.0461583510041236,0.1046778992622479,0.9733416926447118,9221.712890625,0
sub-s570_WATT3,34.56048583984375,3.5577370871743264,0.0451159588992595,0.0978438605168252,0.9949694886991868,8462.9111328125,0
sub-s570_CCTHot,33.0806999206543,3.54561287693128,0.0460646152496337,0.1023010725327405,0.9960770347643432,8586.9150390625,0
sub-s570_rest,40.356895446777344,3.5272055138460185,0.0529380179941654,0.07317213937394,0.9872846149787228,10668.900390625,0
sub-s570_discountFix,30.375591278076172,3.6105883138226575,0.0556645207107067,0.1464521327729995,0.9718745054811708,10938.541015625,0
sub-s570_DPX,32.28776550292969,3.509478404444542,0.0615694858133792,0.1346465761124982,0.9929167353762453,11405.7607421875,0
sub-s570_surveyMedley,38.274925231933594,3.4940339324828265,0.0622223168611526,0.0990969142219659,1.0047193861769603,11735.15234375,0
sub-s570_motorSelectiveStop,36.5043830871582,3.5494155160800513,0.0550003163516521,0.0967726348166193,1.008626573499491,9952.578125,0
sub-s570_stroop,34.995296478271484,3.521389115817383,0.0620990321040153,0.1661313579295848,1.2135870051479285,11407.0341796875,0
sub-s546_twoByTwo,34.03940963745117,3.278679958878912,0.0368516854941844,0.0606284710020897,0.972198088843138,15521.5732421875,0
sub-s546_ANT,36.26652908325195,3.274288606424011,0.035562478005886,0.073085521520824,0.9814477113224636,16904.966796875,0
sub-s546_stopSignal,37.01741790771485,3.2801881693342168,0.0358487777411937,0.06818408911404,0.9900685894465646,16994.2265625,0
sub-s546_WATT3,34.8467903137207,3.2585017233878526,0.0357687808573246,0.0709615296974072,0.97365127496,17442.408203125,0
sub-s546_rest,37.75008392333984,3.2640585275856573,0.0355195850133895,0.0560439288311334,0.969207530992908,18016.994140625,0
sub-s546_CCTHot,31.290830612182617,3.266758105189253,0.0357253327965736,0.0744031583203855,0.9457521291789228,15502.4775390625,0
sub-s546_DPX,31.416032791137695,3.5027440595040544,0.0336388275027275,0.0868352316122157,0.9803940069216776,16021.2021484375,0
sub-s546_rest,38.042198181152344,3.4664719494596548,0.0327217690646648,0.054741889744376,0.9791365808226952,16731.06640625,0
sub-s546_discountFix,34.23748779296875,3.4680821734668172,0.0344378799200058,0.0879088682824043,0.9911529297710698,14900.9853515625,0
sub-s546_surveyMedley,34.947227478027344,3.453240165855106,0.0343041159212589,0.1257811198915483,0.9824968570881863,15828.9345703125,0
sub-s546_motorSelectiveStop,31.100980758666992,3.462793731013314,0.0335779562592506,0.1264558096060843,0.97566375224822,15768.4873046875,0
sub-s546_stroop,35.25812530517578,3.479449866128987,0.0331461019814014,0.0769010519939185,0.9650368445151514,16122.97265625,0
sub-s579_CCTHot,33.674888610839844,3.6191351476244336,0.0268283654004335,0.120047951239035,0.9785203172406648,20789.525390625,0
sub-s579_WATT3,38.370582580566406,3.6164364017903505,0.0233228467404842,0.1107006452902126,1.0019453052724785,20932.537109375,0
sub-s579_rest,37.87808990478515,3.640474279842721,0.0233607236295938,0.0887358771384578,0.9837155408510628,20503.326171875,0
sub-s579_ANT,41.70063018798828,3.6630414296487905,0.026096286252141,0.0798054384797043,1.0016365199999997,20217.111328125,0
sub-s579_twoByTwo,33.7563362121582,3.592188091380441,0.0274513512849807,0.104129734318314,0.9638985569069068,19302.68359375,0
sub-s579_stopSignal,32.43507385253906,3.639408513402545,0.0267628598958253,0.143953524724307,0.980204060638724,19813.01171875,0
sub-s579_discountFix,30.986772537231445,3.547510731368834,0.0351302027702331,0.1105837180121642,0.9649443960935904,15023.3896484375,0
sub-s579_stroop,37.62133026123047,3.593715583960316,0.0360063426196575,0.1105113407885625,0.990204917218934,17329.150390625,0
sub-s579_motorSelectiveStop,31.943347930908203,3.5618205966895613,0.0318067073822021,0.131921678425796,0.9908044020345882,15290.9814453125,0
sub-s579_DPX,25.673219680786133,3.580110403095139,0.0374096408486366,0.2178727367221146,1.0004745235539432,15240.4833984375,0
sub-s579_rest,35.08924865722656,3.606277536820749,0.0302108507603406,0.1165960082147409,1.0091719015035452,16384.646484375,0
sub-s579_surveyMedley,40.122703552246094,3.598908894087003,0.0351291596889495,0.0962714904351973,1.0028818622961733,16791.365234375,0
sub-s541_ANT,46.25286865234375,3.859298017428088,0.0188858341425657,0.0623982919762622,0.9924851122095234,10245.1416015625,0
sub-s541_WATT3,40.405250549316406,3.8662390182276103,0.0184811279177665,0.0741369949596519,0.9763123420415212,10277.5205078125,0
sub-s541_rest,40.56046676635742,3.9147541425555024,0.0195599012076854,0.0658480098922303,0.9762403130070926,12304.4501953125,0
sub-s541_CCTHot,40.20667266845703,3.877129647362602,0.0184206552803516,0.0624931276342679,0.9708663432183906,12050.779296875,0
sub-s541_stopSignal,45.38148498535156,3.872430624465275,0.0183672122657299,0.060367360893929,0.9937654861478614,10297.693359375,0
sub-s541_twoByTwo,38.178565979003906,3.882418501000235,0.0179323609918355,0.0671721440361398,0.969022421992224,9639.1904296875,0
sub-s541_motorSelectiveStop,42.82132339477539,3.825068355470132,0.0212390385568141,0.0689256429400462,0.9710003639064088,10682.9501953125,0
sub-s541_DPX,26.751039505004883,3.8397140745105536,0.0238501820713281,0.1983495485460898,0.9309575737534008,8584.111328125,0
sub-s541_stroop,47.87990951538086,3.8647946384310856,0.0234506279230117,0.0716590417709424,0.994337709970414,10286.5908203125,0
sub-s541_rest,44.95722579956055,3.804099508329107,0.0212958939373493,0.0716652129274896,0.976476755872341,11146.466796875,0
sub-s541_discountFix,35.10022735595703,3.901400283662413,0.0230214446783065,0.1131722104335973,1.0032522184897514,9740.8544921875,0
sub-s541_surveyMedley,44.83384323120117,3.8178744324467977,0.0207080580294132,0.0792096310154671,0.9950486909484192,10723.1767578125,0
sub-s512_surveyMedley,38.320030212402344,3.3269099267200373,0.0277803782373666,0.1189097480649827,1.0026192436941586,30922.4921875,0
sub-s512_stroop,46.56449890136719,3.2940044089240055,0.0288557019084692,0.0877896088468446,1.052247062366864,31228.740234375,0
sub-s512_DPX,24.32497787475586,3.366996460974672,0.028898574411869,0.2570473599805117,0.991534349283772,26677.2265625,0
sub-s512_motorSelectiveStop,25.553619384765625,3.414068458238187,0.0317570306360721,0.2545137701020692,1.0010559130935264,24952.98828125,0
sub-s512_discountFix,28.198486328125,3.391550484503844,0.0315779447555542,0.1575528562325361,0.9956359091889008,27004.505859375,0
sub-s512_rest,35.04273986816406,3.3066700929715234,0.0295187756419181,0.129677680267152,0.9894148728085104,31847.501953125,0
sub-s512_CCTHot,36.76793670654297,3.117044968310814,0.0210847631096839,0.0781393706370459,0.9610623858671176,28455.109375,0
sub-s512_stopSignal,39.75228118896485,3.134117702804492,0.0215955357998609,0.0784148912621011,1.006709738297455,28848.462890625,0
sub-s512_WATT3,40.933441162109375,3.1337842660151063,0.0221858322620391,0.0828979394374016,0.9862378935360676,29386.69921875,0
sub-s512_rest,41.42893981933594,3.119412825072029,0.0263329613953828,0.0662958893022433,0.9833956293900716,29274.111328125,0
sub-s512_ANT,41.434661865234375,3.122586726208882,0.0215830709785223,0.0974318666922994,0.998874383431734,31714.451171875,0
sub-s512_twoByTwo,36.550994873046875,3.1474764324279496,0.0216962341219186,0.0883068650091162,0.9782782860098032,24865.93359375,0
sub-s524_motorSelectiveStop,26.53662109375,3.020937060169957,0.0392111428081989,0.128488030393133,0.9448829967751782,16294.4873046875,0
sub-s524_stroop,36.74591064453125,3.049952044620193,0.037001758813858,0.1181246158375902,0.993401188431953,18328.45703125,0
sub-s524_surveyMedley,36.63736724853515,3.020589667980313,0.0374065600335598,0.0846551729216466,0.9651762093677214,18189.271484375,0
sub-s524_DPX,30.027660369873047,3.053353945703225,0.0380603745579719,0.1301472907244757,0.9793127361468712,17346.3515625,0
sub-s524_discountFix,28.51680374145508,3.066511157236573,0.038855917751789,0.1329435859883799,0.9579493659531404,17237.41796875,0
sub-s524_rest,30.490455627441406,2.941933203487025,0.0413666702806949,0.1328856730796394,0.9722532925673766,15708.3720703125,0
sub-s524_ANT,37.52422332763672,2.964341321147774,0.0331716388463974,0.1270826738723955,1.000800630875912,16936.291015625,0
sub-s524_CCTHot,46.32864761352539,2.912235695806234,0.034243494272232,0.1009123191843222,1.0110495863503657,16733.396484375,0
sub-s524_stopSignal,43.8787841796875,2.9266323955741957,0.0330116786062717,0.100199331627963,0.9976677449521986,14460.115234375,0
sub-s524_rest,38.54337310791016,2.9371156188256995,0.0346490927040576,0.1125962278639829,0.9865064927801416,15429.4384765625,0
sub-s524_twoByTwo,41.89543914794922,2.946859684808358,0.0341733284294605,0.1060068928490402,0.9824172736978128,15379.1435546875,0
sub-s524_WATT3,45.70948028564453,2.9968582467039746,0.0329459011554718,0.1012414874337507,0.9972161329526922,15835.91015625,0
sub-s558_stroop,41.8487663269043,3.3648489364421637,0.0330207422375679,0.1200355811185629,1.000419216538462,12178.302734375,0
sub-s558_motorSelectiveStop,36.404685974121094,3.336758168013344,0.0328168086707592,0.1008445420558938,0.9744062499491346,12005.806640625,0
sub-s558_surveyMedley,38.50761795043945,3.3977535399682353,0.0320188179612159,0.1116557896849542,0.9894607226123122,12440.615234375,0
sub-s558_rest,38.22175216674805,3.4725932404965794,0.029455292969942,0.0795010060143218,0.9838866860992904,13170.2587890625,0
sub-s558_discountFix,35.054168701171875,3.389609123180383,0.0327818542718887,0.1026799449951643,0.974381743479146,11809.7666015625,0
sub-s558_DPX,34.15864562988281,3.4391130816295834,0.031346570700407,0.1139235828251555,0.9757472403626468,12442.7578125,0
sub-s558_CCTHot,37.91435241699219,3.2529185272222856,0.037422776222229,0.1271723987427601,0.9859172551741304,10746.5283203125,0
sub-s558_twoByTwo,39.374114990234375,3.2132752561394424,0.0406045727431774,0.095224430429061,0.9810644668441824,9519.3681640625,0
sub-s558_WATT3,38.12690353393555,3.218706042176964,0.0393764935433864,0.1049571593873882,0.9690346368795176,10836.5419921875,0
sub-s558_stopSignal,41.94832611083984,3.254595849199432,0.040520753711462,0.1209808147903225,0.9863982153543308,11271.21484375,0
sub-s558_ANT,42.96501922607422,3.2161395372748816,0.0399088859558105,0.1036961075259318,0.9886294035741444,10794.3203125,0
sub-s558_rest,39.97097396850586,3.250364663806224,0.0419467762112617,0.1167966147056318,0.9802378978865248,11688.0048828125,0
sub-s593_rest,37.32815170288086,2.379833155772799,0.062994509935379,0.0656496322376677,0.971666960851064,10617.5,0
sub-s593_surveyMedley,40.39971160888672,2.363560162288894,0.0593880824744701,0.0644328232902371,0.974047785058236,10858.8359375,0
sub-s593_discountFix,34.987606048583984,2.3196608565076535,0.0611368045210838,0.0677998467873346,0.9740251518360642,9746.4970703125,0
sub-s593_motorSelectiveStop,40.119285583496094,2.343309415141522,0.0597503744065761,0.0573964619644563,0.9873229605834188,10068.6103515625,0
sub-s593_DPX,38.18644714355469,2.3178812632151775,0.0608502440154552,0.0626191339287404,0.9788992150861284,9511.447265625,0
sub-s593_stroop,48.89630508422851,2.355482602705199,0.0592489540576934,0.0498986359405677,1.0002028808875738,10203.2421875,0
sub-s593_ANT,42.67920684814453,2.4712074409053093,0.0609138272702693,0.0708765302720302,0.997479736224678,10593.7841796875,0
sub-s593_WATT3,40.70952224731445,2.4358699127397707,0.062166042625904,0.0695695042556272,1.0008197597011494,10211.6513671875,0
sub-s593_stopSignal,39.143760681152344,2.4437539302250495,0.0602775663137435,0.073910813921856,0.9780224959845566,11242.0576171875,0
sub-s593_CCTHot,43.61131286621094,2.4557037270236464,0.0609653480350971,0.0632073046405105,0.9817968621819968,10002.5654296875,0
sub-s593_rest,44.42826843261719,2.4780545360437034,0.061508685350418,0.0593041510353408,0.9974098770921968,11102.994140625,0
sub-s593_twoByTwo,41.77055358886719,2.4662326799166583,0.0608910918235778,0.0739028209168076,0.995323531282052,10149.6005859375,0
sub-s567_CCTHot,31.19034767150879,3.4315752109414377,0.0276845004409551,0.1856451297946705,1.0434086475591533,9409.693359375,0
sub-s567_twoByTwo,33.6564826965332,3.429189533146016,0.0280824415385723,0.1439891254944726,0.9573370589795918,8749.7138671875,0
sub-s567_stopSignal,37.99027633666992,3.5107618604783983,0.0268281977623701,0.1494892617407169,0.9747790169789664,10087.544921875,0
sub-s567_rest,32.5509147644043,3.5139275293697168,0.0270126201212406,0.1414088840192886,0.952282962524822,10519.3759765625,0
sub-s567_ANT,35.35417938232422,3.513335947537175,0.0265903454273939,0.2111311364139252,0.9898348373345588,9721.12109375,0
sub-s567_WATT3,33.28733444213867,3.465541689815999,0.0274672787636518,0.1534649816274974,0.9759888311738651,9904.1708984375,0
sub-s567_stroop,37.213584899902344,3.37130107557147,0.0225439965724945,0.155399992765826,0.965866438792569,10802.7431640625,0
sub-s567_rest,31.381149291992188,3.3738849722231543,0.0220447778701782,0.1610892570200034,0.9894584166666676,10535.2412109375,0
sub-s567_surveyMedley,38.06443786621094,3.374776132796238,0.0227521881461143,0.1421479401778323,0.9848460485357744,11275.9306640625,0
sub-s567_motorSelectiveStop,29.285409927368164,3.3691935807469107,0.0220089890062809,0.2054853269638672,0.9540421197151576,10107.5009765625,0
sub-s567_discountFix,31.187509536743164,3.3756987546922637,0.0218740981072187,0.1990126901774136,0.9847379970992364,10027.19140625,0
sub-s567_DPX,30.063743591308594,3.3784625074964416,0.0226267464458942,0.2023267180070259,0.9472909712873978,9903.7978515625,0
sub-s594_DPX,33.33033752441406,3.126405161848815,0.0352405905723571,0.0615916500292467,0.9559477676699922,5648.71533203125,0
sub-s594_stroop,43.33824157714844,3.143623220700069,0.0332476124167442,0.050535230450244,1.0037661838181808,5339.81982421875,0
sub-s594_surveyMedley,40.41900634765625,3.1600722355375517,0.0314383022487163,0.0574259169704328,0.9823372660232944,5262.79443359375,0
sub-s594_rest,35.849632263183594,3.1384014561252105,0.0341208949685096,0.0647223964038261,0.9675100697588654,5964.35400390625,0
sub-s594_motorSelectiveStop,37.785865783691406,3.177415137614968,0.0332472771406173,0.0529516453026245,0.969928340122075,4946.7119140625,0
sub-s594_discountFix,33.552799224853516,3.190653555845404,0.0313204191625118,0.0757438813180335,0.990923735482832,4747.59912109375,0
sub-s594_twoByTwo,37.54080581665039,3.130127445014026,0.0304154139012098,0.0591743865718469,0.969378951278586,6023.0595703125,0
sub-s594_rest,37.148162841796875,3.121822422326858,0.0312224086374044,0.0656138458286761,0.972247686312056,6717.8564453125,0
sub-s594_WATT3,40.7315673828125,3.1898027026979543,0.0281832907348871,0.0628875063619821,0.9800260222323048,6856.38818359375,0
sub-s594_CCTHot,35.745269775390625,3.198444206785704,0.0308559816330671,0.0662260926717221,1.015562472248995,5889.876953125,0
sub-s594_ANT,40.264373779296875,3.191720684752607,0.0302583556622266,0.06064115580739,1.0015574473131672,6159.48486328125,0
sub-s594_stopSignal,42.30899810791016,3.1610892694528525,0.0278026331216096,0.0543699797736403,0.9879593971457096,6613.4775390625,0
sub-s556_twoByTwo,33.07530212402344,3.1452538374251295,0.0423630252480506,0.0543179259070784,0.9600289990476184,7538.9951171875,0
sub-s556_rest,40.110748291015625,3.3310538293250076,0.0369122289121151,0.051951090895004,0.986983571489362,8941.5263671875,0
sub-s556_WATT3,32.877479553222656,3.1975296279980863,0.0436069257557392,0.0670044893905676,0.9814103609227234,7092.14599609375,0
sub-s556_CCTHot,37.469932556152344,3.1369802773255677,0.0428895428776741,0.0706402661572269,0.99525911614622,7911.10107421875,0
sub-s556_ANT,41.255836486816406,3.1635020595816856,0.0433528646826744,0.0526581694475437,0.9917267264695012,7841.5009765625,0
sub-s556_stopSignal,42.32036209106445,3.280616674287225,0.0350925885140895,0.0562990854541478,1.0018024908447936,7674.58154296875,0
sub-s556_surveyMedley,42.78131103515625,3.1100376819711055,0.0466186963021755,0.0584515659466784,1.0207472521797003,7336.6533203125,0
sub-s556_motorSelectiveStop,38.624637603759766,3.138581068417061,0.0459981523454189,0.0557503189172122,0.9879476890248964,8061.44189453125,0
sub-s556_discountFix,40.91951751708984,3.28303665844739,0.040242563933134,0.0541153849885775,0.998291008808234,7205.80517578125,0
sub-s556_stroop,46.07370376586914,3.1429316018566547,0.046497207134962,0.049371288859003,1.006171542735562,7746.4580078125,0
sub-s556_rest,39.26169967651367,3.1420723111575084,0.0453747101128101,0.0552452070029561,0.9773989831063836,8771.779296875,0
sub-s556_DPX,37.1421012878418,3.3016980371092948,0.0396362356841564,0.0557551549723336,0.9718614821937842,7481.7666015625,0
sub-s192_rest,41.24916076660156,3.1034570060715954,0.036173690110445,0.0590466614107056,0.9830806990354614,7950.53271484375,0
sub-s192_DPX,39.77027130126953,3.105085660636494,0.037450224161148,0.0654910890688149,0.9905586515054736,7025.21240234375,0
sub-s192_stroop,44.25532150268555,3.110428642739992,0.0373187027871608,0.0705682292881856,0.9904855441515142,7515.48291015625,0
sub-s192_motorSelectiveStop,36.183937072753906,3.136917917308711,0.0356551483273506,0.0725035216491465,0.9625257363886076,7148.67236328125,0
sub-s192_surveyMedley,42.920448303222656,3.1130009556529483,0.0356589443981647,0.0714338572828887,0.9915367002329448,7570.03125,0
sub-s192_discountFix,41.22478103637695,3.095575200656471,0.0365033000707626,0.0709101617909162,0.9860771413304243,7375.61083984375,0
sub-s192_CCTHot,37.74777603149414,3.123604470334306,0.0501145049929618,0.0978082745741256,0.9933729558406128,7644.341796875,0
sub-s192_ANT,39.16875076293945,3.149410270379118,0.0490442849695682,0.0945255338020536,0.9838699436925794,8110.01123046875,0
sub-s192_twoByTwo,38.80693435668945,3.1290159394193013,0.0508719980716705,0.1006221589983658,0.9938594632555884,7811.4677734375,0
sub-s192_WATT3,43.577449798583984,3.128209640914561,0.0500116571784019,0.0933534311514432,1.0131327545428157,8016.31201171875,0
sub-s192_rest,42.3165168762207,3.178972359903605,0.0467511005699634,0.0887173872190519,1.002392427716312,8580.021484375,0
sub-s192_stopSignal,44.00434875488281,3.222908255246994,0.0468311868607997,0.094726445461687,0.9965775166279076,8159.6484375,0
sub-s533_CCTHot,20.68181610107422,3.324843638870614,0.0263578910380601,0.5249371066522032,0.8937249290391457,25886.865234375,0
sub-s533_ANT,22.809324264526367,3.2240666631744586,0.0240444689989089,0.3333461534398337,0.908230133900184,21852.3671875,0
sub-s533_twoByTwo,18.757287979125977,3.43900221770387,0.0295553356409072,0.3679087071128094,0.8700545249173935,20337.552734375,0
sub-s533_WATT3,23.19455337524414,3.32324387055704,0.0254684705287218,0.3456393592593888,0.9337786958333324,22511.650390625,0
sub-s533_stopSignal,25.37796401977539,3.2014153976590873,0.024457449093461,0.2092773757503865,0.977579218068834,20224.671875,0
sub-s533_rest,27.569292068481445,3.13656490373141,0.020488241687417,0.2436595298611698,1.0274752485248224,16256.3955078125,0
sub-s568_stopSignal,38.93170928955078,3.4731502580029656,0.0293711088597774,0.1725111207547316,0.9880941372200768,5135.37158203125,0
sub-s568_rest,40.52108001708984,3.4370991060743634,0.0326714031398296,0.1241227244374497,0.991575048836879,5116.9443359375,0
sub-s568_CCTHot,39.31407165527344,3.456663438433857,0.0292196739464998,0.1415808728915909,0.9830448163775016,5034.6875,0
sub-s568_twoByTwo,34.64668273925781,3.4378822806784637,0.0307338368147611,0.1455352000798138,0.984322056618076,4923.94287109375,0
sub-s568_ANT,41.16857147216797,3.4713986800405663,0.0291407946497201,0.1534776657469818,1.0192681540366977,4948.3212890625,0
sub-s568_WATT3,38.44286346435547,3.498578111438677,0.0283885058015584,0.1561252627856126,0.9966217012359556,5138.619140625,0
sub-s568_stroop,44.70897674560547,3.1958511125662694,0.0396855808794498,0.1187880857251107,0.9922372957585148,5823.90380859375,0
sub-s568_DPX,37.48700714111328,3.262116431878384,0.0374285317957401,0.1443900065688423,0.9802718439560424,5616.853515625,0
sub-s568_surveyMedley,41.73948287963867,3.1944462827481925,0.0399400144815444,0.1280302189964549,1.006956010382695,5835.22509765625,0
sub-s568_rest,35.4200553894043,3.251582294107227,0.0377874337136745,0.1968033355131018,0.988666561957446,6294.67822265625,0
sub-s568_discountFix,38.21722030639648,3.216947139386252,0.0389430373907089,0.1338595717584143,0.9772892659340648,6116.99853515625,0
sub-s568_motorSelectiveStop,38.14031982421875,3.222966185281001,0.0378640443086624,0.1263292201412788,0.9896107034472053,5842.08740234375,0
sub-s557_stroop,50.67782974243164,2.8823499981728395,0.0382724776864051,0.0904984798124526,1.0118778174260354,16060.4638671875,0
sub-s557_DPX,43.40454864501953,2.88384942071899,0.0416978374123573,0.0834899051141881,0.9925812996917496,13817.4423828125,0
sub-s557_motorSelectiveStop,42.550933837890625,2.8896003686677427,0.0396474190056324,0.0941815945544848,0.989567766083418,14539.4140625,0
sub-s557_surveyMedley,47.2032470703125,2.867307086376669,0.0404882244765758,0.0847132305850291,1.0039166378868554,14720.55078125,0
sub-s557_discountFix,46.58699035644531,2.871205567092422,0.0416760221123695,0.0774092499347098,0.9938114396536796,14133.3740234375,0
sub-s557_rest,48.227447509765625,2.8973694973444815,0.0375564023852348,0.0796759506534435,0.9976077003262402,15728.87109375,0
sub-s557_CCTHot,34.26710891723633,2.8383968359954603,0.0423462465405464,0.0947549383718936,0.9975856530812646,14475.2080078125,0
sub-s557_WATT3,36.2310791015625,2.8494399671530335,0.0417120195925235,0.0780457840948541,0.9837409971042934,14281.697265625,0
sub-s557_rest,33.637046813964844,2.878655652404679,0.0422270894050598,0.0903362900790077,0.9586407082127674,14837.92578125,0
sub-s557_ANT,38.43762969970703,2.8949037930330377,0.041152000427246,0.0897165117588734,1.0250617178236396,14818.4521484375,0
sub-s557_twoByTwo,28.758031845092773,2.8033446298309515,0.0443077385425567,0.1066729644465207,0.9416032836939572,11888.396484375,0
sub-s557_stopSignal,42.35573196411133,2.858302074880502,0.0428378395736217,0.079318098059881,0.9835214074501992,14038.697265625,0
sub-s595_discountFix,43.44074249267578,3.108797554366377,0.0213904436677694,0.0700577217669697,0.976216963718648,20685.791015625,0
sub-s595_DPX,40.601783752441406,3.0957655645073734,0.021896181628108,0.0658873275017391,0.9601453052493192,20707.224609375,0
sub-s595_rest,45.038333892822266,3.163855866068505,0.0216284450143575,0.0672506032062352,0.9946361932056744,22616.029296875,0
sub-s595_stroop,50.36436080932617,3.1389971755087824,0.0212767906486988,0.0663040699833594,1.005639249142012,21128.12109375,0
sub-s595_surveyMedley,47.646610260009766,3.127515515141704,0.0211785100400447,0.067858866547166,0.9952864106322792,22190.65625,0
sub-s595_motorSelectiveStop,44.855621337890625,3.107235830429347,0.0214037597179412,0.0682350589155424,0.9852534619735496,21053.44140625,0
sub-s595_ANT,45.64706039428711,2.741113549456839,0.0251757781952619,0.0601420426622722,0.9795001167158665,16472.98046875,0
sub-s595_CCTHot,36.53302001953125,2.6603295056821428,0.0267631877213716,0.0728271488563037,0.947698881022727,14724.0888671875,0
sub-s595_twoByTwo,38.46965789794922,2.694375292671066,0.0262317508459091,0.0612541995641425,0.9512156846772593,15377.248046875,0
sub-s595_stopSignal,42.1939697265625,2.7157656505349643,0.0268727056682109,0.0675921859634045,0.9537575899617584,15283.75390625,0
sub-s595_WATT3,39.40718078613281,2.7146412892398786,0.0264934506267309,0.0800659413735192,0.9943226556875828,15199.685546875,0
sub-s595_rest,42.83319091796875,2.741886230689414,0.0239290706813335,0.0688056936301629,0.9724860803829782,16871.138671875,0
sub-s561_stroop,43.14469909667969,3.5187984823173752,0.0516679808497428,0.0884202784164651,0.9923236791124268,7561.29443359375,0
sub-s561_DPX,35.33264923095703,3.5170892384184196,0.0517785213887691,0.0933011314924619,0.983101362692656,7389.541015625,0
sub-s561_surveyMedley,40.965450286865234,3.4561969177550744,0.0517782159149646,0.1021003527863466,0.983297047970049,8017.17822265625,0
sub-s561_motorSelectiveStop,38.04011535644531,3.4616524203450547,0.0522593930363655,0.1021364661379996,0.994871707843338,7336.986328125,0
sub-s561_discountFix,36.38581085205078,3.4983403397622364,0.0529230237007141,0.0942495074921875,0.975597872105799,7575.9921875,0
sub-s561_rest,39.37731170654297,3.4464229836872073,0.0541774407029151,0.1044448654210986,0.9956804966950342,7348.80078125,0
sub-s561_ANT,38.962059020996094,3.488799982686243,0.0466564632952213,0.1048410213288528,0.9863230088868612,7146.84033203125,0
sub-s561_CCTHot,32.772579193115234,3.4843200765989844,0.0471222810447216,0.1003627213460551,0.9488132862318848,6212.5810546875,0
sub-s561_rest,38.59868240356445,3.487500538383579,0.0433825552463531,0.1103103222634662,0.9858516481843974,7494.90087890625,0
sub-s561_WATT3,41.393062591552734,3.4835497631159074,0.0466681346297264,0.098849853911181,1.0178509335221244,7007.9814453125,0
sub-s561_twoByTwo,36.883392333984375,3.4642197224648794,0.04439128190279,0.1020092945777666,0.9754091376341936,7055.43896484375,0
sub-s561_stopSignal,41.26551818847656,3.483403730012411,0.0459025688469409,0.0988267298395536,0.9981131950000002,7057.21044921875,0
sub-s592_DPX,38.39405059814453,3.239475634355251,0.0390284545719623,0.0755265046239555,0.9810235161177548,10650.103515625,0
sub-s592_surveyMedley,43.04697799682617,3.2789921094164423,0.0393639318645,0.0673916805634402,1.003091293876871,10657.1474609375,0
sub-s592_motorSelectiveStop,38.5031623840332,3.245959577516822,0.0388698540627956,0.0801626816924632,0.9764137932172132,11196.126953125,0
sub-s592_discountFix,39.19512939453125,3.234657715092625,0.0394900180399417,0.0767968943746847,0.9839646085991376,10052.873046875,0
sub-s592_rest,35.47126770019531,3.2965095186412325,0.0381934195756912,0.0976459758401157,0.983327191659574,12250.14453125,0
sub-s592_stroop,45.807003021240234,3.3016619449579587,0.0398439578711986,0.0633824467198798,1.0019262669375,10920.294921875,0
sub-s592_twoByTwo,36.406837463378906,3.0469924653361184,0.0320457778871059,0.0953357375082978,0.9955281410689988,7471.21044921875,0
sub-s592_ANT,36.15045928955078,2.945881274413995,0.0340073741972446,0.1148557987222964,1.0032367152930717,7848.7294921875,0
sub-s592_rest,39.05333709716797,3.0246973688560623,0.0304265841841697,0.0627051308246896,0.9883413754751772,8067.794921875,0
sub-s592_stopSignal,43.09827423095703,3.0579071242577105,0.0326785296201705,0.0568352065261869,0.9929342721850394,7332.92138671875,0
sub-s592_CCTHot,40.00081634521485,3.0286726521181264,0.0308235250413417,0.0601774436771211,0.9763191862757729,8303.0009765625,0
sub-s592_WATT3,42.259429931640625,3.0669678238426954,0.0315748341381549,0.0628864930722625,1.012379553266055,8099.70703125,0
sub-s644_stroop,39.663238525390625,2.840199783013524,0.0651213750243187,0.1436244808987907,1.0033436083136098,3164.120849609375,0
sub-s644_DPX,29.139299392700195,2.7985523523182465,0.064659982919693,0.1692008050789171,0.9643160903263835,2741.292236328125,0
sub-s644_rest,36.90352249145508,2.8462920996071746,0.0639494657516479,0.1349330172871368,0.9889504231773044,3032.524169921875,0
sub-s644_surveyMedley,36.136871337890625,2.842504111593111,0.0657974109053611,0.1622021244215942,0.9953129331447588,2847.4072265625,0
sub-s644_discountFix,29.21651077270508,2.797288439372463,0.0655028820037841,0.1603910838397859,0.9594655915164358,2260.1328125,0
sub-s644_motorSelectiveStop,27.367094039916992,2.816739686337467,0.0674828141927719,0.2092235119709587,0.9877675795116982,2515.12060546875,0
sub-s644_ANT,39.02696990966797,2.78307614631741,0.0523710399866104,0.0916807276269996,0.9868851400000008,2415.423583984375,0
sub-s644_stopSignal,34.82863235473633,2.820027657634214,0.0524842105805873,0.0955773447455902,1.009997387283702,2048.34814453125,0
sub-s644_CCTHot,29.905269622802734,2.8225906823633196,0.0514498986303806,0.139279363188735,0.9995308086680108,1867.402099609375,0
sub-s644_twoByTwo,32.901512145996094,2.7617618015446976,0.0529388040304183,0.0986938772407488,0.9764947271234204,2261.01123046875,0
sub-s644_WATT3,34.27752685546875,2.814506343947546,0.0515618249773979,0.105650545906915,0.9940426185433529,2427.993896484375,0
sub-s644_rest,36.83846282958984,2.859462552589184,0.0515056923031806,0.1018784723028449,0.9839704690354624,2470.81884765625,0
sub-s471_rest,34.57817077636719,2.9815431522913274,0.0317111276090145,0.103731065063518,0.984110248198581,6926.9697265625,0
sub-s471_CCTHot,34.05261993408203,2.9780388656713894,0.0306271463632583,0.1066678188935442,0.9949658432114896,6882.30078125,0
sub-s471_twoByTwo,32.293128967285156,3.0105334228414513,0.0285124275833368,0.0945781040008957,0.985750595522682,6814.35888671875,0
sub-s471_WATT3,35.8426399230957,2.9585441467984492,0.0327727459371089,0.0904782478953762,1.015559258913363,7210.63623046875,0
sub-s471_stopSignal,33.531272888183594,3.054059371816836,0.02888123691082,0.1509388054091393,0.9941736701529634,6790.77783203125,0
sub-s471_ANT,34.61013412475586,3.0038208992267346,0.031640563160181,0.1176431946447679,1.0176425560798557,6870.58203125,0
sub-s471_discountFix,28.0079288482666,2.9851151946457755,0.0310099851340055,0.1605568505902223,0.971347004285713,7067.56787109375,0
sub-s471_stroop,31.366846084594727,2.972141376277325,0.0318547859787941,0.1550401469419063,0.9831251404142008,7988.75,0
sub-s471_surveyMedley,22.505027770996097,3.083972025175461,0.0305489432066679,0.5516489487488029,0.9518962847088192,7128.46875,0
sub-s471_motorSelectiveStop,26.66547584533691,3.0158275758988187,0.0250397082418203,0.1179413821704157,0.9555592860122069,6332.79931640625,0
sub-s471_DPX,21.262479782104492,2.9483675496227346,0.0374615974724292,0.5458300754748318,0.9472943066697328,6324.3271484375,0
sub-s471_rest,30.334259033203125,2.928200726707361,0.0300583131611347,0.1453125146470062,0.9882732896595736,6995.45458984375,0
sub-s643_DPX,30.985334396362305,2.910449108903121,0.0684496760368347,0.1152991963535177,0.9917891404805096,3033.068603515625,0
sub-s643_surveyMedley,38.197509765625,2.9140979098428965,0.0693541541695594,0.1112367653856228,0.9835581036439268,3227.67822265625,0
sub-s643_motorSelectiveStop,35.00106430053711,2.9949092880570936,0.0667827725410461,0.1125093120065853,0.9927875975991856,3088.9541015625,0
sub-s643_discountFix,36.78074645996094,2.9539621115437997,0.0704654157161712,0.1060692825207821,0.9800723208686206,3083.57568359375,0
sub-s643_stroop,43.247283935546875,2.954838325981679,0.0722987875342369,0.0901494575999587,1.0049884413069912,3131.840576171875,0
sub-s643_rest,36.5903434753418,2.9175129588005255,0.0717247575521469,0.0978263716301801,0.9797286389219854,3308.2978515625,0
sub-s643_stopSignal,39.540489196777344,3.229988122803531,0.0548793710768222,0.1136935562418623,0.9970521551497014,2864.70166015625,0
sub-s643_rest,33.80324935913086,3.1839665599719846,0.0575609020888805,0.1177416607761727,0.9801740851205676,3132.78369140625,0
sub-s643_ANT,36.490997314453125,3.2718633020350287,0.0547799058258533,0.1208601052093737,0.9861372629462744,3106.1650390625,0
sub-s643_CCTHot,35.0914306640625,3.116219054572899,0.0555084235966205,0.1293831972057344,0.9900123955950092,2903.97119140625,0
sub-s643_twoByTwo,35.0340690612793,3.290748655147915,0.0527351275086402,0.1202994192034727,0.980908849271136,2899.607666015625,0
sub-s643_WATT3,35.65993118286133,3.131633868369939,0.0547807104885578,0.1127277501918445,0.9880308406864986,3008.110107421875,0
sub-s626_twoByTwo,28.805767059326172,2.648155421868063,0.0352238081395626,0.0911957370814809,0.966395886537698,3921.63671875,0
sub-s626_rest,32.365196228027344,2.7937281350509076,0.0367188490927219,0.1247925750518489,0.9760446202127664,5028.6396484375,0
sub-s626_WATT3,32.8379020690918,2.7020075422906356,0.0350747220218181,0.0718161246259965,0.9758028798975104,4245.73486328125,0
sub-s626_ANT,26.258434295654297,2.749023972007344,0.0371617004275321,0.1038117263714822,1.1336359174054051,4778.3828125,0
sub-s626_stopSignal,32.2362060546875,2.6987099502353096,0.0346827954053878,0.0838344058671338,0.9671573657800004,3978.797119140625,0
sub-s626_CCTHot,26.30831527709961,2.6805152706289377,0.0355772487819194,0.0747072727447292,0.9380401964522428,3602.333984375,0
sub-s626_motorSelectiveStop,29.7805118560791,2.7339470620472905,0.0438355542719364,0.0710958169411195,0.940285093224822,4093.113037109375,0
sub-s626_DPX,26.660886764526367,2.666608225036748,0.0457131117582321,0.1093578495271663,0.9415463273980056,3853.505126953125,0
sub-s626_discountFix,30.900529861450195,2.71794078186947,0.0447705425322055,0.0751296108694663,0.9852969286334056,4201.234375,0
sub-s626_rest,30.54181480407715,2.789002020160814,0.0428813733160495,0.1121643764554157,0.9787985517304952,4526.166015625,0
sub-s626_stroop,34.41298294067383,2.736097360580018,0.0440382286906242,0.0683835381899082,0.9759332915384612,4321.52880859375,0
sub-s626_surveyMedley,27.57863426208496,2.691493230423152,0.0461635515093803,0.1106581423438138,0.9479045610815316,4160.060546875,0
sub-s619_CCTHot,36.475379943847656,2.9183570378566848,0.0634214058518409,0.0873727466751982,0.9795438967524756,8943.923828125,0
sub-s619_WATT3,37.54727935791016,2.922480607139727,0.0649029240012168,0.0952792689261352,0.981721340280898,9383.4775390625,0
sub-s619_twoByTwo,29.19495010375977,2.5154991273428267,0.1882215440273285,0.0946673591389933,0.9811073001601596,1574.0892333984375,1
sub-s619_rest,38.723655700683594,2.990244390547265,0.06140061840415,0.0580810062251285,0.9863836034184404,10211.0068359375,0
sub-s619_stopSignal,39.88494873046875,2.968785597912565,0.0621239133179187,0.0780055515697087,0.9871845666730396,10125.8974609375,0
sub-s619_ANT,30.796262741088867,2.493422837573391,0.1907234340906143,0.0849815837591708,0.9845347820315236,1555.59033203125,1
sub-s619_discountFix,25.624780654907227,2.707134673435484,0.1839467585086822,0.0690048857888121,0.9633389502609608,1406.306640625,1
sub-s619_stroop,40.50130462646485,2.984295811397454,0.0635111704468727,0.0645189571826246,1.0026629993195275,8146.29052734375,0
sub-s619_rest,36.285892486572266,2.995682920852788,0.0604551322758197,0.063220629817912,0.9791643221985816,9142.01953125,0
sub-s619_surveyMedley,36.80693054199219,2.977950053630386,0.0633175894618034,0.0756382213211268,0.9915927892179704,8504.71484375,0
sub-s619_DPX,34.24383544921875,2.9940392640054476,0.0625694096088409,0.0638460269658705,0.9795109492929284,8579.6767578125,0
sub-s619_motorSelectiveStop,24.8177547454834,2.684276735891491,0.1862473040819168,0.0728947973548395,0.9661833725153374,1385.6256103515625,1
sub-s621_ANT,42.6749382019043,2.7553536892034716,0.0404036790132522,0.0876507941386018,0.991496832539964,17514.609375,0
sub-s621_WATT3,38.300514221191406,2.823587827902352,0.0379900373518466,0.1029090370719927,0.9706776566238756,17559.220703125,0
sub-s621_stopSignal,45.765899658203125,2.786478505364399,0.0388501733541488,0.0810748207495205,0.9950112654921256,18069.611328125,0
sub-s621_CCTHot,39.02244567871094,2.7445889360027613,0.0400183647871017,0.0856667093759341,0.9671079509108338,17158.09375,0
sub-s621_rest,41.94602966308594,2.8348437200012904,0.0373191311955452,0.0887171819864138,0.9930579136170216,18705.513671875,0
sub-s621_twoByTwo,38.886268615722656,2.7586333955679105,0.0391532629728317,0.0943224320866097,0.9745161685519936,16968.19140625,0
sub-s621_rest,43.30470275878906,2.779402494799127,0.0557477287948131,0.0879467013408104,0.9788070560709224,23401.134765625,0
sub-s621_DPX,32.4173469543457,2.91223659191107,0.0579539351165294,0.1001437185355879,0.946145918522212,21278.986328125,0
sub-s621_stroop,48.22073745727539,2.946473251222704,0.0587163381278514,0.0796539440683417,0.9975322038461528,21586.2890625,0
sub-s621_surveyMedley,46.2940788269043,2.77447222179425,0.0561311990022659,0.0855683196735812,0.994322506056573,22539.1953125,0
sub-s621_discountFix,38.99558639526367,2.950852737574748,0.0583412647247314,0.0957700212577398,0.9819372841649056,22570.416015625,0
sub-s621_motorSelectiveStop,28.925613403320312,2.8601767793844224,0.0573071055114269,0.0926117062696723,0.928392446063072,19474.73828125,0
sub-s617_motorSelectiveStop,44.2595100402832,3.0857925789550724,0.0476312786340713,0.0537792125403988,0.9967929316174972,12441.45703125,0
sub-s617_DPX,39.36200714111328,3.0549241789381583,0.0478892549872398,0.060040964997174,0.983687649782412,13492.8212890625,0
sub-s617_rest,49.32853698730469,3.0667402995967374,0.0459423810243606,0.0576350067302761,0.9866068727375892,14302.2978515625,0
sub-s617_stroop,53.21697998046875,3.070184324407225,0.0482149757444858,0.055375211203908,1.0097614191124258,12148.67578125,0
sub-s617_discountFix,40.67505645751953,3.0694556585896215,0.0485291257500648,0.0614475794366408,1.0016508475788397,11897.1796875,0
sub-s617_surveyMedley,43.29986572265625,3.087265886631663,0.0492142178118228,0.0750943395805933,1.0492827503993338,14315.75390625,0
sub-s617_stopSignal,45.31697082519531,3.130626546420551,0.0356196723878383,0.0701167255468384,1.0145993409215686,23804.814453125,0
sub-s617_rest,45.13343048095703,3.0740615003502723,0.0351977311074733,0.0545952905590649,0.98093407306383,25304.7734375,0
sub-s617_WATT3,42.19920349121094,3.218046566316255,0.035551905632019,0.0804034904073234,1.0098867898881123,24316.3125,0
sub-s617_CCTHot,42.897911071777344,3.098343655605311,0.0345859713852405,0.0590903923157731,0.9932325676798144,22968.896484375,0
sub-s617_twoByTwo,40.25162124633789,3.1007106173233887,0.0350925251841545,0.0757371028334085,0.9823475323809532,22679.48828125,0
sub-s617_ANT,43.81743240356445,3.094256245791106,0.0337176732718944,0.0587614182480431,1.0022761230363646,25350.83203125,0
sub-s628_rest,32.21654510498047,3.0632181070296074,0.0569199472665786,0.0927505622359474,0.9604053819999996,20907.203125,0
sub-s628_twoByTwo,38.52720260620117,3.0022590340422797,0.0582888536155223,0.0747791432747322,0.9659693787463562,20173.7421875,0
sub-s628_CCTHot,35.60692596435547,3.007485584175656,0.0586917772889137,0.095419321150434,0.9536704525281964,19169.8359375,0
sub-s628_WATT3,34.528907775878906,3.0681906010204876,0.0584465339779853,0.1016052802065519,0.9777660508695648,20160.01171875,0
sub-s628_ANT,43.390594482421875,3.0186187703782803,0.0581308975815773,0.0810246587468276,0.9806114057222226,21156.17578125,0
sub-s628_stopSignal,44.38642120361328,3.0161465844892867,0.0594849474728107,0.0799819600870438,0.985075419862205,21309.298828125,0
sub-s628_motorSelectiveStop,37.31935501098633,3.2238869911777037,0.0539754815399646,0.1044454096368118,0.9953776283825032,9173.0107421875,0
sub-s628_DPX,36.46330642700195,3.2312200775114364,0.0545012950897216,0.1022282383519645,0.9922688486310062,8471.705078125,0
sub-s628_stroop,44.29725646972656,3.2431868112594806,0.0531007051467895,0.094754506142275,0.9935111351951956,9355.5556640625,0
sub-s628_rest,32.73919677734375,3.2737863532167566,0.0570650845766067,0.1109351364694143,0.9829261335744668,9198.1083984375,0
sub-s628_surveyMedley,40.57624053955078,3.2556547079606073,0.0563513897359371,0.1160573521862548,0.9873141997171382,9898.7392578125,0
sub-s628_discountFix,37.54736328125,3.2332756824394138,0.0544387139379978,0.1181923710155073,0.9831632301307184,9063.0146484375,0
sub-s610_discountFix,36.89900970458984,3.8843418063681248,0.0363296419382095,0.0552809829281092,0.97704733695329,8068.14404296875,0
sub-s610_stroop,44.76466369628906,3.89176370348118,0.0369782112538814,0.046177793567021,1.0014763929289938,8200.4970703125,0
sub-s610_rest,43.02627944946289,3.886666004630174,0.0350510813295841,0.0367199850335088,0.9891163088368792,8691.0703125,0
sub-s610_motorSelectiveStop,40.730567932128906,3.8647349627054504,0.0358218923211097,0.0396190693057531,0.9870649745371308,8492.375,0
sub-s610_surveyMedley,43.95299530029297,3.869039003114509,0.0380023904144763,0.0389292496171845,0.9937939114642266,8098.50048828125,0
sub-s610_DPX,36.313106536865234,3.9291351602240794,0.0362149626016616,0.0604176184911208,1.003079673585767,7171.9482421875,0
sub-s610_CCTHot,31.377994537353516,3.817035679494753,0.0267895646393299,0.0807565424085878,0.9653262644465463,11754.228515625,0
sub-s610_stopSignal,37.160888671875,3.840269881049529,0.0277209356427192,0.0627684302515106,0.9914168399418608,11245.3134765625,0
sub-s610_WATT3,34.187068939208984,3.831196287683939,0.0282009728252887,0.0695237355104433,0.9930999493455795,11681.859375,0
sub-s610_twoByTwo,30.983692169189453,3.8342218301488935,0.0279327388852834,0.1087877863789203,0.9683607440816328,11180.0078125,0
sub-s610_ANT,37.392860412597656,3.868211743610523,0.0256547853350639,0.0583185425481504,0.9826079299105536,10331.54296875,0
sub-s610_rest,34.90065002441406,3.839971723581939,0.0274075902998447,0.0671188913891047,0.9919310288085108,12174.8583984375,0
sub-s642_motorSelectiveStop,28.42986488342285,3.5956506725855637,0.0308507960289716,0.088983699470791,0.9731311984231954,8238.1435546875,0
sub-s642_rest,36.95452117919922,3.749905891636563,0.0314992479979991,0.0664305630917458,0.9840228932765954,9460.169921875,0
sub-s642_surveyMedley,36.40739059448242,3.7072535079046776,0.0292381960898637,0.0819388849795639,0.994883486173046,8727.099609375,0
sub-s642_DPX,31.739540100097656,3.63254139531412,0.0310093518346548,0.0717544866433698,0.9733759504986398,8549.7421875,0
sub-s642_discountFix,31.954837799072266,3.6235163725796697,0.029962295666337,0.0902050825668631,0.9952203522318536,8948.607421875,0
sub-s642_stroop,36.417022705078125,3.704717230078796,0.0297402627766132,0.0844883946315763,1.084752065147929,9227.0107421875,0
sub-s642_ANT,41.782814025878906,3.676900112791956,0.0387079305946826,0.075528526021142,1.0225540831423288,16805.78125,0
sub-s642_WATT3,35.16082763671875,3.690872914640572,0.0383392050862312,0.1001499231475155,1.024372137751938,16126.29296875,0
sub-s642_twoByTwo,37.62334442138672,3.707222625199129,0.0388143025338649,0.085932108679826,0.9893152739546356,17386.2109375,0
sub-s642_stopSignal,37.44709777832031,3.700981194284507,0.0375584997236728,0.0918883631847764,0.9866933388212188,16377.0810546875,0
sub-s642_rest,41.26596450805664,3.663239499990113,0.0393757484853267,0.067488798777046,0.972462864609929,16121.90625,0
sub-s642_CCTHot,34.38694381713867,3.671925913590671,0.0381230600178241,0.0996458571062467,1.015468798982659,17314.271484375,0
sub-s645_twoByTwo,39.79314422607422,3.1486782513798715,0.0464116483926773,0.0741508793911818,0.97170568388727,10273.10546875,0
sub-s645_stopSignal,43.25852966308594,3.1806385629010343,0.0439868122339248,0.078389634707042,0.9832832670312502,11250.8798828125,0
sub-s645_CCTHot,37.72130584716797,3.1871662434646613,0.0455277264118194,0.0945402133327527,0.9887867509269348,11729.9482421875,0
sub-s645_rest,37.34398651123047,3.226053333842483,0.0434120669960975,0.0957585538688269,0.9780096808368792,13305.7041015625,0
sub-s645_WATT3,40.03263854980469,3.230552601780792,0.0420959182083606,0.088053573311149,0.974605786985392,11489.5859375,0
sub-s645_ANT,40.99559020996094,3.2165656012762023,0.0431829802691936,0.0826829611460443,0.9738081713344892,12830.2509765625,0
sub-s645_surveyMedley,37.446922302246094,3.091714833204875,0.0561861284077167,0.0905477915065666,0.992313092762064,9116.3154296875,0
sub-s645_discountFix,31.664155960083008,3.087489581791898,0.0570623017847538,0.1007654376719007,1.015614142400815,9219.3681640625,0
sub-s645_rest,35.08091735839844,3.1259443137582728,0.0530216135084629,0.1083572150035092,0.9800968190921996,11861.82421875,0
sub-s645_stroop,36.699249267578125,3.1560596001420813,0.0544160716235637,0.0948712581160814,1.0050850329585792,9140.5712890625,0
sub-s645_DPX,30.308452606201172,3.058773313848942,0.0565114468336105,0.1087207081536895,0.9805981786582046,8543.869140625,0
sub-s645_motorSelectiveStop,32.33253479003906,3.0895334761244864,0.0534806661307811,0.1174946458224471,0.9659794165717184,11749.15234375,0
sub-s483_DPX,38.33854293823242,2.79348336229953,0.041279062628746,0.1008679625868564,0.9822061657647052,12930.0654296875,0
sub-s483_stroop,43.64247512817383,2.843255654303313,0.0417928919196128,0.1082990981265918,0.993145309763314,15705.3271484375,0
sub-s483_motorSelectiveStop,30.480968475341797,2.8491758005763805,0.0408046282827854,0.0985165802378909,0.974608572167338,16837.04296875,0
sub-s483_surveyMedley,40.1840934753418,2.8335629006002945,0.0428051203489303,0.1153105366042621,0.9954298709666072,15189.876953125,0
sub-s483_discountFix,31.752763748168945,2.8653565013774966,0.0403475686907768,0.1414066924889168,0.9514323623783778,16938.279296875,0
sub-s483_rest,34.345611572265625,2.886823190335689,0.0426775813102722,0.1311013782593857,1.0735818841560292,17252.376953125,0
sub-s483_rest,41.150184631347656,2.9911073585290495,0.0360921062529087,0.0778121888465263,0.967751937375886,17323.3984375,0
sub-s483_CCTHot,35.74413299560547,2.9287584587575295,0.0356145352125167,0.0960869386627894,0.9755961284083424,16117.3369140625,0
sub-s483_WATT3,38.1043701171875,2.9353212259373267,0.03684052079916,0.1282601896828552,0.9919702267189952,17194.94140625,0
sub-s483_stopSignal,42.47806930541992,2.9730578309116837,0.035952590405941,0.0894636929200064,0.9940717098624752,18069.017578125,0
sub-s483_ANT,43.197418212890625,2.9977047938912915,0.0368716120719909,0.0767949329731495,0.9845800304504516,16623.357421875,0
sub-s483_twoByTwo,35.04148864746094,2.959386010010886,0.0364094786345958,0.0810521978386631,0.9465282123129252,14720.919921875,0
sub-s611_twoByTwo,31.431615829467773,3.7249254466981294,0.0374138802289962,0.1552319723942205,0.9876640969970838,14491.2001953125,0
sub-s611_WATT3,39.393577575683594,3.7058640607238194,0.0354199521243572,0.0782790690395757,0.9763426433249368,15855.7939453125,0
sub-s611_ANT,40.34325408935547,3.731692015757494,0.0353283733129501,0.0684386656913453,1.0159618518864475,16068.2763671875,0
sub-s611_stopSignal,40.54749298095703,3.68695248653862,0.0361195281147956,0.0912502625588166,1.017214357597656,15310.7275390625,0
sub-s611_CCTHot,33.688812255859375,3.7201799138939498,0.0365919061005115,0.1883304914684589,1.019237161271298,15215.646484375,0
sub-s611_rest,41.25878143310547,3.7387973895357742,0.0353562198579311,0.0732838587070949,0.978984886326241,16259.75390625,0
sub-s611_DPX,31.81823348999023,3.6044428031129834,0.0416379980742931,0.1687399680610989,0.9792205377153214,12903.1728515625,0
sub-s611_rest,41.74999237060547,3.5899682684838843,0.0421304292976856,0.0817760264195434,0.9839518695460988,14941.7548828125,0
sub-s611_motorSelectiveStop,29.86623764038086,3.543862435592203,0.0427341572940349,0.1569092151501655,0.956987272983706,12423.6328125,0
sub-s611_discountFix,31.685279846191406,3.5915730400301618,0.0430562533438205,0.1614182122578327,0.9800678559613428,12425.0166015625,0
sub-s611_stroop,42.8389892578125,3.536230285867598,0.0404730029404163,0.0836456168623435,1.0174068194378696,13234.71484375,0
sub-s611_surveyMedley,37.47257232666016,3.5481070833592288,0.0407041795551776,0.1227445245599037,0.9824816134775382,13840.4677734375,0
sub-s616_discountFix,43.68708419799805,3.4442430302949116,0.0329505205154418,0.0572231275014767,0.9797870333850937,10363.046875,0
sub-s616_rest,44.92652130126953,3.4734836188636837,0.0310773253440856,0.0507997414570719,0.9811000073758864,11747.3837890625,0
sub-s616_motorSelectiveStop,40.63756561279297,3.4511170865656378,0.0314244329929351,0.0630392378923736,0.9823300533062052,10468.6484375,0
sub-s616_DPX,38.468650817871094,3.459785019491018,0.0330849587917327,0.0697738396351684,0.9684071264279236,11057.328125,0
sub-s616_surveyMedley,44.823116302490234,3.4408392483148837,0.0324092507362365,0.0606653975953737,0.984261852911814,10991.47265625,0
sub-s616_stroop,45.76631546020508,3.4591377782903225,0.0324630551040172,0.0569547641252033,0.9963057304142008,11522.2548828125,0
sub-s616_stopSignal,41.88069152832031,3.26221298986467,0.0391203202307224,0.0791417823052745,0.9741452695516564,13348.353515625,0
sub-s616_twoByTwo,38.070762634277344,3.305419242740193,0.0387946665287017,0.0963128825949311,0.9657447375413026,13255.513671875,0
sub-s616_ANT,41.80681991577149,3.294075049656452,0.0395665727555751,0.0727919733801414,0.9627431502402956,13107.982421875,0
sub-s616_WATT3,41.83849334716797,3.2794704355502087,0.0380075834691524,0.0769581196337269,0.9720756309714292,14960.2041015625,0
sub-s616_rest,43.84625625610352,3.2856744667787665,0.0385443717241287,0.0751646065716199,0.9821865786808512,15661.4560546875,0
sub-s616_CCTHot,36.924659729003906,3.3087231110218807,0.0379240624606609,0.0889844406034828,0.9567093223461542,13431.6728515625,0
sub-s629_twoByTwo,30.164779663085938,3.4558973177609578,0.0433037839829921,0.093664336438319,0.9520422415451903,27292.197265625,0
sub-s629_WATT3,35.71705627441406,3.4325138056535964,0.0417200848460197,0.099957672374368,1.0018346756812937,31421.537109375,0
sub-s629_ANT,34.40563201904297,3.4570813735169836,0.0391231253743171,0.1100846412962354,1.0190780352133568,25893.638671875,0
sub-s629_rest,37.67145919799805,3.417751861135396,0.0395189113914966,0.0650473954438851,0.9769312407092204,26379.28515625,0
sub-s629_CCTHot,29.663679122924805,3.3476465848800268,0.0387435108423233,0.1254673673531438,0.9636517117666666,23886.53125,0
sub-s629_stopSignal,35.237586975097656,3.4039769081863955,0.0400454439222812,0.0770250965350203,0.9562015236523438,26043.703125,0
sub-s629_discountFix,25.88437843322754,3.574056530081584,0.0428483337163925,0.0918695957289326,0.933240038720432,19662.255859375,0
sub-s629_rest,39.93889236450195,3.582015942554733,0.0414639413356781,0.0550556972507742,0.9857792162411348,23362.29296875,0
sub-s629_motorSelectiveStop,25.54397964477539,3.5742318212698634,0.0430307835340499,0.201260774223778,0.9311959633468966,21403.771484375,0
sub-s629_DPX,26.994239807128903,3.587499030857612,0.0427005924284458,0.1275200800817937,0.9124598582864905,22657.875,0
sub-s629_surveyMedley,38.55278015136719,3.555559442178924,0.044302862137556,0.0935202765510884,1.0525568081031604,22303.685546875,0
sub-s629_stroop,44.44218444824219,3.5995495322929547,0.0436061397194862,0.0721459032725749,1.0247108029090917,21971.861328125,0
sub-s627_ANT,32.79103088378906,2.8818761582816124,0.0557126700878143,0.104827562655446,1.003241113545965,6569.00732421875,0
sub-s627_stopSignal,32.68727111816406,2.9254314468932976,0.0527574494481086,0.1230449889292098,0.9669598602800004,7034.4150390625,0
sub-s627_CCTHot,31.45111083984375,2.8640390994749216,0.0550984032452106,0.1259840362001916,0.9717300306476933,6250.3212890625,0
sub-s627_twoByTwo,28.499746322631836,2.8777742922110683,0.0559915676712989,0.1870221967200546,0.968475621311952,6078.68701171875,0
sub-s627_rest,33.19447326660156,2.888595817130125,0.0517819784581661,0.0579362632717592,0.9718148857446806,6890.6943359375,0
sub-s627_WATT3,32.82804489135742,2.8762815889530517,0.0562037602066993,0.1515595019481311,0.9902442387711216,6619.76171875,0
sub-s627_motorSelectiveStop,25.69975852966309,2.9464444987581273,0.045992512255907,0.2988102455254784,0.9725935098880972,5991.6474609375,0
sub-s627_rest,34.223426818847656,2.9737400675015415,0.0454962998628616,0.0660631494784294,0.9667556859858158,6601.21142578125,0
sub-s627_DPX,26.98961639404297,2.9291401405647477,0.0492258481681346,0.1446191328895417,0.9458800651858568,5233.88671875,0
sub-s627_discountFix,26.00647354125977,2.9219601157390933,0.0493383482098579,0.1097534055399361,0.9416956007908986,5338.759765625,0
sub-s627_stroop,32.648807525634766,2.9419422061761753,0.0459808446466922,0.1656064525484762,1.1290240885798812,5852.5654296875,0
sub-s627_surveyMedley,30.13391876220703,2.9269294810530693,0.0457796715199947,0.1484151505939333,1.0048760421464238,5787.43994140625,0
sub-s618_rest,30.07171630859375,2.734629036159929,0.0726402625441551,0.0807067058419018,1.034597564482268,1651.0452880859375,0
sub-s618_DPX,20.51670837402344,2.733744905684236,0.0761105790734291,0.0922216462312146,0.9789624022665452,1381.729736328125,1
sub-s618_motorSelectiveStop,21.62953758239746,2.6938746386290866,0.0881727561354637,0.087620644224263,0.9216757333875898,1028.5035400390625,1
sub-s618_surveyMedley,22.168079376220703,2.110779222371553,0.1990992426872253,0.0872150040897593,0.997241817859712,602.683349609375,0
sub-s618_ANT,32.9906120300293,2.860641611766748,0.0553215555846691,0.0945031209943683,0.987469295218978,6868.70166015625,0
sub-s618_WATT3,30.92337417602539,2.82443717009338,0.0552842579782009,0.123030063708593,0.9886494310953604,6903.4013671875,0
sub-s618_stroop,36.00230407714844,2.833311862548471,0.0584853664040565,0.0929094659578555,1.02029986387574,6440.94091796875,0
sub-s618_stopSignal,30.00719451904297,2.843686188889202,0.0547697618603706,0.0864384000681288,0.9608318707648178,7129.94287109375,0
sub-s618_CCTHot,29.706026077270508,2.8165461397447435,0.0555902272462844,0.1501955258333761,1.013051951128641,6956.92822265625,0
sub-s618_twoByTwo,31.52313995361328,2.8629123497701294,0.0554767400026321,0.1215788195215075,0.9845825531098144,7100.3037109375,0
sub-s618_rest,34.33610534667969,2.8414763492864927,0.0549440681934356,0.0817214331753006,0.9726171591914888,7107.24609375,0
sub-s618_discountFix,31.81163787841797,2.779978830718878,0.0567463263869285,0.1079741285890242,0.9755180807232712,6526.05908203125,0
sub-s605_WATT3,19.228004455566406,3.776857221299363,0.0199413709342479,0.5576953915402998,0.9878494202236852,6864.0361328125,0
sub-s605_ANT,27.474464416503903,3.909669001163393,0.0194823816418647,0.3053887401808107,1.0182169675596329,8184.12158203125,0
sub-s605_CCTHot,27.99608612060547,3.803696529897628,0.0195219963788986,0.2162257489756054,1.0255570104689211,8178.67626953125,0
sub-s605_rest,34.346710205078125,3.6465910398043,0.012687649577856,0.1012005391359632,0.9592955707375888,8432.181640625,0
sub-s605_stopSignal,26.537660598754883,3.822224208677349,0.0185617543756961,0.2522925618010498,1.057448016200788,7545.5625,0
sub-s605_twoByTwo,29.091087341308594,3.574833873517494,0.0149313136935234,0.1889249009382905,0.9587013559716592,7320.990234375,0
sub-s605_motorSelectiveStop,36.69197082519531,3.9965218817327672,0.0210841204971075,0.1085426598279555,1.012292484313326,9195.55078125,0
sub-s605_surveyMedley,24.999027252197266,3.80336351939061,0.0225921869277954,0.5950296691823314,1.0225450030116476,8638.609375,0
sub-s605_rest,34.992835998535156,3.3614612263311456,0.0159403644502162,0.1056758033285701,1.0242976260992904,8353.4345703125,0
sub-s605_stroop,28.79969787597656,3.727311741474576,0.0228826291859149,0.4018767664157771,1.0723349662130175,8666.666015625,0
sub-s605_discountFix,20.398462295532227,3.4293712310093665,0.019485717639327,0.2884371538052675,0.9687464026623376,6645.52978515625,0
sub-s605_DPX,35.26483917236328,3.876630687869734,0.0225879549980163,0.1134758926804768,0.9937291544061656,9267.18359375,0
sub-s602_surveyMedley,36.87938690185547,3.733193509207802,0.0311263278126716,0.154557070022632,1.0094216604658897,7763.197265625,0
sub-s602_rest,38.715728759765625,4.011180537303836,0.0256791152060031,0.1226230868954166,0.9860168505390066,6415.01025390625,0
sub-s602_stroop,35.248294830322266,3.9576397897452,0.0253746677190065,0.1472325917482317,0.9714336477708988,5849.787109375,0
sub-s602_DPX,33.73402404785156,3.747727161775103,0.0309347622096538,0.1129878980481886,0.969634760009068,7249.46337890625,0
sub-s602_motorSelectiveStop,28.442195892333984,3.991938509152128,0.0295323748141527,0.2119454730369422,0.9552331428877544,6363.45166015625,0
sub-s602_discountFix,35.05884552001953,3.714942581622411,0.0321071445941925,0.121022935898471,0.9827818814589988,6891.7353515625,0
sub-s602_CCTHot,27.781625747680664,3.941236183866348,0.0210192333906888,0.2210869579067902,0.9637554213322086,5647.31591796875,0
sub-s602_rest,37.32423782348633,4.014432574203497,0.02339693531394,0.1682225890605712,0.9886526853769564,6795.93115234375,0
sub-s602_ANT,32.192710876464844,4.018893030947534,0.0214633867144584,0.2145517512851373,1.0091545315875905,5696.91748046875,0
sub-s602_WATT3,35.17909240722656,3.961276199165551,0.0207915734499692,0.1356623021819127,0.970930593911564,6315.34130859375,0
sub-s602_stopSignal,34.54931640625,3.9799411450173063,0.021760331466794,0.2044276336334281,1.0025689808333331,5766.75390625,0
sub-s602_twoByTwo,32.76891326904297,3.938783048971791,0.0215776357799768,0.1322999178845822,0.9848260034243894,5374.39013671875,0
sub-s634_surveyMedley,36.50884246826172,3.3112304995777526,0.0596526674926281,0.1134501355010957,1.0205968157737104,10855.150390625,0
sub-s634_rest,41.02433776855469,3.281831771414731,0.0552509538829326,0.0896984693808145,0.9904461006382962,11406.646484375,0
sub-s634_stroop,45.404197692871094,3.33235492628753,0.0595747306942939,0.0763816386522828,1.0005839520710065,10804.2431640625,0
sub-s634_motorSelectiveStop,36.70964813232422,3.236083536050638,0.0618861019611358,0.0884889291215626,0.9714495530824016,11846.201171875,0
sub-s634_DPX,36.95912170410156,3.1848235208331603,0.0607522167265415,0.0902450447730482,0.9783384653309158,10931.400390625,0
sub-s634_discountFix,38.14475631713867,3.2272214850574694,0.0631097182631492,0.0860879443134653,0.983310223102746,11316.96484375,0
sub-s634_CCTHot,38.63564682006836,3.379842773743643,0.039356380701065,0.0787860140411592,0.9855512448888896,5907.95068359375,0
sub-s634_WATT3,41.21826934814453,3.2870035187301463,0.0412479639053344,0.0881235585177018,1.0009887185466029,6025.7177734375,0
sub-s634_twoByTwo,38.38290786743164,3.2499588627182163,0.0411854572594165,0.085959094844557,0.9778672496954828,5647.494140625,0
sub-s634_rest,39.70560836791992,3.256591771456934,0.0402982160449028,0.0896347146874854,0.9928749026950354,6115.6806640625,0
sub-s634_ANT,43.383270263671875,3.241554738162726,0.0423509031534194,0.0761377280507156,0.9997777614259252,5769.14697265625,0
sub-s634_stopSignal,43.41545104980469,3.2925500665218097,0.0385224223136901,0.0831523630481145,0.9920714694455076,6205.4404296875,0
sub-s633_discountFix,36.23983383178711,3.193806542110166,0.0535852797329425,0.1672996672874737,0.9825132858087484,6263.0126953125,0
sub-s633_surveyMedley,36.77729034423828,3.191457340002279,0.0524047911167144,0.1733597195419485,0.991873492529118,6485.7333984375,0
sub-s633_motorSelectiveStop,34.364078521728516,3.220314983656317,0.0523801408708095,0.1870121382779564,0.9820261270091564,6227.88037109375,0
sub-s633_rest,35.86060333251953,3.195710692357242,0.0520303472876548,0.1740611470363039,0.986953635588652,7156.8662109375,0
sub-s633_DPX,33.814964294433594,3.1860165120992345,0.0533728748559951,0.2036868875767195,0.978906504785779,6175.078125,0
sub-s633_stroop,41.184906005859375,3.221688915312532,0.0508164092898368,0.1907543013270362,1.0021779957692316,6969.064453125,0
sub-s633_WATT3,32.003456115722656,3.351820199848267,0.0608782023191452,0.160525260119487,0.9801713540509917,12818.595703125,0
sub-s633_rest,36.75396728515625,3.319209979309971,0.0592453554272651,0.1348833392286396,0.9871301559574456,12280.0498046875,0
sub-s633_twoByTwo,31.777027130126953,3.337336355112556,0.0623194500803947,0.1624764866639799,0.9913861390048788,12498.3037109375,0
sub-s633_ANT,32.29631042480469,3.3365483477151243,0.0652627199888229,0.1686693579330663,0.974900238911071,12344.365234375,0
sub-s633_CCTHot,32.993896484375,3.3108008192249145,0.0644111335277557,0.1623446642363722,0.9865556704880468,12301.794921875,0
sub-s633_stopSignal,34.16731643676758,3.332661438719285,0.0643208846449852,0.1499420704124715,0.9797419074218746,12628.9921875,0
sub-s499_ANT,22.61484718322754,3.205498778705682,0.0462475828826427,0.1296218696598679,1.044718069578754,8710.7587890625,1
sub-s499_CCTHot,16.023395538330078,3.1452409728670165,0.0493088662624359,0.144583651451975,1.4136271765217392,4925.12109375,1
sub-s499_twoByTwo,27.06477928161621,3.209508394909256,0.0467550121247768,0.0956098287135839,0.9806758655102056,8648.73046875,1
sub-s499_WATT3,12.883880615234377,3.1799139656872613,0.0490900352597236,0.2743278789147578,0.9457455655886342,3295.213623046875,1
sub-s499_stopSignal,28.062767028808594,3.205394924019601,0.0445947833359241,0.1051618414382732,1.1113006008187143,7815.3076171875,1
sub-s499_rest,26.32211685180664,3.1511611136078974,0.0521150305867195,0.0994106310449449,0.9184715853802496,3841.638427734375,0
sub-s499_surveyMedley,34.293495178222656,3.157286463718645,0.0307554453611373,0.1434573552617749,1.0006297349664417,14848.529296875,0
sub-s499_DPX,23.570756912231445,3.2442300397040937,0.0343521200120449,0.1219157841981356,0.8494657346413507,12342.5166015625,0
sub-s499_stroop,36.53076934814453,3.203380103772593,0.0310819875448942,0.1533881484195716,0.9698694421597628,13552.9794921875,0
sub-s499_rest,40.614463806152344,3.1736123011552477,0.0268577057868242,0.1051551338996755,0.9867087872624118,13120.62890625,0
sub-s499_motorSelectiveStop,32.23707580566406,3.2150525072167913,0.0301346275955438,0.1359873607365807,0.9749179549112432,12691.0810546875,0
sub-s499_discountFix,51.16474151611328,3.268042691373912,0.0342758744955062,0.1044070586934975,1.021556489171271,16999.44921875,0
sub-s497_surveyMedley,40.22207260131836,3.5887345272142346,0.0316931009292602,0.0960077675343365,1.014721108768719,18696.404296875,0
sub-s497_discountFix,38.16802215576172,3.600947951764186,0.0314901731908321,0.0779150928505999,0.9683930968991428,16366.6845703125,0
sub-s497_DPX,27.187496185302734,3.5792703814353284,0.0305093470960855,0.1273876101462092,0.9221935460108792,14677.970703125,0
sub-s497_rest,37.29647064208984,3.5173768076177705,0.0357387959957122,0.0724344898567891,0.9750382224539016,17867.9296875,0
sub-s497_stroop,45.75798797607422,3.488839664628632,0.0348385758697986,0.0774257433560401,1.0017254579938268,16373.15625,0
sub-s497_motorSelectiveStop,29.58772850036621,3.4832532348320315,0.0367429517209529,0.1569451434888175,1.0005898430010172,15317.171875,0
sub-s497_rest,42.001007080078125,3.6997777048867824,0.0322847664356231,0.0519710179889994,0.9768639123404268,24954.595703125,0
sub-s497_twoByTwo,35.12588882446289,3.609777263521154,0.0360652320086956,0.0782368370041942,0.962051511642372,25918.13671875,0
sub-s497_ANT,37.726322174072266,3.662098767779369,0.035753421485424,0.0654101325508634,0.9930508522357028,26690.9921875,0
sub-s497_WATT3,40.45854949951172,3.5620389459485544,0.0326597392559051,0.0719362233120991,0.976665842524038,25512.6953125,0
sub-s497_stopSignal,43.065711975097656,3.773860817423021,0.0300964917987585,0.060845729292506,0.9802269945419108,26424.61328125,0
sub-s497_CCTHot,43.28003692626953,3.760743294503906,0.0291698724031448,0.0633079735402263,0.9826935443101168,25626.625,0
sub-s635_stroop,25.6732120513916,3.301905811093257,0.0361013002693653,0.4838509478494967,1.5029602917455618,41874.5078125,0
sub-s635_discountFix,14.753166198730469,3.2340299555544267,0.0395131818950176,0.3393145908193802,0.8642051835676244,28151.552734375,0
sub-s635_surveyMedley,34.13433837890625,3.263399586468504,0.0384177044034004,0.1976972451909748,1.0752834324958396,41756.7421875,0
sub-s635_DPX,13.922908782958984,3.262772005086882,0.0403867959976196,0.535680227034682,0.7767010269265634,27164.43359375,0
sub-s635_motorSelectiveStop,21.343284606933594,3.3029483171634353,0.0365217067301273,0.2874440373295686,0.9093840514649028,41883.61328125,0
sub-s635_rest,43.91156005859375,3.2827351142636347,0.0338562913239002,0.1013654855985834,0.9769692449645394,46911.01953125,0
sub-s635_CCTHot,16.950302124023438,3.1374161812630565,0.0239593368023633,0.3932658695278122,1.3578282706616869,12333.021484375,0
sub-s635_rest,43.13018798828125,3.201994426746563,0.0193533990532159,0.1107016273225487,0.9811465623262412,17941.685546875,0
sub-s635_WATT3,43.261417388916016,3.157818699866254,0.020504243671894,0.1213715829378697,0.9814161938651992,16712.21484375,0
sub-s635_ANT,38.288536071777344,3.2335626906399337,0.0256175305694341,0.1757540802694339,1.002221465176056,15305.673828125,0
sub-s635_stopSignal,30.309749603271484,3.189418632891895,0.0243184454739093,0.2563353226550546,0.934358904748491,13781.951171875,0
sub-s635_twoByTwo,35.00889587402344,3.173688882549028,0.0228320136666297,0.1916390053528886,0.9771397479980573,14284.705078125,0
sub-s251_WATT3,38.34135437011719,3.2732157595264577,0.0509252734482288,0.0994027361308487,1.0027315939904993,11249.7001953125,0
sub-s251_rest,33.2318115234375,3.319441711357054,0.0478865467011928,0.0835854082452545,0.9872586685673744,12637.3037109375,0
sub-s251_ANT,41.0935173034668,3.2384381040358923,0.0494412668049335,0.0696300820050988,1.0131679719930673,11812.3251953125,0
sub-s251_twoByTwo,35.29493713378906,3.2648159371959133,0.0493419617414474,0.0887064123071388,0.9761683856365388,11978.767578125,0
sub-s251_stopSignal,41.778324127197266,3.250788038404011,0.049339435994625,0.0678305889581148,1.004002467686424,10965.6904296875,0
sub-s251_CCTHot,40.388580322265625,3.240582736836802,0.0503235943615436,0.076406277367842,1.0136036732818536,11017.97265625,0
sub-s251_surveyMedley,39.50433349609375,2.9068387583706525,0.0464189425110816,0.072570338083855,0.9981256011980036,10480.2431640625,0
sub-s251_rest,36.64339828491211,3.0778978015000495,0.0423238649964332,0.0810312276702405,0.9927231141985816,13185.3662109375,0
sub-s251_motorSelectiveStop,49.95185852050781,3.0360047310310194,0.0425085239112377,0.0682357686772636,1.01929306319797,12099.29296875,0
sub-s251_DPX,34.265647888183594,2.950319309823467,0.0444393530488014,0.0971064180888398,1.0336516579762998,10502.287109375,0
sub-s251_stroop,46.524898529052734,3.0152278599743725,0.0418852493166923,0.0683082353476041,1.0090769885502962,11260.2802734375,0
sub-s251_discountFix,36.94318771362305,2.9555154891355664,0.0432334616780281,0.0761564545090723,0.9768295978061764,10584.51171875,0
sub-s603_ANT,31.926198959350582,3.356565328879043,0.0222276970744133,0.1766932895396587,1.0134272497031538,10627.875,0
sub-s603_stopSignal,27.765098571777344,3.3597140983749796,0.0249513015151023,0.2575898785417007,0.9954382646963554,9837.1005859375,0
sub-s603_twoByTwo,25.032245635986328,3.2740994811071467,0.0308855269104242,0.1979913802121599,0.9362870681628588,9705.19140625,0
sub-s603_CCTHot,27.537168502807617,3.3732205744237165,0.024236736819148,0.2774487604245438,0.9849117195757,11393.140625,0
sub-s603_WATT3,32.278831481933594,3.383288492724072,0.0203582514077425,0.1189505756887352,1.0021374220833328,12358.7216796875,0
sub-s603_rest,34.0634765625,3.3984874062028605,0.0232765134423971,0.0778304839958526,0.963089409205675,13286.244140625,0
sub-s604_rest,30.53375816345215,3.102478607610632,0.0567998178303241,0.0751616231804962,0.9753808919007096,7439.1982421875,0
sub-s604_twoByTwo,31.67144203186035,3.07261136067429,0.0591060072183609,0.0876098549482524,0.96700806260447,6514.705078125,0
sub-s604_CCTHot,32.336204528808594,2.9886998481462395,0.0612324476242065,0.0932407500779562,0.9822548047030182,7003.630859375,0
sub-s604_ANT,38.899200439453125,3.0240285342386306,0.0606749132275581,0.0634387925621125,0.9957700596571424,6401.84521484375,0
sub-s604_stopSignal,35.58000183105469,3.0394428143139867,0.0601478070020675,0.0785384553633581,0.987646687112811,6752.1826171875,0
sub-s604_WATT3,34.17612075805664,3.0854315823869944,0.0553997531533241,0.0798859788528767,0.983667627375414,7030.82080078125,0
sub-s604_surveyMedley,33.59214782714844,2.9312343653884083,0.0598892718553543,0.0828092641773287,0.97869923139767,4144.3828125,0
sub-s604_motorSelectiveStop,29.525774002075195,2.9142045935745413,0.0569560602307319,0.0859377329082575,0.9754719256052896,4269.0966796875,0
sub-s604_DPX,30.91651153564453,2.9580833222942564,0.055294781923294,0.0941830072113402,0.9789265655213056,4835.78173828125,0
sub-s604_stroop,36.23408126831055,2.864701899100651,0.06353160738945,0.0951695558452135,1.01623174056213,4618.26513671875,0
sub-s604_discountFix,32.10957336425781,2.916961174495699,0.0586248189210891,0.0828293778177254,0.9747632128858342,3860.4931640625,0
sub-s604_rest,32.51673889160156,2.964615719675116,0.0540841668844223,0.0862211710056173,0.9874548165815596,4829.98876953125,0
sub-s650_DPX,23.030540466308594,3.0434762835245666,0.0472471006214618,0.2504644105483461,0.9262400422212156,4185.36572265625,0
sub-s650_rest,32.644142150878906,3.01790106388435,0.0456944070756435,0.1519932903238751,0.982884659758866,5196.50830078125,0
sub-s650_discountFix,27.42182159423828,3.075597235219084,0.0459252931177616,0.2740607046965718,0.9625012096509225,4669.732421875,0
sub-s650_motorSelectiveStop,31.632789611816406,3.0854883729764904,0.0436750762164592,0.2567089896151984,0.9758125922278746,5501.96533203125,0
sub-s650_stroop,30.34187889099121,3.0269681737014396,0.0480131395161151,0.2316003473686983,0.9778886535798816,5095.263671875,0
sub-s650_surveyMedley,35.386268615722656,3.085492406108523,0.0439145378768444,0.1879140519794883,0.9945146135666664,5494.79541015625,0
sub-s650_ANT,33.484622955322266,3.110871824128985,0.0394515097141265,0.1919163779021977,0.9737111590625004,5679.86572265625,0
sub-s650_rest,28.891101837158203,3.1661077695188764,0.0395769514143466,0.2508955761749524,0.9764180966808514,5052.45703125,0
sub-s650_WATT3,32.379783630371094,3.128296789700506,0.0398162268102169,0.1602272713390822,0.979906426439306,5551.5595703125,0
sub-s650_CCTHot,30.76426887512207,3.1736487097512995,0.0423518046736717,0.2044363135465216,0.9664867106484948,5621.2890625,0
sub-s650_twoByTwo,31.076316833496097,3.156078392472077,0.0418135859072208,0.2040928599701232,0.991855141824458,5231.4453125,0
sub-s650_stopSignal,34.055267333984375,3.1415865914271457,0.0413998141884803,0.1509364842453223,0.9796900164591438,4869.74658203125,0
sub-s234_ANT,27.625669479370117,2.9389464078626593,0.0564198270440101,0.164833105827839,0.9645226461801804,4232.83544921875,0
sub-s234_CCTHot,28.307737350463867,2.8881703481698437,0.0557060651481151,0.1495913010734291,0.9829697489896372,4169.64990234375,0
sub-s234_WATT3,29.60548973083496,2.9281267190463987,0.056178979575634,0.1476849713878679,1.0412445907784422,3978.12109375,0
sub-s234_twoByTwo,22.87439727783203,2.9623690431168344,0.0603351593017578,0.2099246283263461,0.9744508233527694,4010.753173828125,0
sub-s234_rest,27.08540725708008,2.942453332185964,0.0571043491363525,0.1501694634740842,0.9650125474326235,4021.247802734375,0
sub-s234_stopSignal,30.44808578491211,2.903830148375443,0.0566061586141586,0.1963061043218104,1.03301220392,3923.643798828125,0
sub-s234_DPX,26.747148513793945,3.0512028858154285,0.0599527060985565,0.1405825870474212,0.9690015635902084,3021.929931640625,0
sub-s234_rest,34.72795104980469,3.131227376556069,0.0560353249311447,0.0943713036450871,0.999012359858157,3901.556640625,0
sub-s234_stroop,35.3446159362793,3.040765214778948,0.0553128384053707,0.1277471315128975,1.0122651828698228,3064.95263671875,0
sub-s234_discountFix,30.33843231201172,3.074049465728301,0.0575750060379505,0.1458761165454324,0.9925207330627712,3059.85400390625,0
sub-s234_motorSelectiveStop,27.93385124206543,3.1089117180322012,0.0540278628468513,0.153593448906659,0.9869068170701936,3044.3232421875,0
sub-s234_surveyMedley,26.808427810668945,3.065965393008715,0.05066554620862,0.1170707465863811,1.0409378170715475,3103.3115234375,0
sub-s465_WATT3,42.17554473876953,3.123341562137915,0.0332078784704208,0.0680805791390927,0.9933471665554072,8403.43359375,0
sub-s465_rest,41.41190719604492,3.112098270582768,0.0355861894786357,0.0602614757916277,0.983517117588652,8906.404296875,0
sub-s465_ANT,43.97550582885742,3.0702480982813447,0.0356399491429328,0.0638979450760909,0.9820910746181164,8050.7138671875,0
sub-s465_stopSignal,44.54002380371094,3.079633510211354,0.0356738418340683,0.0537948150516106,0.9895149828107076,8317.3525390625,0
sub-s465_CCTHot,37.697113037109375,3.03563698988888,0.0364866331219673,0.066659745273044,0.9785296991400968,8866.55078125,0
sub-s465_twoByTwo,37.08782958984375,3.124728000309716,0.0333400852978229,0.0637202920122717,1.0240718261807582,7085.390625,0
sub-s465_surveyMedley,45.45246124267578,3.213816053410366,0.0341561175882816,0.0593840714065826,0.9944210191680536,7356.58837890625,0
sub-s465_stroop,45.08073806762695,3.127815861223167,0.0407779105007648,0.0577659220846273,1.0005405640993787,7820.09228515625,0
sub-s465_discountFix,38.93391418457031,3.245908846674661,0.0357198491692543,0.0648680435124506,0.9808062649733772,7557.62548828125,0
sub-s465_DPX,39.42976379394531,3.199376966591715,0.0343112312257289,0.0629841720060673,0.9734289592377496,7139.64306640625,0
sub-s465_rest,41.71366882324219,3.292214135228403,0.0313722938299179,0.0673776744260744,0.981187706468085,7630.2998046875,0
sub-s465_motorSelectiveStop,39.18178176879883,3.261420294823333,0.034691222012043,0.060600985451873,1.0159686566531032,7461.26708984375,0
sub-s491_WATT3,34.675262451171875,3.4011619096130596,0.0368173532187938,0.1172091650317818,0.9968569589987316,12033.1279296875,0
sub-s491_ANT,40.32698059082031,3.417308654176752,0.0377429462969303,0.1007892713330441,1.025053820277296,12023.419921875,0
sub-s491_twoByTwo,33.67998504638672,3.4525068341446854,0.0329498685896396,0.1040670737276591,1.0134680753255587,11247.4140625,0
sub-s491_CCTHot,35.30109786987305,3.367383561450324,0.037055529654026,0.0960577693856428,0.9825833650052034,11154.5791015625,0
sub-s491_rest,38.73055267333984,3.3975662189011695,0.0367528088390827,0.0942987467007761,0.9890401321452882,11878.728515625,0
sub-s491_stopSignal,41.31614685058594,3.39816378318389,0.0363897942006588,0.0826541686541078,1.005643329866157,11831.244140625,0
sub-s491_motorSelectiveStop,33.936336517333984,3.4234797223787825,0.0371770225465297,0.1174280016008992,1.0678838576853726,11334.8427734375,0
sub-s491_discountFix,29.59521484375,3.46980008881075,0.0375357009470462,0.1409070140054612,0.9781375276785697,11614.5703125,0
sub-s491_rest,40.826133728027344,3.4073124530302796,0.035825602710247,0.0918237770853138,0.9957144751759353,11703.009765625,0
sub-s491_surveyMedley,37.39143753051758,3.4630752914525393,0.0373066812753677,0.1020186791782695,0.9932669291504432,12248.1376953125,0
sub-s491_DPX,32.41279602050781,3.394075001589895,0.0370946191251277,0.0931950721252376,0.947960953289358,10651.08203125,0
sub-s491_stroop,33.88798522949219,3.5003411831628415,0.0344434604048728,0.1211537741683341,0.9775246539940836,11951.029296875,0
sub-s519_CCTHot,28.702171325683594,2.9739993185677593,0.0377580523490905,0.0919302135082263,0.9603090962036148,2700.92529296875,0
sub-s519_ANT,33.510231018066406,3.0389100846540344,0.0362351462244987,0.0663675501033046,0.9730704598741,3242.52490234375,0
sub-s519_WATT3,33.78719711303711,2.996799528574741,0.0353635139763355,0.0818812257048398,0.9947785879865012,3091.1708984375,0
sub-s519_rest,35.124794006347656,2.9973868673662305,0.0379025042057037,0.0644838423025299,0.9632644896737584,3329.309814453125,0
sub-s519_stopSignal,40.9838981628418,3.043753007153149,0.0357675999402999,0.0566689180535099,0.9994804468910888,3341.6083984375,0
sub-s519_twoByTwo,32.37105178833008,3.0237450625135183,0.035011526197195,0.074824421182891,0.9896783964846076,3066.6787109375,0
sub-s519_stroop,39.54524993896485,3.11295613404477,0.0382462926208972,0.0811316237118069,0.9931056008875736,4259.0087890625,0
sub-s519_rest,32.9122428894043,3.1386456186748894,0.0416604951024055,0.1148900047961712,0.9857048780851068,4431.26611328125,0
sub-s519_surveyMedley,35.844642639160156,3.082567133108796,0.0403563342988491,0.089258590372722,0.9817380770049924,3789.976318359375,0
sub-s519_discountFix,35.96302032470703,3.1294204483397756,0.0391684137284755,0.0800560962696416,0.9801250629399132,4069.474609375,0
sub-s519_motorSelectiveStop,34.72077178955078,3.1151751753748824,0.0409684069454669,0.0789481528429207,0.9754970745066128,3598.849365234375,0
sub-s519_DPX,33.933189392089844,3.097627502719284,0.0412341654300689,0.0729078706710398,0.9765786985766094,3844.990234375,0
sub-s526_surveyMedley,35.84192657470703,3.0676913549162768,0.0241023823618888,0.1057487553360733,0.9877379493843584,16393.625,0
sub-s526_stroop,44.659786224365234,3.0878084494497835,0.0231261420994997,0.0770588947190528,1.0095175795857994,18542.65234375,0
sub-s526_motorSelectiveStop,32.606109619140625,3.092065064072153,0.0254876837134361,0.1052570358376965,0.9752057265717188,15566.4423828125,0
sub-s526_rest,36.767547607421875,3.1783287904938207,0.0230246055871248,0.0746946003768662,0.968630585219857,18959.6953125,0
sub-s526_discountFix,34.221561431884766,3.079891966597038,0.0276546850800514,0.0770890873284366,0.976549670281082,15038.3369140625,0
sub-s526_DPX,35.54846954345703,3.0535856345558363,0.0253985747694969,0.0802117916480106,0.9910707490299177,16200.009765625,0
sub-s526_CCTHot,39.62824249267578,3.57029456688188,0.0357726588845253,0.0999372554124993,0.9985942111690816,14341.9521484375,0
sub-s526_WATT3,38.39630126953125,3.492325834393217,0.0345026664435863,0.1005994893111962,1.10479223855814,14132.1455078125,0
sub-s526_stopSignal,37.01569366455078,3.5614040771017956,0.0361955761909484,0.1262570761449093,0.9736561115296374,14152.3251953125,0
sub-s526_ANT,33.54475402832031,3.561744528042626,0.0353406369686126,0.1709598967220385,1.222322565194086,14670.087890625,0
sub-s526_rest,44.36726379394531,3.498303452796536,0.0343859456479549,0.0705773780923595,0.9898766327659576,16003.8310546875,0
sub-s526_twoByTwo,41.37842559814453,3.518644249226456,0.0349694341421127,0.0851921283699508,0.9874265468669948,15634.544921875,0
sub-s588_ANT,33.915550231933594,3.820399325994141,0.027606975287199,0.1661580748571528,0.9946429232457784,3787.202880859375,1
sub-s588_stopSignal,38.11918258666992,3.841786962824156,0.027894701808691,0.1882442714402625,0.9900089839005732,4082.689208984375,1
sub-s588_CCTHot,32.79967498779297,3.761361398980703,0.0306534375995397,0.1464709937408506,0.9777629915642982,3679.1630859375,1
sub-s588_WATT3,33.86787414550781,3.809926723770905,0.0302424300462007,0.1464964823682087,0.9765173606519054,3779.076416015625,1
sub-s588_rest,35.88396072387695,3.749929491532479,0.0299367774277925,0.1201035962344834,0.9700498715319152,4016.43310546875,0
sub-s588_twoByTwo,31.327558517456055,3.8478296504488103,0.02762171626091,0.1906767738124306,0.9598191026934374,3708.628173828125,1
sub-s588_rest,34.782630920410156,3.987888495202933,0.0317039936780929,0.1030909627923165,0.983404485276596,6575.60107421875,0
sub-s588_DPX,28.05069351196289,4.036816177655203,0.0321118831634521,0.1457058075199275,0.981878877162284,6336.4775390625,1
sub-s588_motorSelectiveStop,29.419946670532227,4.070499715295176,0.0319145396351814,0.1710588994200372,0.9870925971881396,6239.35595703125,1
sub-s588_surveyMedley,28.66393661499023,4.039525044403658,0.0328218340873718,0.1910880790678333,0.9850158736272868,5859.869140625,0
sub-s588_stroop,31.327411651611328,3.992636580902987,0.0318595506250858,0.1383070257155599,0.9732006386982256,6181.0078125,1
sub-s588_discountFix,25.973636627197266,4.072292691725365,0.0332247987389564,0.2228072267888203,0.9934557577489176,5787.82958984375,1
sub-s581_DPX,25.6157283782959,3.769901419264861,0.0216490868479013,0.418298491919529,0.9619657080598368,13304.72265625,0
sub-s581_rest,39.247920989990234,3.810047491901,0.0209720656275749,0.0726706196293379,0.9542673996879428,16794.755859375,0
sub-s581_surveyMedley,35.47699737548828,3.7954452002336287,0.0199375990778207,0.2123796915168168,1.0012232129617304,14058.7998046875,0
sub-s581_discountFix,27.23571395874023,3.770207716000873,0.0214531496167182,0.2906242579409269,0.9800127982224652,13601.7529296875,0
sub-s581_motorSelectiveStop,41.63297271728515,3.5795974664271704,0.023597240447998,0.0588998531634316,0.9708455848728388,14144.5419921875,0
sub-s581_stroop,52.18773651123047,3.794241234821435,0.019655393436551,0.0593352427533507,1.0048232024260362,15727.111328125,0
sub-s581_twoByTwo,45.68634033203125,3.6062210978231466,0.0252265185117721,0.0965947760186453,0.9775916131681248,12883.1201171875,0
sub-s581_ANT,51.58592224121094,3.625195983597332,0.0253609213978052,0.0828856030397432,0.9945898745927204,13903.94140625,0
sub-s581_stopSignal,54.020015716552734,3.6000911839813914,0.0253261905163526,0.0852594465271902,1.0068816778202672,14149.3203125,0
sub-s581_rest,40.379600524902344,3.6832731703371073,0.0272218864411115,0.0951432080387143,0.958721265063829,15659.3212890625,0
sub-s581_CCTHot,46.57608795166016,3.6045943479290496,0.0250342115759849,0.0958368447378025,0.9803998655263156,13789.46484375,0
sub-s581_WATT3,45.56592559814453,3.619317878404889,0.0262220688164234,0.0977475873789812,0.9826846316500554,15875.8857421875,0
sub-s572_stroop,47.308536529541016,3.404198061502498,0.01205759588629,0.0672561486755869,0.9901321546745556,14811.2333984375,0
sub-s572_rest,45.03355407714844,3.47279942346387,0.011080315336585,0.0603704090383894,0.9818538858865248,16457.8984375,0
sub-s572_DPX,42.062931060791016,3.38659046674061,0.012079938314855,0.0747248230718466,0.9789984594288298,14941.3857421875,0
sub-s572_surveyMedley,45.64763259887695,3.383058116076646,0.0125189395621418,0.0748743077757557,0.9926136588519126,15285.591796875,0
sub-s572_motorSelectiveStop,41.09019470214844,3.385509627984659,0.0120650334283709,0.0802059718848311,0.981255694048831,15182.763671875,0
sub-s572_rest,41.944915771484375,3.397572344112257,0.0126938149333,0.0687986645364968,0.9918161065248232,15198.4375,0
sub-s572_stopSignal,45.064083099365234,3.3775298062685577,0.0108258817344903,0.0671700749715344,0.9764693958058256,15847.1220703125,0
sub-s572_ANT,42.577178955078125,3.3822341487459497,0.011034270748496,0.0728443703997867,0.9972892466484518,14937.3251953125,0
sub-s572_CCTHot,39.09162139892578,3.401515751556665,0.0110328840091824,0.0837449315343077,0.9978513040532826,15530.251953125,0
sub-s572_rest,45.22348403930664,3.395531171519399,0.0107011403888463,0.0585628724323161,0.9927107394326246,15856.8642578125,0
sub-s572_WATT3,47.48919677734375,3.392748399410573,0.0112389288842678,0.065035704492113,0.9999392916535428,14984.3466796875,0
sub-s572_twoByTwo,41.17390441894531,3.398627102771319,0.0105301700532436,0.0727736757509535,0.9689264327777772,14671.8876953125,0
sub-s586_discountFix,32.031742095947266,2.858508150341786,0.0388134233653545,0.1494927988164952,0.9825426886695277,4226.30615234375,0
sub-s586_motorSelectiveStop,28.992128372192383,2.82703571138229,0.0388278439640998,0.1619098443346673,0.9792701147914544,3494.857666015625,0
sub-s586_DPX,27.273866653442383,2.812173431270154,0.0397647619247436,0.1533545722589725,0.954804941214867,4292.61669921875,0
sub-s586_stroop,36.13668441772461,2.807675099668722,0.0386947505176067,0.1266442086686348,1.0363827129080123,3896.97900390625,0
sub-s586_rest,36.90742874145508,2.816530934087206,0.0383065082132816,0.1117686829789895,0.9778540497730496,4306.84765625,0
sub-s586_surveyMedley,32.02779006958008,2.857410050067149,0.0374607779085636,0.1395747930504032,0.9685126338935106,4372.48291015625,0
sub-s586_rest,34.39311599731445,2.575933686122182,0.042828269302845,0.1041069573375805,0.949168762524823,3893.319580078125,0
sub-s586_ANT,30.527332305908203,2.6422980392250066,0.0445483326911926,0.1738115989567961,0.9876941364352718,3564.29638671875,0
sub-s586_CCTHot,27.278316497802734,2.6510840761722356,0.0438441410660743,0.2044871076158227,0.9608843138606964,2886.950439453125,0
sub-s586_stopSignal,23.473880767822266,2.7638814426369978,0.0440794937312603,0.3075497183058039,0.951548236558317,3042.6474609375,0
sub-s586_twoByTwo,24.08475875854492,2.665311141762215,0.0439144298434257,0.2582196158995071,0.9530228584660778,3148.547607421875,0
sub-s586_WATT3,33.13616180419922,2.650060402195862,0.0415406003594398,0.1480636028788131,0.9922055501687288,3598.92919921875,0
sub-s172_DPX,40.828155517578125,3.109795228465172,0.0529716648161411,0.0693231838034984,0.976368858794198,7500.818359375,0
sub-s172_surveyMedley,42.61782455444336,3.113463487581716,0.0514199621975421,0.0695899589389716,0.9842246835940108,8480.6484375,0
sub-s172_stroop,48.463417053222656,3.11975061916052,0.0526688285171985,0.0646687192520364,0.9948837402366862,7756.134765625,0
sub-s172_discountFix,41.97266387939453,3.1360155287610865,0.053377229720354,0.065648572940545,0.9796922341912516,7514.712890625,0
sub-s172_motorSelectiveStop,39.21787643432617,3.121451506145831,0.051834225654602,0.0675576930601908,0.9657973690844348,7418.33935546875,0
sub-s172_rest,42.06548309326172,3.117787496428371,0.0527427867054939,0.0713674318061867,0.9804214693475174,8332.45703125,0
sub-s172_WATT3,41.06687927246094,2.9473127937368995,0.0421578213572502,0.0612898850752682,0.9902600898184566,7558.33837890625,0
sub-s172_ANT,45.363037109375,2.9433884651479607,0.0418492332100868,0.0503948614684822,0.9910254279174489,7700.86181640625,0
sub-s172_rest,40.44095993041992,2.933140764804675,0.0431238524615764,0.0502673378794629,0.9990839595744676,7867.67236328125,0
sub-s172_stopSignal,44.294586181640625,2.9387278770227203,0.0431653149425983,0.057628855293701,0.9859614740433926,7753.28662109375,0
sub-s172_CCTHot,45.17852020263672,2.9449129608685864,0.0392425395548343,0.0560038276626092,0.9890492993896702,7581.29248046875,0
sub-s172_twoByTwo,41.03683090209961,2.9512454751855635,0.0421107783913612,0.0549672058087024,0.9763296722837708,7279.1279296875,0
sub-s144_CCTHot,36.00657272338867,3.260742467749615,0.0227110628038644,0.0747615902165843,0.9464693169754778,28134.927734375,0
sub-s144_WATT3,40.03826141357422,3.2502684281272507,0.0231453403830528,0.0786081912382645,0.9624341333333336,27629.6953125,0
sub-s144_stopSignal,48.76069641113281,3.2084397608068165,0.0230791252106428,0.0571672037921554,0.9807997134319532,27523.791015625,0
sub-s144_twoByTwo,39.3413200378418,3.238420291630109,0.0221774745732545,0.0628766306082473,0.9633490626530612,30630.21875,0
sub-s144_ANT,43.39769744873047,3.2145689719032364,0.0233373902738094,0.0653930504059718,0.964895239908759,27721.04296875,0
sub-s144_rest,47.01740646362305,3.2192866154074395,0.0222917050123214,0.057708851387796,0.9793506786808512,32312.990234375,0
sub-s518_DPX,39.32988357543945,3.785175103203051,0.0268857404589653,0.0520324851441381,0.9892078173980056,13348.3203125,0
sub-s518_rest,38.06024169921875,3.7446779188259303,0.0286719426512718,0.0533463458312241,0.985030098539006,15693.126953125,0
sub-s518_surveyMedley,41.41587829589844,3.688023474955928,0.0290250461548566,0.0478239056681225,0.9974554758901824,14367.5244140625,0
sub-s518_motorSelectiveStop,35.46331787109375,3.727724142109856,0.0290768034756183,0.055945795286136,0.972221483163784,13672.779296875,0
sub-s518_stroop,43.31575012207031,3.717929864339444,0.0290868282318115,0.0472657752267077,1.0072497816863908,14193.77734375,0
sub-s518_discountFix,39.483001708984375,3.711640042298076,0.0284159854054451,0.0481396835676635,0.9912846890899234,15208.0,0
sub-s518_ANT,37.402252197265625,3.5770627785069076,0.0324919149279594,0.0483220160272894,1.0029668509647494,13588.060546875,0
sub-s518_stopSignal,38.73977279663086,3.6987845207807406,0.0345813371241092,0.0415811449954121,0.9936648189566932,12705.673828125,0
sub-s518_twoByTwo,35.85577392578125,3.69526967122081,0.0356840044260025,0.0438743200622633,0.9859131247230332,12238.2177734375,0
sub-s518_WATT3,30.743310928344727,3.577630346989904,0.0325565487146377,0.0467029900514774,0.96866589212932,13982.123046875,0
sub-s518_CCTHot,33.924766540527344,3.655798335067868,0.0340154320001602,0.0636006814637245,0.996469833402204,13342.912109375,0
sub-s518_rest,34.638511657714844,3.5786208798064374,0.0459105037152767,0.0408893969055609,0.9704553878156036,15325.5869140625,0
sub-s587_stopSignal,46.00864791870117,3.990968977520844,0.031594168394804,0.0928970985350222,0.9973940969881884,14632.1123046875,0
sub-s587_rest,44.594871520996094,4.034087033331114,0.0302854292094707,0.0837402366868665,0.987698984567375,16132.0166015625,0
sub-s587_WATT3,40.943580627441406,3.9439333251782536,0.0304550435394048,0.0838126193393469,0.9867505738759688,14538.76171875,0
sub-s587_ANT,39.441871643066406,4.034262223467184,0.030915979295969,0.0967462976746048,0.988048481436266,14314.806640625,0
sub-s587_twoByTwo,38.711952209472656,3.937362888307024,0.0321359112858772,0.0887973993321905,0.9660087967258388,13593.521484375,0
sub-s587_CCTHot,42.58644485473633,3.991713865153814,0.0312285311520099,0.0809514418358282,0.9719369492058828,15056.3994140625,0
sub-s587_motorSelectiveStop,37.458030700683594,3.717550057981456,0.0321127660572528,0.0828774563844963,0.9463167608545282,15424.634765625,0
sub-s587_surveyMedley,47.27490234375,3.632126239337735,0.0331250689923763,0.0750139272151119,0.990635255058235,14631.701171875,0
sub-s587_discountFix,44.08135986328125,3.681694991196206,0.032077357172966,0.0776145440662396,0.970276449678111,14964.9345703125,0
sub-s587_DPX,42.82930374145508,3.712630863535392,0.0316461026668548,0.0720376864711676,0.9726450066392688,14385.9404296875,0
sub-s587_rest,46.065887451171875,3.739328125699616,0.0324696078896522,0.073208912194152,0.9882070229503545,15731.5458984375,0
sub-s587_stroop,52.136924743652344,3.655592633240236,0.032684426754713,0.075794771322125,1.015837466775148,14587.33203125,0
sub-s573_DPX,21.028392791748047,3.5934922933325173,0.0325470939278602,0.2309748190574156,0.915400254196186,9750.7255859375,0
sub-s573_discountFix,29.057693481445312,3.592451130877023,0.0349521301686763,0.2468449238415843,0.9739737620283536,12001.4814453125,0
sub-s573_stroop,38.24077224731445,3.624307717235332,0.0336877405643463,0.1253869402129854,0.9905243049846156,12297.974609375,0
sub-s573_motorSelectiveStop,32.67018127441406,3.465518616536401,0.0274278633296489,0.1201381829714413,1.0166617696948117,9260.494140625,0
sub-s573_surveyMedley,26.41908836364746,3.5432637606761013,0.0362132228910923,0.1752779856675576,0.9326707016472536,11245.12109375,0
sub-s573_rest,27.91644859313965,3.400501289570304,0.0283075701445341,0.1322799438189613,1.0125094252056743,9043.0888671875,0
sub-s573_stopSignal,33.70153045654297,3.623130627754295,0.0282466672360897,0.1804221853329228,0.9795000639566928,10426.541015625,0
sub-s573_WATT3,39.60698699951172,3.563644588097389,0.0292544532567262,0.1383250106680045,0.9972160344183304,10449.509765625,0
sub-s573_ANT,27.335697174072266,3.6412700179026594,0.028039226308465,0.2338231742343748,1.1255456940630806,9882.5029296875,0
sub-s573_rest,28.604124069213867,3.6241081751167505,0.0296378675848245,0.1515193174670008,1.0142501306950358,9393.916015625,0
sub-s573_CCTHot,34.362648010253906,3.6157540351019057,0.0284534655511379,0.147276229292969,0.9539918241350728,10396.5263671875,0
sub-s573_twoByTwo,24.31234359741211,3.6556314606164135,0.0282594989985227,0.1963888634940624,1.0822617033465731,9498.25390625,0
sub-s574_motorSelectiveStop,39.23193359375,2.762661656655888,0.030312318354845,0.0456417680556921,0.9659905987080364,7988.65673828125,0
sub-s574_DPX,37.7133903503418,2.7777835219368985,0.0305282864719629,0.0452475305172907,0.9678055436932834,7356.3896484375,0
sub-s574_rest,41.62153625488281,2.7696640895092366,0.0285465270280838,0.0467276266419656,0.9746797629078016,8633.4619140625,0
sub-s574_surveyMedley,44.04743576049805,2.7781882578015806,0.0311579871922731,0.0411212050987272,0.9814088687853588,7898.46044921875,0
sub-s574_stroop,46.13434600830078,2.7826138387247714,0.0305750835686922,0.0421699148921901,0.996767048284024,7995.39501953125,0
sub-s574_discountFix,40.0943717956543,2.7457937048954695,0.032194510102272,0.0456066650458186,0.9780077180303032,6961.07373046875,0
sub-s574_ANT,46.66914749145508,2.892637801334002,0.0231973007321357,0.0382202112188196,0.98614440169708,8636.0576171875,0
sub-s574_stopSignal,41.65643310546875,2.899669923180119,0.0231650304049253,0.0493525108042944,1.0305603977952753,8426.40625,0
sub-s574_WATT3,41.101810455322266,2.9046131937906647,0.0221911687403917,0.0378695865426035,0.987846620295856,9527.509765625,0
sub-s574_twoByTwo,38.85181427001953,2.8842866931857967,0.0229777581989765,0.0421357728324831,0.980443674781342,7977.30810546875,0
sub-s574_CCTHot,34.04435729980469,2.889449106739559,0.0232246406376361,0.0773315719060571,0.971127381097923,8064.05322265625,0
sub-s574_rest,43.41840744018555,2.9136743059913193,0.0232267901301383,0.0373836729144519,0.9739546924324332,9154.115234375,0
sub-s589_rest,41.14794158935547,3.2297477617998913,0.0511603467166423,0.0659537010626741,0.9892085894184404,8228.427734375,0
sub-s589_WATT3,41.43479919433594,3.2141134628696357,0.0503366328775882,0.0902191565546902,1.002919520213115,8382.1884765625,0
sub-s589_ANT,42.90486907958984,3.2159987047330905,0.0509169399738311,0.0755785358286107,0.9975146647992706,7582.78857421875,0
sub-s589_twoByTwo,39.13792419433594,3.20914301858241,0.0503058284521102,0.0790710084712951,0.9805016386144586,7789.2666015625,0
sub-s589_stopSignal,42.8629264831543,3.207817296167109,0.0515530221164226,0.0759578322933436,1.0002742124754422,7620.310546875,0
sub-s589_CCTHot,36.94757843017578,3.1770715020859117,0.0524896495044231,0.0838815692443896,0.9886001686079536,7544.1044921875,0
sub-s589_discountFix,39.48469161987305,3.209005084695125,0.0411771349608898,0.064348721431045,0.98819497695747,6623.2041015625,0
sub-s589_DPX,37.25732421875,3.1886121308574262,0.041269477456808,0.0700586553103711,0.9753267874196512,6245.39990234375,0
sub-s589_motorSelectiveStop,38.58320617675781,3.2106475464836053,0.0408749617636203,0.0708056674521178,0.9824079028585964,6456.7529296875,0
sub-s589_rest,40.385250091552734,3.2632665505015885,0.0428393483161926,0.0599636376095511,0.9875686387092208,7524.35791015625,0
sub-s589_stroop,44.01046371459961,3.2288004121866067,0.0417876914143562,0.0595003860832103,1.008113740650888,6642.04345703125,0
sub-s589_surveyMedley,42.47312927246094,3.2127044425252,0.0415431335568428,0.0613401475917404,0.990295745657238,6674.37451171875,0
