name,gsr_y,dvars_vstd,fd_mean,fber,tsnr,snr,mriqc_fail
s597_ANT,0.0301994923502206,0.9927602948007256,0.1227970396545403,12985.1982421875,40.83504867553711,4.119255893298856,0
s597_CCTHot,0.0279258731752634,1.0081984852405323,0.1106620111918948,12947.166015625,39.96372604370117,4.084193402645131,0
s597_twoByTwo,0.0301463641226291,0.9752478594849364,0.1328865637303759,12936.1728515625,35.479087829589844,4.055799549397661,0
s597_WATT3,0.0285601913928985,0.995810218477466,0.11935909602094,13048.748046875,40.54901123046875,4.0965957709614145,0
s597_rest,0.030417775735259,0.9765605939574474,0.1411602603634797,13168.076171875,36.12712860107422,4.120589839905667,0
s597_stopSignal,0.0300644729286432,0.9927625728094296,0.106378603253686,12785.30859375,44.9376220703125,4.082191019925851,0
s597_surveyMedley,0.0311197601258754,0.9998808240439936,0.0964949375817007,12056.7099609375,40.595645904541016,4.265769424308629,0
s597_rest,0.0299903657287359,0.9998439773758864,0.1059243402259335,13573.369140625,39.755958557128906,4.304211931109092,0
s597_DPX,0.0307289343327283,0.9667629896917496,0.1238253284120097,12881.9482421875,33.46302795410156,4.26715708799329,0
s597_discountFix,0.0318234600126743,0.9889647598008376,0.1092292681657476,11854.87109375,37.85191345214844,4.237742084576862,0
s597_stroop,0.0330892987549304,1.0257054578994087,0.1168352185382806,11576.1767578125,38.68329620361328,4.206804031071388,0
s597_motorSelectiveStop,0.0318033695220947,0.9957648009155634,0.1292301464646432,11946.15234375,33.5558967590332,4.236891246341862,0
s590_twoByTwo,0.029806200414896,0.9625747266763856,0.0792308224272623,12996.345703125,37.230926513671875,3.3737718972280586,0
s590_CCTHot,0.0303443297743797,0.9866775543484042,0.0743638417704261,12933.10546875,42.17064666748047,3.357719370173561,0
s590_rest,0.029182530939579,0.9770103063971636,0.0739229189717211,15742.60546875,41.51118087768555,3.4439684506664925,0
s590_ANT,0.0302662570029497,0.9835440783677298,0.0751400683963867,13583.263671875,41.40745544433594,3.365864241158977,0
s590_WATT3,0.0307172331959009,0.9790755486267596,0.0778296513446888,12631.70703125,39.214630126953125,3.364301800524048,0
s590_stopSignal,0.0293562300503253,0.9767769595275592,0.0742624305230109,15150.8037109375,41.5335693359375,3.409043620467014,0
s590_motorSelectiveStop,0.0198351591825485,0.9935817127772124,0.0947786543045095,11214.2265625,35.01911163330078,3.3184692983378055,0
s590_stroop,0.0212322995066642,0.9663327157100592,0.0912093112612846,11706.966796875,34.195613861083984,3.2840892623738407,0
s590_DPX,0.0208749193698167,0.952364350589302,0.0863315096306558,12587.3046875,32.279266357421875,3.298568165560973,0
s590_discountFix,0.0195589736104011,0.9827975503651988,0.0949917707869003,11658.923828125,35.57391357421875,3.3174394398426803,0
s590_surveyMedley,0.0200960282236337,0.982088608502496,0.0743462722859253,12196.546875,44.21230697631836,3.3040056025394313,0
s590_rest,0.0202518831938505,0.98529115529078,0.0710596243061739,14075.31640625,39.963600158691406,3.335047479366128,0
s599_stroop,0.0334828868508338,1.0015047658579883,0.1157804073361114,12278.720703125,44.80672073364258,3.406888612516739,0
s599_DPX,0.0319546423852443,0.9912795605893022,0.1433265463847645,10964.0380859375,33.3386344909668,3.344843010177966,0
s599_surveyMedley,0.0335059240460395,1.0011699391347757,0.1279599714195749,11030.7939453125,43.75384521484375,3.3362750155139116,0
s599_discountFix,0.0328832268714904,0.9670409049294252,0.1466926015068202,11186.7783203125,37.296531677246094,3.377826095631988,0
s599_rest,0.0330112054944038,0.978639168780142,0.1106084729031965,11481.990234375,40.902565002441406,3.423588274816891,0
s599_motorSelectiveStop,0.0336673967540264,0.9638254583011184,0.1396461864398981,10978.619140625,36.75579071044922,3.341125586140494,0
s555_twoByTwo,0.025197235867381,0.96647311526725,0.0620909226033009,9826.6982421875,38.63599395751953,3.1251286769412325,0
s555_ANT,0.0245985481888055,0.9953523258745248,0.0593850978020242,10390.1474609375,46.16164016723633,3.15390661955506,0
s555_rest,0.0247510243207216,0.9869680006524832,0.0681162746946673,10810.341796875,41.534385681152344,3.1421332149446344,0
s555_WATT3,0.0241023451089859,1.0001348075866177,0.0767328163800442,10264.6826171875,35.53641128540039,3.1406665718800744,0
s555_stopSignal,0.0239881183952093,0.993313838004116,0.0592834912238999,10062.435546875,44.99327087402344,3.1335830103413955,0
s555_CCTHot,0.023356394842267,0.9751418371334596,0.0685772541931733,10928.111328125,37.2164421081543,3.104354807959622,0
s555_DPX,0.0264733396470546,0.96997882650952,0.0572796114525136,10642.486328125,41.158355712890625,3.0154597509093013,0
s555_surveyMedley,0.026181973516941,0.9840601456073216,0.0618703551913914,11332.271484375,47.26604461669922,3.0447479341750636,0
s555_motorSelectiveStop,0.0259733814746141,0.9774572339674452,0.0586641615715349,10550.126953125,43.6446418762207,2.986450457626072,0
s555_discountFix,0.0261558648198843,0.9764677729547846,0.0572897428089094,10584.4091796875,43.69831466674805,2.9619855877974155,0
s555_stroop,0.025834621861577,1.00001106433735,0.0609671099100641,10637.47265625,51.12344741821289,2.9659093001461185,0
s555_rest,0.027260635048151,0.9780494365531918,0.0630569862808443,11595.3203125,43.618385314941406,3.045104990775378,0
s358_stopSignal,0.0191753488034009,0.9976627774760998,0.1283691601088712,20088.876953125,36.59288024902344,3.7618955118699393,0
s358_rest,0.0229162611067295,0.9726443164113484,0.0759458632825723,22802.208984375,38.406002044677734,3.5776347785811167,0
s358_twoByTwo,0.0184905044734478,0.972432752585033,0.0877405650915325,20479.0625,41.5596809387207,3.6994872635789102,0
s358_CCTHot,0.0181552190333604,0.9892817720446524,0.0885945605614952,19276.9296875,40.73958969116211,3.5852622835242376,0
s358_ANT,0.0182525981217622,0.939995546135182,0.0867753445849817,20550.259765625,35.58039855957031,3.665644956134687,0
s358_WATT3,0.0200915560126304,1.000624292794702,0.1046955331414551,20748.650390625,40.73765563964844,3.5739674905836964,0
s358_discountFix,0.0200389958918094,0.9875779311310776,0.1399234206433927,15418.2646484375,35.17314529418945,3.893293108643085,0
s358_surveyMedley,0.0189847946166992,0.972763018336106,0.0888448081537509,17552.0703125,39.93952178955078,3.973677716037443,0
s358_motorSelectiveStop,0.01953742839396,0.9519187375381492,0.1485954615935565,15953.8876953125,32.246665954589844,3.9495438878714144,0
s358_rest,0.0208948999643325,0.9663806360992916,0.0827209028502465,14738.0673828125,37.0119743347168,3.845133940722187,0
s358_DPX,0.0197724495083093,0.9249969789598536,0.125733989188312,14972.2041015625,28.46253204345703,3.848809542651043,0
s358_stroop,0.0172289628535509,0.959790649969136,0.07148519909006,14884.314453125,42.81889724731445,3.863419770048571,0
s554_ANT,0.0361755192279815,0.9928381247962964,0.0858640879632159,6491.6826171875,39.942962646484375,3.357149068951641,0
s554_stopSignal,0.0354963988065719,0.9857450033925038,0.0780871956498191,6609.99169921875,41.23223114013672,3.393963974967707,0
s554_rest,0.0359184779226779,0.9777696231489372,0.0955859085459861,6908.30517578125,35.782413482666016,3.4195588720628813,0
s554_CCTHot,0.0358802862465381,0.9740447501033836,0.0803895593597655,6411.27978515625,35.70293426513672,3.3816140386000777,0
s554_twoByTwo,0.0356200002133846,0.974929225976677,0.1076275985231806,6223.3427734375,32.89673614501953,3.3733385673755993,0
s554_WATT3,0.0357301421463489,0.9869619855288468,0.0712134176166995,6633.82861328125,40.93048095703125,3.3509874253326486,0
s554_rest,0.0421041697263717,0.9747544300425526,0.0690799796794603,8172.458984375,40.833702087402344,3.294356043894099,0
s554_surveyMedley,0.0414119288325309,0.9940551873211316,0.0638966263768952,8402.5595703125,46.54253387451172,3.2634856256666684,0
s554_DPX,0.0415553003549575,0.9782341997733456,0.0762503655931156,7729.68505859375,37.6952018737793,3.2533829712105953,0
s554_motorSelectiveStop,0.0407607108354568,0.9874423524667344,0.0723884685200662,7926.45166015625,40.51359558105469,3.265708394586779,0
s554_discountFix,0.0412023179233074,0.9774143017145888,0.0831893283815913,7980.513671875,38.80760955810547,3.2514505288384172,0
s554_stroop,0.0410180240869522,1.0219429344099376,0.0727079611423056,8109.26025390625,46.40916061401367,3.243674995576763,0
s130_DPX,0.0323279611766338,0.9661134157142848,0.0443224863481546,26531.296875,42.26651382446289,2.9857497564990543,0
s130_discountFix,0.0325642637908458,0.9702235976086953,0.0369480248996726,26370.51953125,43.71367263793945,2.979702509906293,0
s130_stroop,0.0329055823385715,1.004015464792899,0.0385066472694749,25582.5546875,52.06747817993164,2.988622528444178,0
s130_rest,0.031908418983221,0.9926845223971632,0.0296093437884628,30081.712890625,53.00101852416992,2.976471850849801,0
s130_surveyMedley,0.033389426767826,0.994276299317804,0.030815121625432,26527.3359375,54.96642303466797,2.9886268901405018,0
s130_motorSelectiveStop,0.0313307009637355,0.9630668426958292,0.0370315444701804,29354.123046875,45.70484161376953,3.000949001123211,0
s130_WATT3,0.0506975576281547,0.9566746436310226,0.0456267802242565,13729.2236328125,32.55928039550781,2.634756582479868,0
s130_CCTHot,0.0451693311333656,0.9570021325147352,0.0313466715980326,13378.1982421875,38.964656829833984,2.6356647623903697,0
s130_ANT,0.049239944666624,0.976799440367648,0.04176460061081,14587.0390625,38.879127502441406,2.6671616432207537,0
s130_twoByTwo,0.0471507981419563,0.9403676668472905,0.0384683382968976,14472.716796875,34.2939338684082,2.6609516443207992,0
s130_stopSignal,0.0440944135189056,0.975691590286807,0.0312709982183334,16002.0009765625,46.64933013916016,2.6775117057023676,0
s130_rest,0.0436703972518444,0.9663656613333332,0.0400730193563518,15750.5859375,34.62234115600586,2.669601910710475,0
s598_rest,0.0255936533212661,0.947170409716312,0.0626630282062184,24705.724609375,40.347389221191406,3.2399274188643217,0
s598_stopSignal,0.0252800490707159,0.9954245594257424,0.0655781729931438,25207.658203125,45.822662353515625,3.2186871662297016,0
s598_CCTHot,0.0249492768198251,1.002875836625,0.0989249140601308,24481.1015625,41.36281967163086,3.2388283858003004,0
s598_WATT3,0.0247443821281194,0.994619847905984,0.0837733401500168,24983.7890625,43.97380065917969,3.2366915830297853,0
s598_twoByTwo,0.0257626622915267,0.9674783139067046,0.0659749642138254,24226.423828125,43.70210647583008,3.2247616869954445,0
s598_ANT,0.02493791654706,0.988389946624088,0.0684248024868231,25102.970703125,50.10606384277344,3.2263296582852456,0
s598_surveyMedley,0.0239229686558246,1.0282582798668882,0.1201756446736169,23363.23046875,42.15501403808594,3.3640011198627287,0
s598_stroop,0.0254101939499378,0.9767111213455654,0.2014253749024729,24145.32421875,31.10022735595703,3.396391956230255,0
s598_motorSelectiveStop,0.0266011971980333,0.8792616477924722,0.1514730186549881,19466.58984375,23.75979804992676,3.333964027341743,0
s598_DPX,0.0230025760829448,0.987439189936536,0.0755096711692491,23549.85546875,40.95446014404297,3.2958268756018896,0
s598_rest,0.0224842019379138,0.9694668527801428,0.061085749278006,24789.328125,41.826560974121094,3.364594594418844,0
s598_discountFix,0.0289016347378492,0.9107313471103894,0.1516370316264005,17692.6875,27.363149642944336,3.268407757768837,0
s553_discountFix,0.033207468688488,0.9578330472689502,0.0569616871143855,26394.291015625,36.54865264892578,3.1886953704727348,0
s553_surveyMedley,0.0321937017142772,0.9936821943760394,0.0583722536163714,27807.5,45.375396728515625,3.2142974966428826,0
s553_rest,0.0324329510331153,0.9847418377021274,0.0544882132900408,28308.251953125,43.293235778808594,3.2997376369964693,0
s553_motorSelectiveStop,0.0325340591371059,0.9683465500713544,0.0531873125759194,27927.41796875,38.61600112915039,3.233650190339213,0
s553_DPX,0.0339086465537548,0.951449776971895,0.0727944463314034,25382.150390625,30.712749481201172,3.1639560685689307,0
s553_stroop,0.0336686484515666,0.991685776153846,0.052138017415408,28125.73046875,47.87224578857422,3.2689375971853356,0
s553_WATT3,0.0305546764284372,0.9587460959418606,0.1376854076449666,20216.349609375,25.308673858642575,3.131387700440944,1
s553_rest,0.0283289514482021,0.964649395602838,0.0767987575165797,26985.1171875,43.01430892944336,3.1743599897701564,0
s553_twoByTwo,0.0276804994791746,0.99732820621963,0.0752992633057994,24183.974609375,35.50310134887695,3.133730441655486,1
s553_CCTHot,0.0305509679019451,0.9923399790306124,0.0647620745798363,21807.720703125,36.257293701171875,3.081534792329977,1
s553_stopSignal,0.0273336730897426,0.977579279609375,0.0607873820557421,28153.224609375,44.34086608886719,3.1787864366566674,1
s553_ANT,0.0301907137036323,0.9918540151291518,0.0653005503143081,23563.615234375,45.000274658203125,3.164277366528573,1
s591_motorSelectiveStop,0.0235836487263441,0.967749013926755,0.0758900080735335,7837.02880859375,39.365333557128906,3.66243968595902,0
s591_surveyMedley,0.0234111752361059,0.9944912200998344,0.0803161218024339,8155.88916015625,42.74496078491211,3.670100384590671,0
s591_rest,0.0237403120845556,0.9768477610070916,0.0843386189604246,8085.380859375,40.95429229736328,3.690647269659513,0
s591_stroop,0.0226544924080371,0.9940720029411768,0.0606330820674141,7936.62255859375,48.12923431396485,3.667498367228205,0
s591_DPX,0.0224854778498411,0.978120053952856,0.0842885589460851,8037.9130859375,37.50681686401367,3.6539323460168687,0
s591_discountFix,0.0245820675045251,0.9643748097600876,0.0790591381388926,7025.6943359375,37.53028106689453,3.676374553183649,0
s591_rest,0.0238153170794248,0.9836707435460988,0.0480268562037266,8074.2109375,42.20781707763672,3.672853367722739,0
s591_twoByTwo,0.0222440306097269,0.97455373963071,0.0561441114957318,7581.0615234375,41.79019927978515,3.6225701113556745,0
s591_ANT,0.0228252839297056,0.9840443877060924,0.0541588759797319,7771.9404296875,42.74896240234375,3.658622589999553,0
s591_stopSignal,0.0230728313326835,0.9892568353203884,0.0470432068689077,7877.50537109375,44.75943756103515,3.668131282364426,0
s591_CCTHot,0.0230963584035635,0.9749816295232798,0.0502670168184635,7412.86767578125,40.61659240722656,3.6456447311619273,0
s591_WATT3,0.023405909538269,0.9896351950684936,0.0600436090319921,7606.85888671875,44.10563278198242,3.577295666821303,0
s596_rest,0.0263675525784492,0.9840670703262407,0.0529941508270556,19993.0625,41.04713439941406,2.9362836079122716,0
s596_twoByTwo,0.0268872007727623,0.966959453206998,0.0676839364823104,19011.51171875,37.79404830932617,2.972418303390717,0
s596_WATT3,0.0268608033657073,0.9701166760900494,0.1033799226755302,20187.2734375,35.51165771484375,2.9845809223175896,0
s596_ANT,0.0279918368905782,0.9871867712927758,0.0652727879928929,18569.958984375,46.0494384765625,2.958230315609058,0
s596_CCTHot,0.0279366467148065,0.9937718468905952,0.0738740097235906,19081.060546875,38.08436584472656,2.948195312624051,0
s596_stopSignal,0.027464235201478,0.9973650806490868,0.0644067460934081,20920.21875,45.79413986206055,2.965932179025895,0
s596_surveyMedley,0.0306700449436903,0.9946527166389356,0.0709605260850995,17664.166015625,39.63203430175781,2.9274179032699448,0
s596_DPX,0.0309934057295322,0.9584807849954656,0.0695944237405453,15849.2119140625,38.13954544067383,2.886557655865395,0
s596_discountFix,0.0307866893708705,0.970652005728156,0.0631464594322608,16020.2998046875,42.15932083129883,2.900383706681914,0
s596_rest,0.0302005112171173,0.954480423120568,0.0545321952531876,18372.390625,35.281890869140625,2.8605445685288395,0
s596_motorSelectiveStop,0.0316557437181472,0.961538472247424,0.0542783648498045,16687.154296875,40.75498962402344,2.8682161132914734,0
s596_stroop,0.0316425077617168,1.0109392742899403,0.0564090718532262,16315.0302734375,47.36576843261719,2.969704321252685,0
s622_DPX,0.024230295792222,0.9689285535358124,0.0765471281014948,13726.31640625,37.21659851074219,3.578116752907134,0
s622_motorSelectiveStop,0.0247880984097719,0.9630104315768068,0.0723551606007673,14299.1201171875,37.84919738769531,3.510291124467568,0
s622_discountFix,0.0244009885936975,0.9820958145037356,0.0836113945120621,13953.5166015625,39.968849182128906,3.560452046530345,0
s622_rest,0.022874429821968,0.9771519771773052,0.0989339074628461,16287.3740234375,38.62408828735352,3.6523811535243897,0
s622_stroop,0.024047864601016,0.9917997751775152,0.067648748929316,14315.2158203125,45.88220977783203,3.5825515203027964,0
s622_surveyMedley,0.0237416885793209,0.9895739157404324,0.0761214605502482,13813.49609375,42.36048126220703,3.625801473290004,0
s622_stopSignal,0.0212895087897777,1.007960670887574,0.0822791959149944,12144.4736328125,38.911903381347656,3.49557498665528,0
s622_twoByTwo,0.0224494542926549,0.9554864270748288,0.0689137640895237,10797.4443359375,35.44942092895508,3.567363885009716,0
s622_rest,0.0238437931984663,0.9692761577304952,0.0795114157610587,12440.064453125,37.18846893310547,3.540235472487784,0
s622_ANT,0.0260378457605838,1.0060488553095686,0.071884979742438,10383.595703125,43.85377502441406,3.405380406666315,0
s622_CCTHot,0.0251412261277437,0.9676744201606424,0.0662536378898017,9512.615234375,37.45861053466797,3.411736480742206,0
s622_WATT3,0.0251184348016977,0.9687211599654388,0.0752245751339689,10994.56640625,38.28955078125,3.4627485873239734,0
s613_rest,0.0263669285923242,0.9800068312056724,0.0643559671369188,8037.30419921875,37.00617599487305,2.515781893707565,0
s613_stopSignal,0.0258933994919061,0.9956134827151052,0.0808787906460766,7796.369140625,41.31671905517578,2.582653934727735,0
s613_CCTHot,0.0326057374477386,0.9349603849903096,0.1651385252013171,5911.86328125,27.48923110961914,2.80708018941109,0
s613_WATT3,0.0313412770628929,1.0094804382298843,0.0971412596861573,5722.6337890625,40.767112731933594,2.8066175383371936,0
s613_twoByTwo,0.0270477253943681,0.9693468886297378,0.0892426623059606,6888.412109375,35.191307067871094,2.729165097282055,0
s613_ANT,0.0267477221786975,0.9983035875899292,0.0644010999813026,7849.7919921875,42.33504486083984,2.5524217479552203,0
s613_motorSelectiveStop,0.0261745229363441,0.9616345946490328,0.1747484763003744,6448.24658203125,27.06725311279297,3.109611738228908,0
s613_discountFix,0.0249129328876733,0.9874762329899208,0.1583796692705102,7217.7998046875,32.60877227783203,3.1588025882505613,0
s613_stroop,0.0241574458777904,0.9965667199999998,0.2448452904463726,7431.36669921875,31.419185638427734,3.082470421021082,0
s613_DPX,0.0226530376821756,0.9727622023028104,0.1688786805209076,6906.2626953125,29.834531784057617,3.129506461797537,0
s613_rest,0.021758934482932,0.9889081952765948,0.1604153867029523,7226.435546875,33.19477081298828,3.1062517665378135,0
s613_surveyMedley,0.0214496441185474,0.9772019036106476,0.1312303086603424,7240.2548828125,34.89997863769531,3.171013043915757,0
s614_CCTHot,0.0178241860121488,0.9790552178759402,0.0561412476412991,18153.935546875,40.29949951171875,3.0985524426718527,0
s614_stopSignal,0.0174893978983163,0.9892846286575888,0.0649570969788076,19091.8359375,45.19737243652344,3.0944986644407044,0
s614_twoByTwo,0.0178224463015794,1.0050688410884343,0.0776100917660203,18297.21484375,40.49735641479492,3.1502985291698806,0
s614_ANT,0.0182468183338642,0.994626354038128,0.0696658547124018,18866.458984375,44.575443267822266,3.1432706313278445,0
s614_WATT3,0.0177363287657499,0.9623528593091736,0.0603444830879513,19901.521484375,41.22356796264648,3.075183118841944,0
s614_rest,0.0177760943770408,0.976480939758866,0.062086230446613,20854.51953125,42.76466369628906,3.137132410099622,0
s614_stroop,0.0165349468588829,1.0021178899704142,0.0914683923415498,24885.634765625,40.905887603759766,3.5060634262294013,0
s614_rest,0.0157458949834108,0.983319011134751,0.0683112958453117,24932.103515625,46.2819938659668,3.534252996140495,0
s614_surveyMedley,0.0156890582293272,1.0047330711705689,0.0819050771996949,24638.634765625,45.58411407470703,3.5173189950810446,0
s614_discountFix,0.0163228474557399,0.975637972627118,0.0689771210822426,24815.90625,43.45466613769531,3.518527345332545,0
s614_motorSelectiveStop,0.0166981071233749,0.954779365920652,0.1136049704834462,25573.3828125,33.949851989746094,3.5248265436688873,0
s614_DPX,0.0171902850270271,1.03333392463282,0.0816132570356974,22604.453125,37.42200469970703,3.4926776931549908,0
s640_CCTHot,0.0376975126564502,0.98052085947497,0.116067118631917,6431.54638671875,31.94464683532715,3.710542634005844,0
s640_ANT,0.0404558926820755,0.9859555022950812,0.106880446389157,7486.84912109375,36.67898941040039,3.643771358508924,0
s640_stopSignal,0.0404434092342853,0.9897266889299612,0.1187144692164523,7384.05419921875,37.95991134643555,3.657161024821135,0
s640_WATT3,0.0373995788395404,0.9854361265180724,0.1554443564087692,6862.20703125,33.960697174072266,3.6898467415573433,0
s640_twoByTwo,0.0405343882739543,0.9845259001846456,0.0929394215429115,7229.88720703125,32.26774597167969,3.6604608785019495,0
s640_rest,0.0391527637839317,0.9777773665248216,0.1105796246438338,7943.00048828125,37.29359436035156,3.721541681141402,0
s640_stroop,0.0348308533430099,0.9928211563580246,0.0775309915656632,8260.84375,39.211204528808594,3.5698913490281683,0
s640_discountFix,0.0351772867143154,0.9819301752380958,0.0997425448348113,7719.25244140625,31.829082489013672,3.614326315925391,0
s640_rest,0.0354952588677406,0.9666942859290786,0.1159670735888574,7815.04052734375,30.3006591796875,3.6280486454919063,0
s640_DPX,0.0356923453509807,0.9746721330091752,0.1987200666241853,7049.7353515625,27.822660446166992,3.596007515879001,0
s640_motorSelectiveStop,0.035973098129034,0.9728211288301108,0.1115045689742124,7723.27490234375,30.65388298034668,3.6131546096345217,0
s640_surveyMedley,0.037624143064022,0.9866433014975052,0.1341259711472425,7246.15771484375,28.782011032104492,3.5755017356733476,0
s647_WATT3,0.026643281802535,0.9957530407879648,0.0818039089385363,11821.0400390625,43.75993728637695,3.9390256685506166,0
s647_rest,0.0263061579316854,0.985372816638297,0.0799149081108314,12313.5830078125,40.1302490234375,3.9580376926030585,0
s647_stopSignal,0.0256306808441877,0.989167139069308,0.0878094224332296,12250.4208984375,43.27787399291992,4.000846176011586,0
s647_ANT,0.0260861124843359,0.9786520502071566,0.1022997962162342,12762.72265625,40.42133712768555,3.9941468183419984,0
s647_CCTHot,0.025140032172203,0.975178354687855,0.0915649112474343,12370.3984375,36.88469314575195,3.964195504088768,0
s647_twoByTwo,0.0273953266441822,0.9770622775196842,0.0905689101399523,11062.7470703125,37.261085510253906,3.919657670092365,0
s647_surveyMedley,0.0395184345543384,0.985558602329451,0.0744817936146286,13851.5634765625,42.13445281982422,3.619919849637256,0
s647_DPX,0.039899542927742,0.965964810915686,0.0688580242866819,13501.9052734375,38.952449798583984,3.637435558552413,0
s647_motorSelectiveStop,0.0393188670277595,0.9771242635198372,0.0685017773277999,13206.9521484375,40.91828155517578,3.57979607040755,0
s647_rest,0.0395286977291107,0.9851819575319172,0.0621654556989122,13771.1083984375,42.20562744140625,3.522541307418878,0
s647_stroop,0.0385004393756389,0.997516305532544,0.0614042302720348,13862.1005859375,49.901084899902344,3.5686733393830914,0
s649_DPX,0.0564136207103729,0.9774402042248416,0.2022775038308862,8489.6650390625,28.489482879638672,4.033401788022274,0
s649_stroop,0.0558755621314048,1.011289593372781,0.1140028867143685,8726.6015625,38.0457878112793,3.996108058719104,0
s649_discountFix,0.0558755621314048,1.011289593372781,0.1140028867143685,8726.6015625,38.0457878112793,3.996108058719104,0
s649_surveyMedley,0.0553936101496219,0.98774118327787,0.1363249516965384,9907.4072265625,32.86532974243164,4.053941743416642,0
s649_rest,0.0552224852144718,0.9964662692765958,0.1098541720666077,10087.12109375,34.47649383544922,3.95541520827759,0
s649_motorSelectiveStop,0.0556846112012863,0.9869139591556468,0.1493417176938434,9007.7294921875,30.97574806213379,4.050485890921086,0
s649_CCTHot,0.0538326762616634,0.9752589335755264,0.1586460649492962,10357.2626953125,31.26860809326172,3.6155919028406287,0
s649_WATT3,0.0498634465038776,0.9202628291739556,0.2291975431568652,9646.4013671875,21.47153663635254,3.8345181867186766,1
s649_ANT,0.0538326762616634,0.9752589335755264,0.1586460649492962,10357.2626953125,31.26860809326172,3.6155919028406287,0
s649_stopSignal,0.0538326762616634,0.9752589335755264,0.1586460649492962,10357.2626953125,31.26860809326172,3.6155919028406287,0
s649_twoByTwo,0.0498634465038776,0.9202628291739556,0.2291975431568652,9646.4013671875,21.47153663635254,3.8345181867186766,1
s649_rest,0.0462626554071903,1.0095423459716308,0.142135779191208,11220.1806640625,31.100786209106445,3.713487154207012,0
s649_ANT,0.0538326762616634,0.9752589335755264,0.1586460649492962,10357.2626953125,31.26860809326172,3.6155919028406287,0
s649_stopSignal,0.0538326762616634,0.9752589335755264,0.1586460649492962,10357.2626953125,31.26860809326172,3.6155919028406287,0
s649_CCTHot,0.0538326762616634,0.9752589335755264,0.1586460649492962,10357.2626953125,31.26860809326172,3.6155919028406287,0
s615_DPX,0.0236672274768352,0.8928364972438805,0.2349320978147099,12156.88671875,25.51313591003418,3.734665270160818,0
s615_rest,0.021344406530261,0.999843586553192,0.0768486644151482,14115.89453125,41.27827072143555,3.651799999011205,0
s615_discountFix,0.0213014036417007,1.098123903224822,0.1392813351334797,12807.3115234375,31.11404037475586,3.673846607675849,0
s615_stroop,0.0247398633509874,1.0513927468934916,0.0804422081200477,14068.1142578125,44.97653579711914,3.7609437280059246,0
s615_motorSelectiveStop,0.0256818700581789,0.9352823696236018,0.2757845472224295,12653.5234375,27.012622833251953,3.722334824730117,0
s615_surveyMedley,0.0238920655101537,0.9927447449417636,0.1490225903875965,14195.3447265625,33.2238883972168,3.6964172698793103,0
s615_stopSignal,0.0137815233319997,1.0103133050099802,0.075740151029046,13469.91796875,40.94932556152344,3.8810007423207127,0
s615_twoByTwo,0.0156246786937117,1.0044325772789122,0.1072383922536284,13988.5595703125,34.27976989746094,3.786087243822159,0
s615_ANT,0.0134479040279984,0.9859239852125692,0.0658324082625109,13584.037109375,40.53358459472656,3.89164436397668,0
s615_CCTHot,0.0132228145375847,0.9788348866832172,0.1102900444253476,12971.2080078125,31.02914810180664,3.767308904701034,0
s615_rest,0.015172129496932,0.9647925748794328,0.0772400403383653,14681.2607421875,34.45555877685547,3.807093395249999,0
s615_WATT3,0.0139649957418441,0.996925574918032,0.0834129218742104,13745.2333984375,38.17605209350586,3.854835665394677,0
s615_ANT,0.0134479040279984,0.985923983345656,0.0658324082625109,13584.037109375,40.53358459472656,3.89164436397668,0
s615_WATT3,0.0139649957418441,0.996925576819671,0.0834129218742104,13745.2333984375,38.17605209350586,3.854835665394677,0
s615_stopSignal,0.0137815233319997,1.010313305528942,0.075740151029046,13469.91796875,40.94932556152344,3.8810007423207127,0
s612_WATT3,0.0347369685769081,0.995545092011428,0.1036597256140127,6643.341796875,39.81648254394531,2.8856036430358767,0
s612_twoByTwo,0.0362711735069751,0.9778081460932956,0.1018396662521263,6672.1923828125,40.77425384521485,2.9020993579338343,0
s612_stopSignal,0.0361940450966358,0.9984386326757814,0.106466507463291,6571.88720703125,42.16688537597656,2.888904385143455,0
s612_rest,0.0338326096534729,0.9918617535319156,0.0977906218945862,7072.65966796875,41.83538055419922,2.892544540888182,0
s612_ANT,0.0336575992405414,0.9943866270642197,0.0986271158218495,7071.7626953125,43.30872344970703,2.907182498641305,0
s612_CCTHot,0.0337567888200283,1.0109230302909655,0.106307396064703,6801.48876953125,41.070465087890625,2.887854068805216,0
s612_motorSelectiveStop,0.0360365062952041,0.9541618334486274,0.0707692558930069,6365.33154296875,36.59856033325195,2.878720513104316,0
s612_rest,0.0342798344790935,0.9718836875602844,0.0761468375131738,7933.20361328125,38.139373779296875,2.9180650647002886,0
s612_discountFix,0.0349918417632579,1.0236238443184176,0.094431246087515,7036.9775390625,34.10965347290039,2.8868145618455063,0
s612_stroop,0.0356515422463417,0.9674315866272184,0.0896918393758133,7012.041015625,39.34113311767578,2.927186277431377,0
s612_DPX,0.0341760963201522,0.9574352497189478,0.0713360716905081,6906.57861328125,37.718387603759766,2.9103080646517494,0
s612_surveyMedley,0.0344398356974124,0.9767281840765394,0.0718697389228217,6998.095703125,41.79105758666992,2.903800649274922,0
s624_stroop,0.0564733520150184,1.039444623042168,0.1435772343277234,10823.609375,35.29249572753906,3.0194386424416804,0
s624_DPX,0.058198295533657,0.9567541532910252,0.1458731915495524,8950.9072265625,25.318553924560547,3.0239380681701613,0
s624_motorSelectiveStop,0.0565822646021842,0.9957914576907416,0.1355808919352807,9897.1279296875,29.685972213745117,3.0206148466084533,0
s624_rest,0.057238508015871,0.9812155690070924,0.1599927918644347,10014.1015625,28.818683624267575,3.0200217369857048,0
s624_surveyMedley,0.0563627891242504,1.0328560273377705,0.1100784942646268,10807.5966796875,36.65352249145508,3.026725141710033,0
s624_discountFix,0.0565851330757141,0.9918626340645166,0.1847494623819603,10267.724609375,27.270753860473633,3.0077347286229874,0
s624_CCTHot,0.0634760037064552,0.9623106986567168,0.1172644877320563,8979.5419921875,31.424013137817383,2.997968910653055,0
s624_stopSignal,0.0633099675178527,0.9985832940551173,0.0955406692977262,9108.470703125,36.40826416015625,2.973861488086769,0
s624_rest,0.0596563480794429,1.019287894680851,0.201624462404585,9978.2099609375,30.35049057006836,3.0414481269294997,0
s624_WATT3,0.064004972577095,1.0050930086784744,0.1051687543017237,8879.0810546875,35.22477722167969,2.9826358411716822,0
s624_twoByTwo,0.0640110746026039,0.9830446731292524,0.10448428356194,8047.8798828125,31.200244903564453,2.960659106151341,0
s624_ANT,0.0614534579217433,0.9629638214731364,0.0766695664825905,9714.759765625,35.66162872314453,3.007282550674961,0
s623_rest,0.0320905074477195,0.9353564286950348,0.2409348981214516,4187.1474609375,23.865034103393555,3.831742646824557,0
s623_discountFix,0.0336559750139713,0.9359138790705136,0.2355157779189176,4549.41552734375,25.41670036315918,3.847365882328828,0
s623_DPX,0.0280483625829219,0.9675892422846776,0.2432925715996174,5373.23828125,27.928428649902344,3.771492709637472,0
s623_motorSelectiveStop,0.0308729764074087,0.9210714015157674,0.2512338186911631,5825.06396484375,25.631885528564453,3.775688258535846,0
s623_stroop,0.0289664529263973,0.9830565263609472,0.1994033705445202,5490.80224609375,33.61088562011719,3.7325832468693094,0
s623_surveyMedley,0.0353414677083492,0.9704302339600672,0.2445527061157022,5011.314453125,28.04946517944336,3.826165947178341,0
s623_stopSignal,0.0282658208161592,0.9545822452870092,0.3932105257092778,3173.534912109375,23.474178314208984,3.853180922950929,0
s623_ANT,0.0253288839012384,0.9834727337500008,0.1660844029959733,4061.749755859375,30.455963134765625,3.9030964410606384,0
s623_WATT3,0.0278563387691974,1.026522197916666,0.1500549689425863,4275.75439453125,31.72529983520508,3.866364762400288,0
s623_rest,0.0281588211655616,0.9701164288368804,0.1997675596595715,4010.588134765625,28.37530517578125,3.8582644322760578,0
s623_twoByTwo,0.030737230554223,0.9547288700194548,0.2522877213266801,3488.8671875,23.58560562133789,3.853747019665077,0
s623_stroop,0.0289664529263973,0.9830565263609472,0.1994033705445202,5490.80224609375,33.61088562011719,3.7325832468693094,0
s623_DPX,0.0280483625829219,0.9675892422846776,0.2432925715996174,5373.23828125,27.928428649902344,3.771492709637472,0
s623_motorSelectiveStop,0.0308729764074087,0.9210714015157674,0.2512338186911631,5825.06396484375,25.631885528564453,3.775688258535846,0
s648_surveyMedley,0.0257196798920631,0.991658745757072,0.0444084906620625,13106.8623046875,45.095340728759766,3.4357774889157287,0
s648_DPX,0.0262998864054679,0.9699619687398,0.0653446311660121,12857.4365234375,34.6778564453125,3.429804010894598,0
s648_stroop,0.0276525430381298,0.99245149662722,0.0549168782198806,14126.4609375,46.2607536315918,3.4322634809731487,0
s648_rest,0.0265483539551496,0.9736303765106392,0.0482949059031145,12945.109375,40.817283630371094,3.4137821355461684,0
s648_motorSelectiveStop,0.0251066368073225,0.9755604480976604,0.0614157053758728,13211.9873046875,38.98552322387695,3.4675900910390047,0
s648_discountFix,0.0270956642925739,0.979635301668416,0.07475484186833,13115.693359375,37.35286712646485,3.3945176589190753,0
s648_rest,0.0395394265651702,0.9879612688226942,0.0601104046066199,10731.8125,42.08072280883789,3.317052223455433,0
s648_ANT,0.042559340596199,0.9719824891059292,0.0622476460387944,11129.3046875,39.703948974609375,3.3409057559399074,0
s648_twoByTwo,0.042559340596199,0.9719824891059292,0.0622476460387944,11129.3046875,39.703948974609375,3.3409057559399074,0
s648_CCTHot,0.0401503480970859,0.9737926579097396,0.0636908041527527,11359.779296875,39.99372100830078,3.293240819826092,0
s648_stopSignal,0.0420569889247417,0.9898436427915864,0.0553388952569328,10483.1875,42.49717330932617,3.282019173735599,0
s648_WATT3,0.0401503480970859,0.9737926579097396,0.0636908041527527,11359.779296875,39.99372100830078,3.293240819826092,0
s445_rest,0.0403529368340969,1.2425123020141828,0.1332831930602909,8040.6640625,28.52503204345703,3.265885040149572,0
s445_rest,0.0341910868883132,1.0343114459716296,0.1030247150039443,11211.884765625,30.099685668945312,3.4673649665779553,0
s445_stroop,0.0458613894879817,1.0485971413609465,0.0799306013049684,7873.73193359375,35.597965240478516,3.174472132029074,1
s445_surveyMedley,0.0450726076960563,1.0485290004006973,0.1078442005166705,7226.12548828125,27.53657913208008,3.1912776981986997,0
s445_rest,0.0328705795109272,0.9858451705106376,0.1088428589931789,10771.0703125,36.495086669921875,3.515761747067272,0
s445_stopSignal,0.0316088050603866,0.981919437571702,0.0630205822402083,9847.5673828125,39.96080780029297,3.4883968245763577,1
s445_ANT,0.0283468011766672,0.9962506177297308,0.0697013647466934,8965.298828125,37.58336639404297,3.6118908555020024,1
s445_CCTHot,0.0340081043541431,0.9549033245901634,0.1984304279193806,8713.4140625,23.457183837890625,3.325454320495233,1
s445_WATT3,0.0301400870084762,1.0166481536236385,0.1105403170814848,9878.3603515625,33.713653564453125,3.545579988470801,1
s445_twoByTwo,0.0328409783542156,0.9402030695335274,0.0766990508586838,8423.9423828125,26.186424255371097,3.455667360823672,1
s445_DPX,0.0372581183910369,0.9696646943880324,0.0815333807993569,11073.84765625,33.115848541259766,3.4727053833402572,1
s445_discountFix,0.0370236672461032,0.9732855297505424,0.0751780384412671,11292.9873046875,34.670326232910156,3.500778825282968,1
s445_motorSelectiveStop,0.0369854755699634,0.9449865137029508,0.07886525114473,11404.328125,31.599037170410156,3.459946405736511,1
s646_ANT,0.038249559700489,1.015168351012891,0.0629114807727787,7517.07470703125,35.70977020263672,2.7443224113075897,0
s646_twoByTwo,0.0392060354351997,0.9892274204567556,0.0737259869856222,7008.3720703125,33.21815490722656,2.751699825447842,0
s646_stopSignal,0.0359867922961711,0.9739132066399993,0.0709169898450572,8158.76171875,37.8623046875,2.797335256798179,0
s646_WATT3,0.0367598757147789,0.9740816433415532,0.0652531435215924,7466.65966796875,36.324851989746094,2.7559790962502926,0
s646_rest,0.0344475843012332,0.9984723413475184,0.0607861759200651,7815.2705078125,35.76425552368164,2.7914783740834452,0
s646_CCTHot,0.0379298590123653,0.9767631129793246,0.0704107646089193,6978.83349609375,35.668148040771484,2.76086151915776,0
s641_surveyMedley,0.0389336012303829,0.9822630725919732,0.0690373031599948,15930.0830078125,44.18878936767578,2.654565683106469,0
s641_rest,0.0342254750430583,0.969245264936168,0.0741895588465521,15191.158203125,38.68914413452149,2.7135886733430965,0
s641_motorSelectiveStop,0.0385565869510173,0.9553124617395732,0.0687481578659276,15088.7861328125,37.16426467895508,2.6653758459758063,0
s641_discountFix,0.0373785272240638,0.9556255643240332,0.0723833131880066,14268.3623046875,34.862640380859375,2.68253383400547,0
s641_DPX,0.04029555991292,0.9678060652029524,0.0833158483795623,13947.033203125,34.94220733642578,2.675342496132103,0
s641_stroop,0.0373335406184196,0.9933843564179112,0.0582909666962997,16299.6181640625,47.69533920288086,2.6830835154533847,0
s641_twoByTwo,0.0500837340950965,0.969951380447036,0.0913976723762137,19460.830078125,36.979732513427734,3.310661744009004,0
s641_stopSignal,0.0495637916028499,0.9774139437667309,0.0793700301192058,19309.501953125,40.33079147338867,3.3059035529749896,0
s641_WATT3,0.0495637916028499,0.9774139437667309,0.0793700301192058,19309.501953125,40.33079147338867,3.3059035529749896,0
s641_CCTHot,0.0528002604842186,0.9563168087530872,0.0890765525392221,19020.990234375,32.27853012084961,3.318042353860845,0
s641_ANT,0.0528002604842186,0.9563168087530872,0.0890765525392221,19020.990234375,32.27853012084961,3.318042353860845,0
s641_rest,0.0529879406094551,0.9731036982695034,0.0848242955617704,20559.404296875,37.56916427612305,3.326620905049708,0
s641_rest,0.0529879406094551,0.9731036982695034,0.0848242955617704,20559.404296875,37.56916427612305,3.326620905049708,0
s641_WATT3,0.0495637916028499,0.9774139437667309,0.0793700301192058,19309.501953125,40.33079147338867,3.3059035529749896,0
s641_twoByTwo,0.0500837340950965,0.969951380447036,0.0913976723762137,19460.830078125,36.979732513427734,3.310661744009004,0
s641_ANT,0.0528002604842186,0.9563168087530872,0.0890765525392221,19020.990234375,32.27853012084961,3.318042353860845,0
s641_CCTHot,0.0528002604842186,0.9563168087530872,0.0890765525392221,19020.990234375,32.27853012084961,3.318042353860845,0
s641_stopSignal,0.0495637916028499,0.9774139437667309,0.0793700301192058,19309.501953125,40.33079147338867,3.3059035529749896,0
s601_surveyMedley,0.0641083419322967,0.981359332943144,0.1457677032777147,4072.799560546875,35.42922592163086,2.638376194905826,0
s601_stroop,0.0664569586515426,0.9961066031962016,0.0987771882939672,3811.09716796875,40.85660171508789,2.649950486756965,0
s601_DPX,0.0666621103882789,0.9473520493795632,0.1205779130680124,3196.087646484375,29.1063175201416,2.67241978092945,0
s601_rest,0.0652246326208114,0.9814160843687934,0.1081813684097143,4546.4970703125,37.85748672485352,2.66722523652472,0
s601_motorSelectiveStop,0.0638533756136894,0.9772499126449652,0.1196750238813649,3675.7216796875,35.772193908691406,2.6647882589174245,0
s601_discountFix,0.0630939081311225,0.9970188542918452,0.1263225319857528,4246.90380859375,35.112552642822266,2.646833935336085,0
s601_CCTHot,0.0626515969634056,0.9627034136887608,0.1680057000253398,4062.596923828125,27.9158878326416,2.653625886384708,0
s601_ANT,0.0660806074738502,1.0274382466361982,0.1573903413300463,4401.8974609375,31.89373207092285,2.5362250136679996,0
s601_WATT3,0.0663937255740165,0.9863711531548316,0.1251359074695646,3995.1201171875,33.859439849853516,2.468064392792383,0
s601_twoByTwo,0.0660508573055267,0.9976669832653056,0.1312615250641126,3969.88330078125,31.15466690063477,2.631333158374143,0
s601_rest,0.0644019991159439,0.9597810264822696,0.1486659289394701,4562.78125,30.614330291748047,2.607401325047298,0
s601_stopSignal,0.0656127631664276,0.9663885711350292,0.1597585398386331,4204.54150390625,29.828441619873047,2.5721989901385984,0
s639_stopSignal,0.0268263425678014,1.0045838673786402,0.1251061553328153,15612.3271484375,41.56035614013672,3.756141110303539,0
s639_rest,0.0277624670416116,0.9937712679007078,0.1171078756378667,16594.02734375,38.04983901977539,3.7920780915471344,0
s639_twoByTwo,0.026654465124011,0.9633024646924594,0.1022703191982124,16321.171875,36.17999649047851,3.842343153936176,0
s639_ANT,0.0272752698510885,0.988353357100372,0.1369520604147073,15102.19140625,40.52754592895508,3.801448073316669,0
s639_WATT3,0.0279795508831739,0.97646893173533,0.1605174729375829,15956.56640625,38.09611129760742,3.7920887238444703,0
s639_CCTHot,0.0278609078377485,0.9655088048802388,0.1437670753319402,14815.9541015625,30.548995971679688,3.748876780285058,0
s606_CCTHot,0.0427886471152305,0.9827443300751896,0.1096480331917913,8711.0029296875,34.97220230102539,3.1934943979514108,0
s606_WATT3,0.0427951589226722,0.9751629120405724,0.1260125949873428,9230.9853515625,36.233253479003906,3.1559738774772153,0
s606_stopSignal,0.0405372232198715,0.9914042017693838,0.0896159896338159,10070.2490234375,42.980857849121094,3.1371593316161808,0
s606_ANT,0.0432871542870998,0.97603204439781,0.1079847118099066,9555.876953125,39.06391143798828,3.1797437709267133,0
s606_rest,0.0413986183702945,0.9740953003829792,0.1063530349169088,9782.5302734375,38.17179489135742,3.126309411556727,0
s606_twoByTwo,0.0436589829623699,0.9765648466863908,0.0940511884252473,8854.794921875,37.61933898925781,3.1939118889372056,0
s606_surveyMedley,0.0413608066737651,0.997160304891846,0.0894832186937456,7635.2255859375,40.423789978027344,3.430767972457012,0
s606_rest,0.04346539452672,0.9986232402127648,0.1212683731758093,8703.529296875,33.380577087402344,3.384295326121464,0
s606_discountFix,0.0407504551112651,0.9747713821981412,0.0863854325612276,7662.833984375,34.9568977355957,3.426935884962808,0
s606_stroop,0.0411184802651405,0.9984117252662722,0.083703168311579,7826.86669921875,42.884620666503906,3.441528812734438,0
s606_motorSelectiveStop,0.0422737784683704,0.9856557619938968,0.0903761225473398,7083.26611328125,37.593658447265625,3.4165940156831023,0
s606_DPX,0.0421306528151035,0.975123684687218,0.0947092043004747,8128.19482421875,34.03199005126953,3.3929238818830267,0
s608_motorSelectiveStop,0.0428401045501232,0.9761092359206496,0.1198152803930338,5872.6435546875,34.521202087402344,2.9758101648181676,0
s608_surveyMedley,0.0437372848391532,0.9940267879034952,0.1024689455231381,4991.36572265625,39.652000427246094,3.087516738122086,0
s608_DPX,0.049758356064558,1.0127978114143237,0.1151035222166685,6035.98486328125,34.73420715332031,2.8637378872270354,0
s608_rest,0.0363835096359252,0.9879014068936168,0.073486776377184,6379.5126953125,41.38050079345703,3.14895099459741,0
s608_discountFix,0.0460384413599967,0.9861476882955772,0.088507348153315,5524.923828125,37.82413101196289,2.9579395449908086,0
s608_stroop,0.0383152849972248,1.0127191820420418,0.0785395434086968,6130.25732421875,46.441871643066406,3.1314157707756967,0
s608_WATT3,0.0438283048570156,0.9922154277915632,0.0835261475929948,5846.6689453125,38.64209747314453,2.975595522569795,0
s608_stopSignal,0.0372749269008636,0.9965262106299224,0.1091192400697355,5900.93408203125,36.00975799560547,3.0831848744339925,0
s608_twoByTwo,0.0445471405982971,0.9886694658503408,0.1358327988615331,5578.74365234375,33.49592208862305,2.9821914719420675,0
s608_CCTHot,0.0386353619396686,0.9658770581948714,0.1286716933387998,5439.5859375,31.76064109802246,3.0493301914917628,0
s608_ANT,0.0442840717732906,0.9915654093442624,0.0844127485818518,6323.38330078125,40.142433166503906,2.996952686851185,0
s637_surveyMedley,0.0383093878626823,0.9877321410981684,0.0755976632084163,26486.046875,45.45326232910156,3.715862465427044,0
s637_DPX,0.0385162569582462,0.9589924134814136,0.0805533875484904,26010.607421875,37.196327209472656,3.705315689959905,0
s637_discountFix,0.0380351357161998,0.9862654999352052,0.0786082227741644,25948.95703125,41.22390365600586,3.7276216975436887,0
s637_motorSelectiveStop,0.0383294783532619,0.9768201513326544,0.0716912921237967,26114.80078125,42.00852966308594,3.745214185968804,0
s637_stroop,0.0381032861769199,0.9932140405917154,0.0696122910626301,25675.69140625,47.179927825927734,3.7385949348880447,0
s637_rest,0.0377367697656154,0.9457173315319146,0.0867330639276123,27053.525390625,35.418678283691406,3.713918507718461,0
s061_twoByTwo,0.0301883965730667,0.9871408860252662,0.1251342080152287,8904.0634765625,35.52998733520508,3.2639662704960055,0
s061_CCTHot,0.0307788122445344,0.989660709184148,0.1391800127205368,8708.169921875,36.88481140136719,3.283657077158373,0
s061_WATT3,0.0307117328047752,0.9685066463566884,0.1591438284137661,8267.3671875,34.99859619140625,3.289993975265958,0
s061_stopSignal,0.031353298574686,0.9707723008604204,0.1281987159964399,8716.740234375,38.58686065673828,3.2830124373698917,0
s061_discountFix,0.0287144742906093,0.96471912025131,0.1348877085237213,7510.16845703125,31.766109466552734,3.3775321835203034,0
s061_DPX,0.0283067282289266,0.9713235320311076,0.1090200863182251,7809.11083984375,37.00773239135742,3.376167395971985,0
s061_motorSelectiveStop,0.0287417564541101,0.9975245692878932,0.1005034973631044,7857.84033203125,40.26936721801758,3.396631026724145,0
s061_stroop,0.0278419535607099,1.003250818491124,0.105784088596429,8170.76806640625,46.28828811645508,3.3784158860998783,0
s061_surveyMedley,0.0272810366004705,1.0837114504804266,0.1418120309176416,8632.8330078125,36.55005645751953,3.3731615669389097,0
s061_rest,0.0278505813330411,0.9709932283262424,0.1211944870084842,8673.2919921875,37.52947998046875,3.4007255924929267,0
s495_CCTHot,0.0529050827026367,1.0055848459523802,0.0591295107599178,7993.05615234375,41.87834548950195,3.048475290654273,0
s495_ANT,0.0516768805682659,0.9552922844727276,0.0530042476377628,8367.3232421875,36.249122619628906,3.075160577267148,0
s495_rest,0.0498828068375587,0.9592930316004536,0.0740588423930516,8877.3740234375,34.63465881347656,3.1109449698132856,0
s495_WATT3,0.0487666726112365,0.945609632413793,0.0824061293013074,8631.3291015625,37.06556701660156,3.084604180969032,0
s495_twoByTwo,0.0503440760076046,0.9423341291445422,0.0622197407971574,8265.4208984375,35.790924072265625,3.0864666813568236,0
s495_stopSignal,0.0503989867866039,0.9665554802723736,0.0548784639344852,9104.087890625,42.25270080566406,3.102404255314868,0
s495_surveyMedley,0.0421581529080867,0.9950049923322136,0.0560529912265901,10111.53125,44.241065979003906,3.35278874959396,0
s495_stroop,0.0406051389873027,0.9921171439349118,0.0558866515955449,10378.67578125,47.09312057495117,3.3426336139891264,0
s495_DPX,0.0401969850063324,0.9712156542307704,0.0585943544374117,9564.1298828125,37.97277069091797,3.35650969287779,0
s495_motorSelectiveStop,0.0399847254157066,0.9667468952547442,0.0545685993801019,9146.83203125,36.719085693359375,3.3463220276206136,0
s495_rest,0.0375352948904037,0.9817601176879436,0.0834161873868322,9685.2041015625,38.09053039550781,3.4737762978049265,0
s495_discountFix,0.0382561609148979,0.9575561407612778,0.0727687610396709,8449.4130859375,30.44964027404785,3.3870773087902264,0
s609_motorSelectiveStop,0.0478764399886131,0.948027444382022,0.1734034463753256,13082.4365234375,25.942134857177734,2.953923394423996,0
s609_surveyMedley,0.0467636696994304,0.9960073597171384,0.1010779612567617,13324.0751953125,36.467254638671875,2.921050018918215,0
s609_discountFix,0.0420301519334316,0.9587637972943728,0.0962229300217221,12293.412109375,33.22509765625,2.799298247271313,0
s609_rest,0.0442696772515773,0.9726060787234048,0.1280808396892203,11693.9931640625,33.439781188964844,2.7391029810592205,0
s609_stroop,0.0452977120876312,1.0156125206804734,0.0792912525138732,14068.42578125,43.56475830078125,2.813555041438818,0
s609_DPX,0.0462828315794467,0.937656153512774,0.1044699900150337,12307.306640625,26.819602966308594,2.9245237973780926,0
s609_twoByTwo,0.0453207641839981,0.9048818358892128,0.0931673972307104,12383.92578125,28.387407302856445,2.5082704025838405,0
s609_stopSignal,0.0446034856140613,1.0279969086627905,0.0766223501124154,16152.6298828125,44.06184387207031,2.621779694754407,0
s609_CCTHot,0.0429573766887187,0.9871828494208488,0.0914342644657697,15130.0048828125,37.12494659423828,2.6630776250461836,0
s609_WATT3,0.0430907234549522,1.0014028771671015,0.0722407288212989,16307.9873046875,41.366668701171875,2.6723208512546233,0
s609_rest,0.0468521602451801,1.0953176566950336,0.0842617535108588,14678.6142578125,32.01273727416992,2.482937860778166,0
s636_WATT3,0.0174001697450876,1.011247005322967,0.1681257954601731,31833.033203125,37.14854049682617,3.30674420452756,0
s636_twoByTwo,0.0162495411932468,0.9886038377259472,0.1475739675906373,27375.939453125,39.045387268066406,3.337900328624478,0
s636_CCTHot,0.0173801556229591,1.0078227561524822,0.2805816657496977,26979.43359375,33.514225006103516,3.310813266915002,0
s636_stopSignal,0.0168997682631015,1.0017560303346449,0.1237022721614977,26893.369140625,41.704689025878906,3.3018773749397075,0
s636_ANT,0.015897337347269,1.042670028015122,0.1348817445380332,26990.275390625,36.61761474609375,3.315199117843504,0
s636_rest,0.0163860265165567,0.9932711680141858,0.1406357835589824,33802.47265625,40.50944519042969,3.3620712602935043,0
s636_rest,0.0148463156074285,0.9778133448794328,0.1147330511925605,28078.876953125,42.26094436645508,3.5832577001826196,0
s636_surveyMedley,0.0165827125310897,1.0015036993011657,0.1519913253288159,28775.751953125,38.49308395385742,3.506195861704025,0
s636_discountFix,0.0153987184166908,1.0521362177659574,0.2247126551721397,25870.044921875,32.17053985595703,3.5447701810382775,0
s636_stroop,0.0155047876760363,1.0287391105029586,0.1083227077158834,29542.625,46.215431213378906,3.4664887823671946,0
s636_DPX,0.0171328727155923,0.992571825902084,0.1159747062210023,27794.298828125,37.77315139770508,3.464869169965181,0
s636_motorSelectiveStop,0.0180898513644933,0.9801075175991862,0.1212483698057727,28091.474609375,38.834712982177734,3.4302399832781423,0
s631_DPX,0.0333278328180313,0.948219670273723,0.0941388195820937,7562.18408203125,30.213930130004883,3.376008395256395,0
s631_motorSelectiveStop,0.0328926555812358,0.97154861896236,0.1377437798484461,8505.2890625,31.052988052368164,3.4021738742401766,0
s631_rest,0.0312732048332691,0.9517830224680844,0.112109287401163,8245.9306640625,29.38464736938477,3.490650116737366,0
s631_surveyMedley,0.0341751016676425,0.9828542103517596,0.1455367661830971,8592.8466796875,33.73366928100586,3.4540675185807683,0
s631_stroop,0.0331057347357273,0.9949607117159772,0.1225221693683797,8543.296875,36.746280670166016,3.4566523060263576,0
s631_discountFix,0.0316940993070602,0.9639498394372306,0.0944663645275887,7851.95849609375,34.2502326965332,3.45894315134431,0
s631_twoByTwo,0.0313143990933895,0.957118370019474,0.1633568388307937,8103.6669921875,29.564727783203125,3.4304299502942897,0
s631_ANT,0.0316608659923076,0.95683031965338,0.2242108994132707,8458.7939453125,24.13912582397461,3.3876275354900343,0
s631_rest,0.0313597694039344,0.9738105340851068,0.212983996303398,7508.67431640625,24.656681060791016,3.489941105601909,0
s631_CCTHot,0.0326357781887054,0.9629963865575504,0.4996271966481169,8638.2080078125,21.795156478881836,3.399232000483491,0
s631_WATT3,0.0316712148487567,1.0097832220275356,0.2152045296800056,8810.48828125,29.88830947875977,3.376314231397755,0
s631_stopSignal,0.0332595109939575,0.9853402195533988,0.4167916786974378,8725.9658203125,24.022708892822266,3.4350949533549975,0
s638_stopSignal,0.025540042668581,0.985923278661418,0.0872858132666433,11890.572265625,40.29433822631836,3.615412273730127,0
s638_ANT,0.0257687959820032,0.9835423648244,0.0939360620010018,12306.224609375,39.00047302246094,3.6334322455479695,0
s638_twoByTwo,0.0267329066991806,0.9688983068707492,0.1051155766077619,11853.326171875,33.69107437133789,3.5709145063830037,0
s638_rest,0.0276764594018459,0.9780080038581552,0.0905249494426796,12523.521484375,35.60373306274414,3.591249274429641,0
s638_CCTHot,0.0248813014477491,0.9808824712916115,0.1076350434617939,12141.6904296875,36.2686767578125,3.607526952618614,0
s638_WATT3,0.0258009303361177,0.992724626986755,0.1225007059366339,11756.0185546875,36.439022064208984,3.5897731726796365,0
s638_surveyMedley,0.0305793061852455,0.9850556460232944,0.0893188055919797,14118.3095703125,41.064212799072266,3.503951170933917,0
s638_DPX,0.0335047356784343,0.9769246490752496,0.1946428341888507,11473.2109375,26.033935546875,3.7229305732961504,0
s638_rest,0.0311211738735437,0.983209833092199,0.0895266701657875,14606.10546875,37.56025695800781,3.49782070380412,0
s638_motorSelectiveStop,0.0324728041887283,0.9892614520345872,0.2091555374370731,11330.501953125,25.030014038085938,3.726686440183454,0
s638_stroop,0.0339488945901393,0.9919046917431196,0.0738515361058693,11736.93359375,45.70060729980469,3.795671513799101,0
s638_discountFix,0.0313506759703159,0.9749242451560832,0.0986573953015353,14030.5595703125,34.08736038208008,3.535528954785228,0
s607_rest,0.0277787875384092,0.9821412960000002,0.0507163054583049,28156.92578125,48.855804443359375,3.580668342132959,0
s607_surveyMedley,0.0285736937075853,0.9914055033111476,0.0571791931429431,26034.27734375,50.608943939208984,3.504967336368617,0
s607_DPX,0.030308635905385,0.9648584232094288,0.050078054682579,22725.583984375,42.67953109741211,3.464235180100826,0
s607_motorSelectiveStop,0.0288712456822395,0.9776392145167856,0.0551256519159197,24670.216796875,44.46516418457031,3.515701150021723,0
s607_discountFix,0.0292191300541162,0.968324848349308,0.0562440011884307,25998.87890625,44.61674880981445,3.527316567924972,0
s607_stroop,0.0291500780731439,1.0049000638757402,0.0591467430695574,24587.25390625,53.60670471191406,3.505863315928702,0
s607_WATT3,0.0495722778141498,0.9870568820165756,0.0571481565009654,12349.0341796875,37.657257080078125,3.2104008509696564,1
s607_rest,0.0438626185059547,0.9645185472907812,0.0622618030549687,13769.0478515625,35.020912170410156,3.3170726962439185,0
s607_twoByTwo,0.0475236847996711,0.9672905771234198,0.0556667606715159,12298.416015625,34.296607971191406,3.2605846667390916,1
s607_stopSignal,0.0430840216577053,0.9721920108447928,0.0536173762315021,13631.2197265625,43.57053756713867,3.302169436970615,1
s607_CCTHot,0.0477456972002983,0.9683696676960788,0.0516112810522254,12070.220703125,39.06196594238281,3.2262534862172845,1
s600_discountFix,0.0658740848302841,0.911454982328327,0.334259591071955,5704.93408203125,17.176433563232422,2.7294856534934233,0
s600_rest,0.0608970522880554,1.0087082704822712,0.1298450203044707,7089.8515625,31.71764755249023,2.665831390787709,0
s600_motorSelectiveStop,0.0655576437711715,0.9525199242828094,0.144304585659854,5863.9326171875,24.050077438354492,2.627197506496038,0
s585_discountFix,0.0240660607814788,0.9534379177619544,0.0656470796392357,15640.783203125,34.83937454223633,3.547982161517947,0
s585_stroop,0.0226691477000713,1.0001305026627216,0.0610256095799113,17080.203125,46.97504806518555,3.580651714240569,0
s585_motorSelectiveStop,0.0228669345378875,0.9674591630315368,0.0616596922661628,17579.365234375,35.75558853149414,3.5252019964264236,0
s585_DPX,0.024628447368741,0.9673948617407052,0.0529801190929789,13945.3349609375,38.20929718017578,3.5144968470350575,0
s585_rest,0.0227247066795825,0.9886353172056732,0.0433225869361092,17408.646484375,42.97235870361328,3.516081009307447,0
s585_surveyMedley,0.0235536079853773,0.9957320294841934,0.074794361855634,16082.6787109375,44.089134216308594,3.5438204620355704,0
s585_CCTHot,0.0195688549429178,1.0091356742510114,0.0691979549142734,18223.36328125,41.669639587402344,3.5076812480212523,0
s585_rest,0.021164258942008,0.981127332921986,0.0487582837254951,18773.810546875,41.89531707763672,3.4712442135325245,0
s585_stopSignal,0.0204250570386648,0.9948483113188976,0.046696162223874,17665.86328125,45.33465576171875,3.5331784156028525,0
s585_twoByTwo,0.0205206125974655,0.9542231972781654,0.0689726357618389,15907.7724609375,31.93012428283691,3.482179268003508,0
s585_ANT,0.0210116673260927,0.9711078933102252,0.0593732196066028,16212.4873046875,43.03335952758789,3.4936376941033846,0
s585_WATT3,0.0191662795841693,0.9864378807593128,0.0700032499176409,18941.50390625,40.87548828125,3.5115692802780663,0
s582_rest,0.0342423468828201,0.9736743561134736,0.1243513750951196,8708.244140625,36.223419189453125,3.782980166755934,0
s582_surveyMedley,0.0341127179563045,0.9884450905657244,0.0850902567485795,8669.9130859375,42.75228118896485,3.7537528134568703,0
s582_motorSelectiveStop,0.0403815768659114,0.9508009097965422,0.1576812498444978,6432.7548828125,24.759841918945312,3.7567953995314465,0
s582_stroop,0.0397309213876724,0.9848733631952666,0.1072320839052538,7510.66552734375,36.51255798339844,3.8160265614227913,0
s582_DPX,0.0366296134889125,0.9447066288304612,0.1505137384869455,7243.50927734375,28.991863250732425,3.834100837000082,0
s582_discountFix,0.0343706011772155,0.9863000043266172,0.0931125174372246,7812.5576171875,36.64238739013672,3.7701137252927337,0
s582_twoByTwo,0.0308707039803266,0.9424797974829936,0.1896348244551194,5790.16943359375,25.453527450561523,3.55268412730176,1
s582_stopSignal,0.0275197625160217,0.9881693311023624,0.1040341914321809,5868.96875,36.95709609985352,3.4831932220209705,1
s582_ANT,0.0315473787486553,1.0290019577777778,0.2201505570322666,6548.7138671875,29.503463745117188,3.51530559528073,1
s582_WATT3,0.026187302544713,0.991689077553366,0.1064071326768509,6603.1669921875,39.23611831665039,3.4029183192764307,1
s582_CCTHot,0.0286456309258937,1.0978365881662266,0.1327892740689697,6245.416015625,32.94886016845703,3.538482041820089,1
s582_rest,0.0291082821786403,0.9846769762127672,0.1353490433683809,6653.2060546875,37.537166595458984,3.4252434208515927,0
s549_stroop,0.0313821211457252,0.999698455147929,0.0508353191929026,17187.208984375,53.09593963623047,3.60687494013056,0
s549_rest,0.0360510908067226,0.9936534238156034,0.055408575917619,18105.5,44.14706802368164,3.658586646568025,0
s549_discountFix,0.0317400470376014,1.0060394410622335,0.0728156501290579,15716.3310546875,37.16239547729492,3.612866851656209,0
s549_DPX,0.0335437916219234,0.9819021774433376,0.0617513473046125,16014.1015625,35.953311920166016,3.56445019504118,0
s549_motorSelectiveStop,0.0335517860949039,1.005067539603257,0.062221939884846,17096.73046875,38.562538146972656,3.5736297680591154,0
s549_surveyMedley,0.0319918394088745,0.9891738780033276,0.0570596712485052,16553.701171875,44.95631790161133,3.570720923553165,0
s549_CCTHot,0.0396345257759094,0.991238442768903,0.089272223404109,14340.8857421875,32.64860534667969,3.3313834682056376,0
s549_ANT,0.0396253764629364,0.9974096752173924,0.0993079396095062,13451.8046875,34.09726333618164,3.316664595193774,0
s549_stopSignal,0.0357850641012191,0.9971434738623328,0.0762242025006912,15744.615234375,44.76388168334961,3.3617050287776618,0
s549_WATT3,0.0364813394844532,0.991173885263804,0.0654311200079385,14240.8720703125,43.889774322509766,3.312800722590073,0
s549_rest,0.0412134379148483,0.9863025573333344,0.0684828319669558,15440.046875,46.33103561401367,3.290635420051911,0
s549_twoByTwo,0.0370142273604869,1.00704545861933,0.0737291916857926,13829.869140625,41.66485595703125,3.290328021435488,0
s525_DPX,0.0271007400006055,0.9793724962828652,0.0657349972269783,8075.36279296875,35.413719177246094,3.2122489601981443,0
s525_surveyMedley,0.0273599252104759,1.0370966724126454,0.0645345191124283,7796.4921875,37.563114166259766,3.2970263411339764,0
s525_motorSelectiveStop,0.0230660494416952,1.0209155128992882,0.0571745132459365,7444.7890625,34.700923919677734,3.339769363321792,0
s525_rest,0.0247810669243335,1.0022547827659567,0.0551409369377112,8300.861328125,38.78386306762695,3.2372993164524844,0
s525_stroop,0.026269732043147,1.0308353879228491,0.0579981646742442,8197.8115234375,42.2667350769043,3.2416247383776207,0
s525_discountFix,0.0226647518575191,1.0150227211608105,0.0613410714464847,7786.6904296875,36.93451690673828,3.3937568085800267,0
s525_stopSignal,0.0315080396831035,1.0582171191451295,0.0589009548147517,8430.611328125,39.02517318725586,3.4796728672149544,0
s525_WATT3,0.032341580837965,1.0056703801321012,0.0734011479004304,8405.6328125,35.291107177734375,3.504914315420508,0
s525_ANT,0.031949333846569,1.0485939139168112,0.0555167628619589,8094.5869140625,40.24446487426758,3.501727511824113,0
s525_CCTHot,0.0321807228028774,1.0093796253711198,0.0655970977617454,8608.771484375,37.2611198425293,3.4713500564698294,0
s525_rest,0.0263066608458757,0.9771061190496442,0.056082352125124,8368.1015625,36.14814758300781,3.6606270034655566,0
s525_twoByTwo,0.0330943837761879,0.992445338581146,0.058067313214077,7990.6435546875,35.68424987792969,3.4543500983567204,0
s373_rest,0.1033341065049171,0.9558774323404248,0.0731565056053743,904.6456298828124,20.52728843688965,2.2533129725261904,0
s373_stopSignal,0.1292544603347778,0.8842168121230161,0.0679081788016743,574.6533203125,16.456850051879883,2.202183011248142,1
s373_ANT,0.1077911332249641,0.9894106968566178,0.0646089779949432,834.7816772460938,27.41010856628418,2.202882921805057,1
s373_twoByTwo,0.1061077415943145,0.9644317183867832,0.0691480633736023,669.296875,21.724355697631836,2.253472422276469,1
s373_WATT3,0.1050518974661827,0.9854030083235652,0.0794480316218494,690.6632080078125,22.102672576904297,2.265101930563083,1
s373_CCTHot,0.1175735220313072,0.8910123283566419,0.0678648642037365,614.1348266601562,17.86014175415039,2.2029508660490453,1
s373_DPX,0.0621130503714084,0.9819104204895732,0.149600395390476,3981.4453125,27.92686462402344,3.03769614140349,0
s373_discountFix,0.0608561150729656,0.9791759965469906,0.1423299584905192,4018.752197265625,29.083431243896484,3.036596485312968,0
s373_surveyMedley,0.0594280995428562,0.991875395823628,0.1200014017021226,4217.2685546875,30.091232299804688,3.0634895866809,0
s373_rest,0.0571941062808036,0.97999846929078,0.0732339335405099,4929.0205078125,36.98797607421875,3.0879760386244786,0
s373_motorSelectiveStop,0.059193205088377,0.9797941660020344,0.1163140120425766,3988.107421875,28.690113067626953,3.0437319612659226,0
s373_stroop,0.05801772326231,0.9907641005029588,0.080038167697643,4849.58154296875,42.203338623046875,3.088068857856891,0
s513_rest,0.0370802916586399,0.9952398146382992,0.0591518897226774,17184.5625,51.49418640136719,2.9735405694831796,0
s513_stopSignal,0.0350971445441246,1.0251841946845124,0.0883387050677962,16475.50390625,44.05859375,2.973734946730215,0
s513_WATT3,0.0355452895164489,0.969863570720108,0.0816474115314899,16287.3037109375,42.73738861083984,2.88183625913524,0
s513_ANT,0.033357884734869,1.0208915318808194,0.0901930214431581,17625.5859375,39.50570297241211,2.858095474029093,0
s513_CCTHot,0.0327388681471347,0.9878474635588962,0.0753025177912709,16693.001953125,39.1037712097168,2.890772093188254,0
s513_twoByTwo,0.0340762734413147,0.9999246287366372,0.1068694585171489,17739.720703125,41.78659439086914,2.940996704959024,0
s513_surveyMedley,0.0345333144068717,0.983742701996671,0.1128117719082203,14600.345703125,34.22475814819336,3.484384783251343,0
s513_rest,0.0291229989379644,1.0562043049219845,0.0884296481461126,15853.2041015625,34.54154968261719,3.472014184307359,0
s513_DPX,0.0335330963134765,0.9454774340525834,0.0821734594369942,12156.47265625,29.88862037658691,3.5882353545901067,0
s513_motorSelectiveStop,0.0352835096418857,1.0526297176398776,0.0765410914280916,15803.974609375,35.9900016784668,3.411305877890844,0
s513_discountFix,0.0354932621121406,0.9875815222914336,0.0953445719105366,16932.986328125,38.36829376220703,3.429800184311437,0
s513_stroop,0.0352151095867157,1.0040529964497036,0.0721299955449535,17796.521484375,50.117679595947266,3.4462085263831788,0
s577_rest,0.0511829741299152,0.9865635578865242,0.0518738391626258,7484.36328125,40.97908020019531,2.9049884326856485,0
s577_CCTHot,0.0509219691157341,0.995566989563492,0.0522448283633495,7763.42724609375,42.81924057006836,2.9106691161014333,0
s577_ANT,0.0517118200659751,0.983117304422736,0.0472773652073788,7572.79150390625,44.81090545654297,2.8677181426316376,0
s577_stopSignal,0.0499457158148288,0.9940827762890628,0.054170343013651,7570.087890625,44.712158203125,3.0279269289564215,0
s577_twoByTwo,0.0538210645318031,0.9837806967485274,0.0658547434942957,6727.697265625,33.40806198120117,2.9303007518494777,0
s577_WATT3,0.0511813126504421,0.9886072487361964,0.0618572402810983,7243.10693359375,41.202674865722656,3.031725035334377,0
s577_DPX,0.0473586693406105,0.9833728481867638,0.0783058381853595,7460.0380859375,39.613128662109375,3.168699920654882,0
s577_stroop,0.0474685057997703,1.0024311844970426,0.086368960577561,7342.08984375,44.348724365234375,3.1642475880405527,0
s577_motorSelectiveStop,0.0475969538092613,0.961279434394709,0.0884991564776278,7449.02490234375,34.86127853393555,3.1485418957159457,0
s577_discountFix,0.0475136712193489,0.9898908865987124,0.0854569299605272,7450.8994140625,38.49797058105469,3.187712087353363,0
s577_rest,0.0464242659509182,1.0069212643404253,0.1443307745237192,8077.5068359375,38.19021224975586,3.188047001074652,0
s577_surveyMedley,0.0461815595626831,0.9965971184692192,0.072847770757815,7336.65576171875,43.99955749511719,3.1783391104547434,0
s583_discountFix,0.042270228266716,0.9616401437895812,0.0937595898157298,9493.1328125,34.61683654785156,3.293833402546583,0
s583_DPX,0.0427562594413757,0.9441156863372616,0.0907152616826343,8645.689453125,31.837467193603516,3.280951918636669,0
s583_surveyMedley,0.0424634329974651,0.9897986448252916,0.0912113180685981,9775.0654296875,39.69211196899414,3.278735885917246,0
s583_rest,0.0414728075265884,0.9744456242553192,0.0853092881354348,10169.61328125,36.045379638671875,3.299002316380881,0
s583_motorSelectiveStop,0.0429027266800403,0.9582572254425236,0.0892224262018858,9149.21484375,35.09467315673828,3.2886664389775793,0
s583_stroop,0.0417382158339023,0.9912326305029592,0.0768593001878894,10050.5634765625,45.602928161621094,3.296883951556957,0
s583_rest,0.0431186445057392,0.966513429177305,0.0815152302840583,12816.0263671875,39.314430236816406,3.166387713911584,0
s583_WATT3,0.0423593968152999,1.011919376438515,0.0857697315114275,12708.0703125,42.7972297668457,3.1802363538408778,0
s583_stopSignal,0.043426290154457,0.9878709647609948,0.0751879744543142,11717.451171875,46.66658782958984,3.157519416066041,0
s583_ANT,0.0453778132796287,0.9835830594627384,0.0821637047273819,11605.46484375,44.03469467163086,3.136186511839612,0
s583_CCTHot,0.0430526062846183,0.9830166247274436,0.0885933236132443,11478.9345703125,43.266815185546875,3.106473103054035,0
s583_twoByTwo,0.0435633845627307,0.995081438309038,0.0832424215145126,11273.4775390625,39.89957427978515,3.1169674112329675,0
s548_DPX,0.0413624309003353,0.9603000087398,0.0615581851891797,5613.4482421875,36.20460510253906,3.0598646242545544,0
s548_stroop,0.0408450998365879,1.0019059870278637,0.0604834956592188,5819.10791015625,46.59706115722656,3.053943396780716,0
s548_motorSelectiveStop,0.0415557958185672,0.959910321864755,0.066071003638155,5980.52001953125,36.25708770751953,3.051386755380535,0
s548_discountFix,0.0423354320228099,0.9811321630678136,0.0720162015440168,5322.3916015625,33.69624328613281,3.023897934878219,0
s548_rest,0.0419834032654762,0.9846282487659566,0.066565612047845,5949.10546875,36.41189956665039,3.0697869227747385,0
s548_surveyMedley,0.0417003072798252,0.9687436083194676,0.0760119978194338,6243.5673828125,38.887699127197266,3.052347301998239,0
s548_WATT3,0.0295301415026187,1.0082706483976611,0.1002780681010122,6818.40087890625,38.761512756347656,3.1853955648353134,0
s548_CCTHot,0.0283272229135036,0.9783254958904108,0.0967067497994535,6703.1767578125,38.18706512451172,3.177877424850378,0
s548_twoByTwo,0.0295404624193906,0.955193059543246,0.0793065618067679,6944.57763671875,36.02784729003906,3.2170166372914504,0
s548_ANT,0.029804453253746,0.9999198477037038,0.0814652250676688,7173.4873046875,41.770057678222656,3.220861588903466,0
s548_rest,0.030741749331355,0.9876726977588643,0.0692709726053379,7052.6748046875,38.58655548095703,3.207277436561897,0
s548_stopSignal,0.0302039384841918,1.0063007229862475,0.0801544910501818,6894.51611328125,42.401798248291016,3.1848429927748483,0
s584_rest,0.028342567384243,0.9963537319148944,0.0896929969933028,11850.2216796875,43.22562789916992,3.675840366187296,0
s584_motorSelectiveStop,0.0289541408419609,1.0031253073855528,0.1058887752387152,11738.7373046875,38.16698455810547,3.730673409398304,0
s584_stroop,0.0284359287470579,1.0083766043491127,0.0861636954458962,11343.322265625,44.486907958984375,3.7445036394343334,0
s584_surveyMedley,0.0264905914664268,0.99099353076539,0.1080093870446505,11832.798828125,41.142822265625,3.751720564514268,0
s584_DPX,0.0294693373143672,0.9894404275339987,0.0956006328935879,11758.6982421875,37.545223236083984,3.573060230823049,0
s584_discountFix,0.0269386861473321,0.9917977811839318,0.1122103350108228,11217.3447265625,39.10541534423828,3.759452209212203,0
s584_twoByTwo,0.0206205267459154,0.982263095208941,0.1196947015437982,11012.9990234375,35.05497741699219,4.133492262214002,0
s584_WATT3,0.0266426652669906,0.9729142328265766,0.1788825110913666,11564.583984375,28.695274353027344,3.847950706673109,0
s584_CCTHot,0.017630023881793,1.0030561481002636,0.1219964204044593,13690.6240234375,35.79864501953125,4.079159913914116,0
s584_stopSignal,0.026228092610836,1.0088625201796408,0.1342406103937237,12215.419921875,34.96215057373047,3.8242478121252046,0
s584_ANT,0.0201490260660648,1.0010242008303882,0.1273193941100765,11772.5263671875,35.81382751464844,4.105104033581538,0
s584_rest,0.0226750783622264,1.0341620164113456,0.1081019393364288,13960.669921875,41.1617317199707,3.819717006626728,0
s570_ANT,0.0461576655507087,0.9700002200000004,0.0761218285812888,8607.849609375,36.330589294433594,3.531419762764371,0
s570_stopSignal,0.0462587475776672,0.9983480479158696,0.0782435278222232,9519.224609375,40.98291778564453,3.5762900234070525,0
s570_rest,0.0477708876132965,1.0011385447375891,0.0756347269727975,9227.833984375,34.93400573730469,3.565832058346786,0
s570_twoByTwo,0.0461583510041236,0.9733416926447118,0.1046778992622479,9221.712890625,34.72120666503906,3.537073839489348,0
s570_WATT3,0.0451159588992595,0.9949694886991868,0.0978438605168252,8462.9111328125,34.56048583984375,3.5577370871743264,0
s570_CCTHot,0.0460646152496337,0.9960770347643432,0.1023010725327405,8586.9150390625,33.0806999206543,3.54561287693128,0
s570_rest,0.0529380179941654,0.9872846149787228,0.07317213937394,10668.900390625,40.356895446777344,3.5272055138460185,0
s570_discountFix,0.0556645207107067,0.9718745054811708,0.1464521327729995,10938.541015625,30.375591278076172,3.6105883138226575,0
s570_DPX,0.0615694858133792,0.9929167353762453,0.1346465761124982,11405.7607421875,32.28776550292969,3.509478404444542,0
s570_surveyMedley,0.0622223168611526,1.0047193861769603,0.0990969142219659,11735.15234375,38.274925231933594,3.4940339324828265,0
s570_motorSelectiveStop,0.0550003163516521,1.008626573499491,0.0967726348166193,9952.578125,36.5043830871582,3.5494155160800513,0
s570_stroop,0.0620990321040153,1.2135870051479285,0.1661313579295848,11407.0341796875,34.995296478271484,3.521389115817383,0
s546_twoByTwo,0.0368516854941844,0.972198088843138,0.0606284710020897,15521.5732421875,34.03940963745117,3.278679958878912,0
s546_ANT,0.035562478005886,0.9814477113224636,0.073085521520824,16904.966796875,36.26652908325195,3.274288606424011,0
s546_stopSignal,0.0358487777411937,0.9900685894465646,0.06818408911404,16994.2265625,37.01741790771485,3.2801881693342168,0
s546_WATT3,0.0357687808573246,0.97365127496,0.0709615296974072,17442.408203125,34.8467903137207,3.2585017233878526,0
s546_rest,0.0355195850133895,0.969207530992908,0.0560439288311334,18016.994140625,37.75008392333984,3.2640585275856573,0
s546_CCTHot,0.0357253327965736,0.9457521291789228,0.0744031583203855,15502.4775390625,31.290830612182617,3.266758105189253,0
s546_DPX,0.0336388275027275,0.9803940069216776,0.0868352316122157,16021.2021484375,31.416032791137695,3.5027440595040544,0
s546_rest,0.0327217690646648,0.9791365808226952,0.054741889744376,16731.06640625,38.042198181152344,3.4664719494596548,0
s546_discountFix,0.0344378799200058,0.9911529297710698,0.0879088682824043,14900.9853515625,34.23748779296875,3.4680821734668172,0
s546_surveyMedley,0.0343041159212589,0.9824968570881863,0.1257811198915483,15828.9345703125,34.947227478027344,3.453240165855106,0
s546_motorSelectiveStop,0.0335779562592506,0.97566375224822,0.1264558096060843,15768.4873046875,31.100980758666992,3.462793731013314,0
s546_stroop,0.0331461019814014,0.9650368445151514,0.0769010519939185,16122.97265625,35.25812530517578,3.479449866128987,0
s579_CCTHot,0.0268283654004335,0.9785203172406648,0.120047951239035,20789.525390625,33.674888610839844,3.6191351476244336,0
s579_WATT3,0.0233228467404842,1.0019453052724785,0.1107006452902126,20932.537109375,38.370582580566406,3.6164364017903505,0
s579_rest,0.0233607236295938,0.9837155408510628,0.0887358771384578,20503.326171875,37.87808990478515,3.640474279842721,0
s579_ANT,0.026096286252141,1.0016365199999997,0.0798054384797043,20217.111328125,41.70063018798828,3.6630414296487905,0
s579_twoByTwo,0.0274513512849807,0.9638985569069068,0.104129734318314,19302.68359375,33.7563362121582,3.592188091380441,0
s579_stopSignal,0.0267628598958253,0.980204060638724,0.143953524724307,19813.01171875,32.43507385253906,3.639408513402545,0
s579_discountFix,0.0351302027702331,0.9649443960935904,0.1105837180121642,15023.3896484375,30.986772537231445,3.547510731368834,0
s579_stroop,0.0360063426196575,0.990204917218934,0.1105113407885625,17329.150390625,37.62133026123047,3.593715583960316,0
s579_motorSelectiveStop,0.0318067073822021,0.9908044020345882,0.131921678425796,15290.9814453125,31.943347930908203,3.5618205966895613,0
s579_DPX,0.0374096408486366,1.0004745235539432,0.2178727367221146,15240.4833984375,25.673219680786133,3.580110403095139,0
s579_rest,0.0302108507603406,1.0091719015035452,0.1165960082147409,16384.646484375,35.08924865722656,3.606277536820749,0
s579_surveyMedley,0.0351291596889495,1.0028818622961733,0.0962714904351973,16791.365234375,40.122703552246094,3.598908894087003,0
s541_ANT,0.0188858341425657,0.9924851122095234,0.0623982919762622,10245.1416015625,46.25286865234375,3.859298017428088,0
s541_WATT3,0.0184811279177665,0.9763123420415212,0.0741369949596519,10277.5205078125,40.405250549316406,3.8662390182276103,0
s541_rest,0.0195599012076854,0.9762403130070926,0.0658480098922303,12304.4501953125,40.56046676635742,3.9147541425555024,0
s541_CCTHot,0.0184206552803516,0.9708663432183906,0.0624931276342679,12050.779296875,40.20667266845703,3.877129647362602,0
s541_stopSignal,0.0183672122657299,0.9937654861478614,0.060367360893929,10297.693359375,45.38148498535156,3.872430624465275,0
s541_twoByTwo,0.0179323609918355,0.969022421992224,0.0671721440361398,9639.1904296875,38.178565979003906,3.882418501000235,0
s541_motorSelectiveStop,0.0212390385568141,0.9710003639064088,0.0689256429400462,10682.9501953125,42.82132339477539,3.825068355470132,0
s541_DPX,0.0238501820713281,0.9309575737534008,0.1983495485460898,8584.111328125,26.751039505004883,3.8397140745105536,0
s541_stroop,0.0234506279230117,0.994337709970414,0.0716590417709424,10286.5908203125,47.87990951538086,3.8647946384310856,0
s541_rest,0.0212958939373493,0.976476755872341,0.0716652129274896,11146.466796875,44.95722579956055,3.804099508329107,0
s541_discountFix,0.0230214446783065,1.0032522184897514,0.1131722104335973,9740.8544921875,35.10022735595703,3.901400283662413,0
s541_surveyMedley,0.0207080580294132,0.9950486909484192,0.0792096310154671,10723.1767578125,44.83384323120117,3.8178744324467977,0
s512_surveyMedley,0.0277803782373666,1.0026192436941586,0.1189097480649827,30922.4921875,38.320030212402344,3.3269099267200373,0
s512_stroop,0.0288557019084692,1.052247062366864,0.0877896088468446,31228.740234375,46.56449890136719,3.2940044089240055,0
s512_DPX,0.028898574411869,0.991534349283772,0.2570473599805117,26677.2265625,24.32497787475586,3.366996460974672,0
s512_motorSelectiveStop,0.0317570306360721,1.0010559130935264,0.2545137701020692,24952.98828125,25.553619384765625,3.414068458238187,0
s512_discountFix,0.0315779447555542,0.9956359091889008,0.1575528562325361,27004.505859375,28.198486328125,3.391550484503844,0
s512_rest,0.0295187756419181,0.9894148728085104,0.129677680267152,31847.501953125,35.04273986816406,3.3066700929715234,0
s512_CCTHot,0.0210847631096839,0.9610623858671176,0.0781393706370459,28455.109375,36.76793670654297,3.117044968310814,0
s512_stopSignal,0.0215955357998609,1.006709738297455,0.0784148912621011,28848.462890625,39.75228118896485,3.134117702804492,0
s512_WATT3,0.0221858322620391,0.9862378935360676,0.0828979394374016,29386.69921875,40.933441162109375,3.1337842660151063,0
s512_rest,0.0263329613953828,0.9833956293900716,0.0662958893022433,29274.111328125,41.42893981933594,3.119412825072029,0
s512_ANT,0.0215830709785223,0.998874383431734,0.0974318666922994,31714.451171875,41.434661865234375,3.122586726208882,0
s512_twoByTwo,0.0216962341219186,0.9782782860098032,0.0883068650091162,24865.93359375,36.550994873046875,3.1474764324279496,0
s524_motorSelectiveStop,0.0392111428081989,0.9448829967751782,0.128488030393133,16294.4873046875,26.53662109375,3.020937060169957,0
s524_stroop,0.037001758813858,0.993401188431953,0.1181246158375902,18328.45703125,36.74591064453125,3.049952044620193,0
s524_surveyMedley,0.0374065600335598,0.9651762093677214,0.0846551729216466,18189.271484375,36.63736724853515,3.020589667980313,0
s524_DPX,0.0380603745579719,0.9793127361468712,0.1301472907244757,17346.3515625,30.027660369873047,3.053353945703225,0
s524_discountFix,0.038855917751789,0.9579493659531404,0.1329435859883799,17237.41796875,28.51680374145508,3.066511157236573,0
s524_rest,0.0413666702806949,0.9722532925673766,0.1328856730796394,15708.3720703125,30.490455627441406,2.941933203487025,0
s524_ANT,0.0331716388463974,1.000800630875912,0.1270826738723955,16936.291015625,37.52422332763672,2.964341321147774,0
s524_CCTHot,0.034243494272232,1.0110495863503657,0.1009123191843222,16733.396484375,46.32864761352539,2.912235695806234,0
s524_stopSignal,0.0330116786062717,0.9976677449521986,0.100199331627963,14460.115234375,43.8787841796875,2.9266323955741957,0
s524_rest,0.0346490927040576,0.9865064927801416,0.1125962278639829,15429.4384765625,38.54337310791016,2.9371156188256995,0
s524_twoByTwo,0.0341733284294605,0.9824172736978128,0.1060068928490402,15379.1435546875,41.89543914794922,2.946859684808358,0
s524_WATT3,0.0329459011554718,0.9972161329526922,0.1012414874337507,15835.91015625,45.70948028564453,2.9968582467039746,0
s558_stroop,0.0330207422375679,1.000419216538462,0.1200355811185629,12178.302734375,41.8487663269043,3.3648489364421637,0
s558_motorSelectiveStop,0.0328168086707592,0.9744062499491346,0.1008445420558938,12005.806640625,36.404685974121094,3.336758168013344,0
s558_surveyMedley,0.0320188179612159,0.9894607226123122,0.1116557896849542,12440.615234375,38.50761795043945,3.3977535399682353,0
s558_rest,0.029455292969942,0.9838866860992904,0.0795010060143218,13170.2587890625,38.22175216674805,3.4725932404965794,0
s558_discountFix,0.0327818542718887,0.974381743479146,0.1026799449951643,11809.7666015625,35.054168701171875,3.389609123180383,0
s558_DPX,0.031346570700407,0.9757472403626468,0.1139235828251555,12442.7578125,34.15864562988281,3.4391130816295834,0
s558_CCTHot,0.037422776222229,0.9859172551741304,0.1271723987427601,10746.5283203125,37.91435241699219,3.2529185272222856,0
s558_twoByTwo,0.0406045727431774,0.9810644668441824,0.095224430429061,9519.3681640625,39.374114990234375,3.2132752561394424,0
s558_WATT3,0.0393764935433864,0.9690346368795176,0.1049571593873882,10836.5419921875,38.12690353393555,3.218706042176964,0
s558_stopSignal,0.040520753711462,0.9863982153543308,0.1209808147903225,11271.21484375,41.94832611083984,3.254595849199432,0
s558_ANT,0.0399088859558105,0.9886294035741444,0.1036961075259318,10794.3203125,42.96501922607422,3.2161395372748816,0
s558_rest,0.0419467762112617,0.9802378978865248,0.1167966147056318,11688.0048828125,39.97097396850586,3.250364663806224,0
s593_rest,0.062994509935379,0.971666960851064,0.0656496322376677,10617.5,37.32815170288086,2.379833155772799,0
s593_surveyMedley,0.0593880824744701,0.974047785058236,0.0644328232902371,10858.8359375,40.39971160888672,2.363560162288894,0
s593_discountFix,0.0611368045210838,0.9740251518360642,0.0677998467873346,9746.4970703125,34.987606048583984,2.3196608565076535,0
s593_motorSelectiveStop,0.0597503744065761,0.9873229605834188,0.0573964619644563,10068.6103515625,40.119285583496094,2.343309415141522,0
s593_DPX,0.0608502440154552,0.9788992150861284,0.0626191339287404,9511.447265625,38.18644714355469,2.3178812632151775,0
s593_stroop,0.0592489540576934,1.0002028808875738,0.0498986359405677,10203.2421875,48.89630508422851,2.355482602705199,0
s593_ANT,0.0609138272702693,0.997479736224678,0.0708765302720302,10593.7841796875,42.67920684814453,2.4712074409053093,0
s593_WATT3,0.062166042625904,1.0008197597011494,0.0695695042556272,10211.6513671875,40.70952224731445,2.4358699127397707,0
s593_stopSignal,0.0602775663137435,0.9780224959845566,0.073910813921856,11242.0576171875,39.143760681152344,2.4437539302250495,0
s593_CCTHot,0.0609653480350971,0.9817968621819968,0.0632073046405105,10002.5654296875,43.61131286621094,2.4557037270236464,0
s593_rest,0.061508685350418,0.9974098770921968,0.0593041510353408,11102.994140625,44.42826843261719,2.4780545360437034,0
s593_twoByTwo,0.0608910918235778,0.995323531282052,0.0739028209168076,10149.6005859375,41.77055358886719,2.4662326799166583,0
s567_CCTHot,0.0276845004409551,1.0434086475591533,0.1856451297946705,9409.693359375,31.19034767150879,3.4315752109414377,0
s567_twoByTwo,0.0280824415385723,0.9573370589795918,0.1439891254944726,8749.7138671875,33.6564826965332,3.429189533146016,0
s567_stopSignal,0.0268281977623701,0.9747790169789664,0.1494892617407169,10087.544921875,37.99027633666992,3.5107618604783983,0
s567_rest,0.0270126201212406,0.952282962524822,0.1414088840192886,10519.3759765625,32.5509147644043,3.5139275293697168,0
s567_ANT,0.0265903454273939,0.9898348373345588,0.2111311364139252,9721.12109375,35.35417938232422,3.513335947537175,0
s567_WATT3,0.0274672787636518,0.9759888311738651,0.1534649816274974,9904.1708984375,33.28733444213867,3.465541689815999,0
s567_stroop,0.0225439965724945,0.965866438792569,0.155399992765826,10802.7431640625,37.213584899902344,3.37130107557147,0
s567_rest,0.0220447778701782,0.9894584166666676,0.1610892570200034,10535.2412109375,31.381149291992188,3.3738849722231543,0
s567_surveyMedley,0.0227521881461143,0.9848460485357744,0.1421479401778323,11275.9306640625,38.06443786621094,3.374776132796238,0
s567_motorSelectiveStop,0.0220089890062809,0.9540421197151576,0.2054853269638672,10107.5009765625,29.285409927368164,3.3691935807469107,0
s567_discountFix,0.0218740981072187,0.9847379970992364,0.1990126901774136,10027.19140625,31.187509536743164,3.3756987546922637,0
s567_DPX,0.0226267464458942,0.9472909712873978,0.2023267180070259,9903.7978515625,30.063743591308594,3.3784625074964416,0
s594_DPX,0.0352405905723571,0.9559477676699922,0.0615916500292467,5648.71533203125,33.33033752441406,3.126405161848815,0
s594_stroop,0.0332476124167442,1.0037661838181808,0.050535230450244,5339.81982421875,43.33824157714844,3.143623220700069,0
s594_surveyMedley,0.0314383022487163,0.9823372660232944,0.0574259169704328,5262.79443359375,40.41900634765625,3.1600722355375517,0
s594_rest,0.0341208949685096,0.9675100697588654,0.0647223964038261,5964.35400390625,35.849632263183594,3.1384014561252105,0
s594_motorSelectiveStop,0.0332472771406173,0.969928340122075,0.0529516453026245,4946.7119140625,37.785865783691406,3.177415137614968,0
s594_discountFix,0.0313204191625118,0.990923735482832,0.0757438813180335,4747.59912109375,33.552799224853516,3.190653555845404,0
s594_twoByTwo,0.0304154139012098,0.969378951278586,0.0591743865718469,6023.0595703125,37.54080581665039,3.130127445014026,0
s594_rest,0.0312224086374044,0.972247686312056,0.0656138458286761,6717.8564453125,37.148162841796875,3.121822422326858,0
s594_WATT3,0.0281832907348871,0.9800260222323048,0.0628875063619821,6856.38818359375,40.7315673828125,3.1898027026979543,0
s594_CCTHot,0.0308559816330671,1.015562472248995,0.0662260926717221,5889.876953125,35.745269775390625,3.198444206785704,0
s594_ANT,0.0302583556622266,1.0015574473131672,0.06064115580739,6159.48486328125,40.264373779296875,3.191720684752607,0
s594_stopSignal,0.0278026331216096,0.9879593971457096,0.0543699797736403,6613.4775390625,42.30899810791016,3.1610892694528525,0
s556_twoByTwo,0.0423630252480506,0.9600289990476184,0.0543179259070784,7538.9951171875,33.07530212402344,3.1452538374251295,0
s556_rest,0.0369122289121151,0.986983571489362,0.051951090895004,8941.5263671875,40.110748291015625,3.3310538293250076,0
s556_WATT3,0.0436069257557392,0.9814103609227234,0.0670044893905676,7092.14599609375,32.877479553222656,3.1975296279980863,0
s556_CCTHot,0.0428895428776741,0.99525911614622,0.0706402661572269,7911.10107421875,37.469932556152344,3.1369802773255677,0
s556_ANT,0.0433528646826744,0.9917267264695012,0.0526581694475437,7841.5009765625,41.255836486816406,3.1635020595816856,0
s556_stopSignal,0.0350925885140895,1.0018024908447936,0.0562990854541478,7674.58154296875,42.32036209106445,3.280616674287225,0
s556_surveyMedley,0.0466186963021755,1.0207472521797003,0.0584515659466784,7336.6533203125,42.78131103515625,3.1100376819711055,0
s556_motorSelectiveStop,0.0459981523454189,0.9879476890248964,0.0557503189172122,8061.44189453125,38.624637603759766,3.138581068417061,0
s556_discountFix,0.040242563933134,0.998291008808234,0.0541153849885775,7205.80517578125,40.91951751708984,3.28303665844739,0
s556_stroop,0.046497207134962,1.006171542735562,0.049371288859003,7746.4580078125,46.07370376586914,3.1429316018566547,0
s556_rest,0.0453747101128101,0.9773989831063836,0.0552452070029561,8771.779296875,39.26169967651367,3.1420723111575084,0
s556_DPX,0.0396362356841564,0.9718614821937842,0.0557551549723336,7481.7666015625,37.1421012878418,3.3016980371092948,0
s192_rest,0.036173690110445,0.9830806990354614,0.0590466614107056,7950.53271484375,41.24916076660156,3.1034570060715954,0
s192_DPX,0.037450224161148,0.9905586515054736,0.0654910890688149,7025.21240234375,39.77027130126953,3.105085660636494,0
s192_stroop,0.0373187027871608,0.9904855441515142,0.0705682292881856,7515.48291015625,44.25532150268555,3.110428642739992,0
s192_motorSelectiveStop,0.0356551483273506,0.9625257363886076,0.0725035216491465,7148.67236328125,36.183937072753906,3.136917917308711,0
s192_surveyMedley,0.0356589443981647,0.9915367002329448,0.0714338572828887,7570.03125,42.920448303222656,3.1130009556529483,0
s192_discountFix,0.0365033000707626,0.9860771413304243,0.0709101617909162,7375.61083984375,41.22478103637695,3.095575200656471,0
s192_CCTHot,0.0501145049929618,0.9933729558406128,0.0978082745741256,7644.341796875,37.74777603149414,3.123604470334306,0
s192_ANT,0.0490442849695682,0.9838699436925794,0.0945255338020536,8110.01123046875,39.16875076293945,3.149410270379118,0
s192_twoByTwo,0.0508719980716705,0.9938594632555884,0.1006221589983658,7811.4677734375,38.80693435668945,3.1290159394193013,0
s192_WATT3,0.0500116571784019,1.0131327545428157,0.0933534311514432,8016.31201171875,43.577449798583984,3.128209640914561,0
s192_rest,0.0467511005699634,1.002392427716312,0.0887173872190519,8580.021484375,42.3165168762207,3.178972359903605,0
s192_stopSignal,0.0468311868607997,0.9965775166279076,0.094726445461687,8159.6484375,44.00434875488281,3.222908255246994,0
s533_CCTHot,0.0263578910380601,0.8937249290391457,0.5249371066522032,25886.865234375,20.68181610107422,3.324843638870614,0
s533_ANT,0.0240444689989089,0.908230133900184,0.3333461534398337,21852.3671875,22.809324264526367,3.2240666631744586,0
s533_twoByTwo,0.0295553356409072,0.8700545249173935,0.3679087071128094,20337.552734375,18.757287979125977,3.43900221770387,0
s533_WATT3,0.0254684705287218,0.9337786958333324,0.3456393592593888,22511.650390625,23.19455337524414,3.32324387055704,0
s533_stopSignal,0.024457449093461,0.977579218068834,0.2092773757503865,20224.671875,25.37796401977539,3.2014153976590873,0
s533_rest,0.020488241687417,1.0274752485248224,0.2436595298611698,16256.3955078125,27.569292068481445,3.13656490373141,0
s568_stopSignal,0.0293711088597774,0.9880941372200768,0.1725111207547316,5135.37158203125,38.93170928955078,3.4731502580029656,0
s568_rest,0.0326714031398296,0.991575048836879,0.1241227244374497,5116.9443359375,40.52108001708984,3.4370991060743634,0
s568_CCTHot,0.0292196739464998,0.9830448163775016,0.1415808728915909,5034.6875,39.31407165527344,3.456663438433857,0
s568_twoByTwo,0.0307338368147611,0.984322056618076,0.1455352000798138,4923.94287109375,34.64668273925781,3.4378822806784637,0
s568_ANT,0.0291407946497201,1.0192681540366977,0.1534776657469818,4948.3212890625,41.16857147216797,3.4713986800405663,0
s568_WATT3,0.0283885058015584,0.9966217012359556,0.1561252627856126,5138.619140625,38.44286346435547,3.498578111438677,0
s568_stroop,0.0396855808794498,0.9922372957585148,0.1187880857251107,5823.90380859375,44.70897674560547,3.1958511125662694,0
s568_DPX,0.0374285317957401,0.9802718439560424,0.1443900065688423,5616.853515625,37.48700714111328,3.262116431878384,0
s568_surveyMedley,0.0399400144815444,1.006956010382695,0.1280302189964549,5835.22509765625,41.73948287963867,3.1944462827481925,0
s568_rest,0.0377874337136745,0.988666561957446,0.1968033355131018,6294.67822265625,35.4200553894043,3.251582294107227,0
s568_discountFix,0.0389430373907089,0.9772892659340648,0.1338595717584143,6116.99853515625,38.21722030639648,3.216947139386252,0
s568_motorSelectiveStop,0.0378640443086624,0.9896107034472053,0.1263292201412788,5842.08740234375,38.14031982421875,3.222966185281001,0
s557_stroop,0.0382724776864051,1.0118778174260354,0.0904984798124526,16060.4638671875,50.67782974243164,2.8823499981728395,0
s557_DPX,0.0416978374123573,0.9925812996917496,0.0834899051141881,13817.4423828125,43.40454864501953,2.88384942071899,0
s557_motorSelectiveStop,0.0396474190056324,0.989567766083418,0.0941815945544848,14539.4140625,42.550933837890625,2.8896003686677427,0
s557_surveyMedley,0.0404882244765758,1.0039166378868554,0.0847132305850291,14720.55078125,47.2032470703125,2.867307086376669,0
s557_discountFix,0.0416760221123695,0.9938114396536796,0.0774092499347098,14133.3740234375,46.58699035644531,2.871205567092422,0
s557_rest,0.0375564023852348,0.9976077003262402,0.0796759506534435,15728.87109375,48.227447509765625,2.8973694973444815,0
s557_CCTHot,0.0423462465405464,0.9975856530812646,0.0947549383718936,14475.2080078125,34.26710891723633,2.8383968359954603,0
s557_WATT3,0.0417120195925235,0.9837409971042934,0.0780457840948541,14281.697265625,36.2310791015625,2.8494399671530335,0
s557_rest,0.0422270894050598,0.9586407082127674,0.0903362900790077,14837.92578125,33.637046813964844,2.878655652404679,0
s557_ANT,0.041152000427246,1.0250617178236396,0.0897165117588734,14818.4521484375,38.43762969970703,2.8949037930330377,0
s557_twoByTwo,0.0443077385425567,0.9416032836939572,0.1066729644465207,11888.396484375,28.758031845092773,2.8033446298309515,0
s557_stopSignal,0.0428378395736217,0.9835214074501992,0.079318098059881,14038.697265625,42.35573196411133,2.858302074880502,0
s595_discountFix,0.0213904436677694,0.976216963718648,0.0700577217669697,20685.791015625,43.44074249267578,3.108797554366377,0
s595_DPX,0.021896181628108,0.9601453052493192,0.0658873275017391,20707.224609375,40.601783752441406,3.0957655645073734,0
s595_rest,0.0216284450143575,0.9946361932056744,0.0672506032062352,22616.029296875,45.038333892822266,3.163855866068505,0
s595_stroop,0.0212767906486988,1.005639249142012,0.0663040699833594,21128.12109375,50.36436080932617,3.1389971755087824,0
s595_surveyMedley,0.0211785100400447,0.9952864106322792,0.067858866547166,22190.65625,47.646610260009766,3.127515515141704,0
s595_motorSelectiveStop,0.0214037597179412,0.9852534619735496,0.0682350589155424,21053.44140625,44.855621337890625,3.107235830429347,0
s595_ANT,0.0251757781952619,0.9795001167158665,0.0601420426622722,16472.98046875,45.64706039428711,2.741113549456839,0
s595_CCTHot,0.0267631877213716,0.947698881022727,0.0728271488563037,14724.0888671875,36.53302001953125,2.6603295056821428,0
s595_twoByTwo,0.0262317508459091,0.9512156846772593,0.0612541995641425,15377.248046875,38.46965789794922,2.694375292671066,0
s595_stopSignal,0.0268727056682109,0.9537575899617584,0.0675921859634045,15283.75390625,42.1939697265625,2.7157656505349643,0
s595_WATT3,0.0264934506267309,0.9943226556875828,0.0800659413735192,15199.685546875,39.40718078613281,2.7146412892398786,0
s595_rest,0.0239290706813335,0.9724860803829782,0.0688056936301629,16871.138671875,42.83319091796875,2.741886230689414,0
s561_stroop,0.0516679808497428,0.9923236791124268,0.0884202784164651,7561.29443359375,43.14469909667969,3.5187984823173752,0
s561_DPX,0.0517785213887691,0.983101362692656,0.0933011314924619,7389.541015625,35.33264923095703,3.5170892384184196,0
s561_surveyMedley,0.0517782159149646,0.983297047970049,0.1021003527863466,8017.17822265625,40.965450286865234,3.4561969177550744,0
s561_motorSelectiveStop,0.0522593930363655,0.994871707843338,0.1021364661379996,7336.986328125,38.04011535644531,3.4616524203450547,0
s561_discountFix,0.0529230237007141,0.975597872105799,0.0942495074921875,7575.9921875,36.38581085205078,3.4983403397622364,0
s561_rest,0.0541774407029151,0.9956804966950342,0.1044448654210986,7348.80078125,39.37731170654297,3.4464229836872073,0
s561_ANT,0.0466564632952213,0.9863230088868612,0.1048410213288528,7146.84033203125,38.962059020996094,3.488799982686243,0
s561_CCTHot,0.0471222810447216,0.9488132862318848,0.1003627213460551,6212.5810546875,32.772579193115234,3.4843200765989844,0
s561_rest,0.0433825552463531,0.9858516481843974,0.1103103222634662,7494.90087890625,38.59868240356445,3.487500538383579,0
s561_WATT3,0.0466681346297264,1.0178509335221244,0.098849853911181,7007.9814453125,41.393062591552734,3.4835497631159074,0
s561_twoByTwo,0.04439128190279,0.9754091376341936,0.1020092945777666,7055.43896484375,36.883392333984375,3.4642197224648794,0
s561_stopSignal,0.0459025688469409,0.9981131950000002,0.0988267298395536,7057.21044921875,41.26551818847656,3.483403730012411,0
s592_DPX,0.0390284545719623,0.9810235161177548,0.0755265046239555,10650.103515625,38.39405059814453,3.239475634355251,0
s592_surveyMedley,0.0393639318645,1.003091293876871,0.0673916805634402,10657.1474609375,43.04697799682617,3.2789921094164423,0
s592_motorSelectiveStop,0.0388698540627956,0.9764137932172132,0.0801626816924632,11196.126953125,38.5031623840332,3.245959577516822,0
s592_discountFix,0.0394900180399417,0.9839646085991376,0.0767968943746847,10052.873046875,39.19512939453125,3.234657715092625,0
s592_rest,0.0381934195756912,0.983327191659574,0.0976459758401157,12250.14453125,35.47126770019531,3.2965095186412325,0
s592_stroop,0.0398439578711986,1.0019262669375,0.0633824467198798,10920.294921875,45.807003021240234,3.3016619449579587,0
s592_twoByTwo,0.0320457778871059,0.9955281410689988,0.0953357375082978,7471.21044921875,36.406837463378906,3.0469924653361184,0
s592_ANT,0.0340073741972446,1.0032367152930717,0.1148557987222964,7848.7294921875,36.15045928955078,2.945881274413995,0
s592_rest,0.0304265841841697,0.9883413754751772,0.0627051308246896,8067.794921875,39.05333709716797,3.0246973688560623,0
s592_stopSignal,0.0326785296201705,0.9929342721850394,0.0568352065261869,7332.92138671875,43.09827423095703,3.0579071242577105,0
s592_CCTHot,0.0308235250413417,0.9763191862757729,0.0601774436771211,8303.0009765625,40.00081634521485,3.0286726521181264,0
s592_WATT3,0.0315748341381549,1.012379553266055,0.0628864930722625,8099.70703125,42.259429931640625,3.0669678238426954,0
s644_stroop,0.0651213750243187,1.0033436083136098,0.1436244808987907,3164.120849609375,39.663238525390625,2.840199783013524,0
s644_DPX,0.064659982919693,0.9643160903263835,0.1692008050789171,2741.292236328125,29.139299392700195,2.7985523523182465,0
s644_rest,0.0639494657516479,0.9889504231773044,0.1349330172871368,3032.524169921875,36.90352249145508,2.8462920996071746,0
s644_surveyMedley,0.0657974109053611,0.9953129331447588,0.1622021244215942,2847.4072265625,36.136871337890625,2.842504111593111,0
s644_discountFix,0.0655028820037841,0.9594655915164358,0.1603910838397859,2260.1328125,29.21651077270508,2.797288439372463,0
s644_motorSelectiveStop,0.0674828141927719,0.9877675795116982,0.2092235119709587,2515.12060546875,27.367094039916992,2.816739686337467,0
s644_ANT,0.0523710399866104,0.9868851400000008,0.0916807276269996,2415.423583984375,39.02696990966797,2.78307614631741,0
s644_stopSignal,0.0524842105805873,1.009997387283702,0.0955773447455902,2048.34814453125,34.82863235473633,2.820027657634214,0
s644_CCTHot,0.0514498986303806,0.9995308086680108,0.139279363188735,1867.402099609375,29.905269622802734,2.8225906823633196,0
s644_twoByTwo,0.0529388040304183,0.9764947271234204,0.0986938772407488,2261.01123046875,32.901512145996094,2.7617618015446976,0
s644_WATT3,0.0515618249773979,0.9940426185433529,0.105650545906915,2427.993896484375,34.27752685546875,2.814506343947546,0
s644_rest,0.0515056923031806,0.9839704690354624,0.1018784723028449,2470.81884765625,36.83846282958984,2.859462552589184,0
s471_rest,0.0317111276090145,0.984110248198581,0.103731065063518,6926.9697265625,34.57817077636719,2.9815431522913274,0
s471_CCTHot,0.0306271463632583,0.9949658432114896,0.1066678188935442,6882.30078125,34.05261993408203,2.9780388656713894,0
s471_twoByTwo,0.0285124275833368,0.985750595522682,0.0945781040008957,6814.35888671875,32.293128967285156,3.0105334228414513,0
s471_WATT3,0.0327727459371089,1.015559258913363,0.0904782478953762,7210.63623046875,35.8426399230957,2.9585441467984492,0
s471_stopSignal,0.02888123691082,0.9941736701529634,0.1509388054091393,6790.77783203125,33.531272888183594,3.054059371816836,0
s471_ANT,0.031640563160181,1.0176425560798557,0.1176431946447679,6870.58203125,34.61013412475586,3.0038208992267346,0
s471_discountFix,0.0310099851340055,0.971347004285713,0.1605568505902223,7067.56787109375,28.0079288482666,2.9851151946457755,0
s471_stroop,0.0318547859787941,0.9831251404142008,0.1550401469419063,7988.75,31.366846084594727,2.972141376277325,0
s471_surveyMedley,0.0305489432066679,0.9518962847088192,0.5516489487488029,7128.46875,22.505027770996097,3.083972025175461,0
s471_motorSelectiveStop,0.0250397082418203,0.9555592860122069,0.1179413821704157,6332.79931640625,26.66547584533691,3.0158275758988187,0
s471_DPX,0.0374615974724292,0.9472943066697328,0.5458300754748318,6324.3271484375,21.262479782104492,2.9483675496227346,0
s471_rest,0.0300583131611347,0.9882732896595736,0.1453125146470062,6995.45458984375,30.334259033203125,2.928200726707361,0
s643_DPX,0.0684496760368347,0.9917891404805096,0.1152991963535177,3033.068603515625,30.985334396362305,2.910449108903121,0
s643_surveyMedley,0.0693541541695594,0.9835581036439268,0.1112367653856228,3227.67822265625,38.197509765625,2.9140979098428965,0
s643_motorSelectiveStop,0.0667827725410461,0.9927875975991856,0.1125093120065853,3088.9541015625,35.00106430053711,2.9949092880570936,0
s643_discountFix,0.0704654157161712,0.9800723208686206,0.1060692825207821,3083.57568359375,36.78074645996094,2.9539621115437997,0
s643_stroop,0.0722987875342369,1.0049884413069912,0.0901494575999587,3131.840576171875,43.247283935546875,2.954838325981679,0
s643_rest,0.0717247575521469,0.9797286389219854,0.0978263716301801,3308.2978515625,36.5903434753418,2.9175129588005255,0
s643_stopSignal,0.0548793710768222,0.9970521551497014,0.1136935562418623,2864.70166015625,39.540489196777344,3.229988122803531,0
s643_rest,0.0575609020888805,0.9801740851205676,0.1177416607761727,3132.78369140625,33.80324935913086,3.1839665599719846,0
s643_ANT,0.0547799058258533,0.9861372629462744,0.1208601052093737,3106.1650390625,36.490997314453125,3.2718633020350287,0
s643_CCTHot,0.0555084235966205,0.9900123955950092,0.1293831972057344,2903.97119140625,35.0914306640625,3.116219054572899,0
s643_twoByTwo,0.0527351275086402,0.980908849271136,0.1202994192034727,2899.607666015625,35.0340690612793,3.290748655147915,0
s643_WATT3,0.0547807104885578,0.9880308406864986,0.1127277501918445,3008.110107421875,35.65993118286133,3.131633868369939,0
s626_twoByTwo,0.0352238081395626,0.966395886537698,0.0911957370814809,3921.63671875,28.805767059326172,2.648155421868063,0
s626_rest,0.0367188490927219,0.9760446202127664,0.1247925750518489,5028.6396484375,32.365196228027344,2.7937281350509076,0
s626_WATT3,0.0350747220218181,0.9758028798975104,0.0718161246259965,4245.73486328125,32.8379020690918,2.7020075422906356,0
s626_ANT,0.0371617004275321,1.1336359174054051,0.1038117263714822,4778.3828125,26.258434295654297,2.749023972007344,0
s626_stopSignal,0.0346827954053878,0.9671573657800004,0.0838344058671338,3978.797119140625,32.2362060546875,2.6987099502353096,0
s626_CCTHot,0.0355772487819194,0.9380401964522428,0.0747072727447292,3602.333984375,26.30831527709961,2.6805152706289377,0
s626_motorSelectiveStop,0.0438355542719364,0.940285093224822,0.0710958169411195,4093.113037109375,29.7805118560791,2.7339470620472905,0
s626_DPX,0.0457131117582321,0.9415463273980056,0.1093578495271663,3853.505126953125,26.660886764526367,2.666608225036748,0
s626_discountFix,0.0447705425322055,0.9852969286334056,0.0751296108694663,4201.234375,30.900529861450195,2.71794078186947,0
s626_rest,0.0428813733160495,0.9787985517304952,0.1121643764554157,4526.166015625,30.54181480407715,2.789002020160814,0
s626_stroop,0.0440382286906242,0.9759332915384612,0.0683835381899082,4321.52880859375,34.41298294067383,2.736097360580018,0
s626_surveyMedley,0.0461635515093803,0.9479045610815316,0.1106581423438138,4160.060546875,27.57863426208496,2.691493230423152,0
s619_CCTHot,0.0634214058518409,0.9795438967524756,0.0873727466751982,8943.923828125,36.475379943847656,2.9183570378566848,0
s619_WATT3,0.0649029240012168,0.981721340280898,0.0952792689261352,9383.4775390625,37.54727935791016,2.922480607139727,0
s619_twoByTwo,0.1882215440273285,0.9811073001601596,0.0946673591389933,1574.0892333984375,29.19495010375977,2.5154991273428267,1
s619_rest,0.06140061840415,0.9863836034184404,0.0580810062251285,10211.0068359375,38.723655700683594,2.990244390547265,0
s619_stopSignal,0.0621239133179187,0.9871845666730396,0.0780055515697087,10125.8974609375,39.88494873046875,2.968785597912565,0
s619_ANT,0.1907234340906143,0.9845347820315236,0.0849815837591708,1555.59033203125,30.796262741088867,2.493422837573391,1
s619_discountFix,0.1839467585086822,0.9633389502609608,0.0690048857888121,1406.306640625,25.624780654907227,2.707134673435484,1
s619_stroop,0.0635111704468727,1.0026629993195275,0.0645189571826246,8146.29052734375,40.50130462646485,2.984295811397454,0
s619_rest,0.0604551322758197,0.9791643221985816,0.063220629817912,9142.01953125,36.285892486572266,2.995682920852788,0
s619_surveyMedley,0.0633175894618034,0.9915927892179704,0.0756382213211268,8504.71484375,36.80693054199219,2.977950053630386,0
s619_DPX,0.0625694096088409,0.9795109492929284,0.0638460269658705,8579.6767578125,34.24383544921875,2.9940392640054476,0
s619_motorSelectiveStop,0.1862473040819168,0.9661833725153374,0.0728947973548395,1385.6256103515625,24.8177547454834,2.684276735891491,1
s621_ANT,0.0404036790132522,0.991496832539964,0.0876507941386018,17514.609375,42.6749382019043,2.7553536892034716,0
s621_WATT3,0.0379900373518466,0.9706776566238756,0.1029090370719927,17559.220703125,38.300514221191406,2.823587827902352,0
s621_stopSignal,0.0388501733541488,0.9950112654921256,0.0810748207495205,18069.611328125,45.765899658203125,2.786478505364399,0
s621_CCTHot,0.0400183647871017,0.9671079509108338,0.0856667093759341,17158.09375,39.02244567871094,2.7445889360027613,0
s621_rest,0.0373191311955452,0.9930579136170216,0.0887171819864138,18705.513671875,41.94602966308594,2.8348437200012904,0
s621_twoByTwo,0.0391532629728317,0.9745161685519936,0.0943224320866097,16968.19140625,38.886268615722656,2.7586333955679105,0
s621_rest,0.0557477287948131,0.9788070560709224,0.0879467013408104,23401.134765625,43.30470275878906,2.779402494799127,0
s621_DPX,0.0579539351165294,0.946145918522212,0.1001437185355879,21278.986328125,32.4173469543457,2.91223659191107,0
s621_stroop,0.0587163381278514,0.9975322038461528,0.0796539440683417,21586.2890625,48.22073745727539,2.946473251222704,0
s621_surveyMedley,0.0561311990022659,0.994322506056573,0.0855683196735812,22539.1953125,46.2940788269043,2.77447222179425,0
s621_discountFix,0.0583412647247314,0.9819372841649056,0.0957700212577398,22570.416015625,38.99558639526367,2.950852737574748,0
s621_motorSelectiveStop,0.0573071055114269,0.928392446063072,0.0926117062696723,19474.73828125,28.925613403320312,2.8601767793844224,0
s617_motorSelectiveStop,0.0476312786340713,0.9967929316174972,0.0537792125403988,12441.45703125,44.2595100402832,3.0857925789550724,0
s617_DPX,0.0478892549872398,0.983687649782412,0.060040964997174,13492.8212890625,39.36200714111328,3.0549241789381583,0
s617_rest,0.0459423810243606,0.9866068727375892,0.0576350067302761,14302.2978515625,49.32853698730469,3.0667402995967374,0
s617_stroop,0.0482149757444858,1.0097614191124258,0.055375211203908,12148.67578125,53.21697998046875,3.070184324407225,0
s617_discountFix,0.0485291257500648,1.0016508475788397,0.0614475794366408,11897.1796875,40.67505645751953,3.0694556585896215,0
s617_surveyMedley,0.0492142178118228,1.0492827503993338,0.0750943395805933,14315.75390625,43.29986572265625,3.087265886631663,0
s617_stopSignal,0.0356196723878383,1.0145993409215686,0.0701167255468384,23804.814453125,45.31697082519531,3.130626546420551,0
s617_rest,0.0351977311074733,0.98093407306383,0.0545952905590649,25304.7734375,45.13343048095703,3.0740615003502723,0
s617_WATT3,0.035551905632019,1.0098867898881123,0.0804034904073234,24316.3125,42.19920349121094,3.218046566316255,0
s617_CCTHot,0.0345859713852405,0.9932325676798144,0.0590903923157731,22968.896484375,42.897911071777344,3.098343655605311,0
s617_twoByTwo,0.0350925251841545,0.9823475323809532,0.0757371028334085,22679.48828125,40.25162124633789,3.1007106173233887,0
s617_ANT,0.0337176732718944,1.0022761230363646,0.0587614182480431,25350.83203125,43.81743240356445,3.094256245791106,0
s628_rest,0.0569199472665786,0.9604053819999996,0.0927505622359474,20907.203125,32.21654510498047,3.0632181070296074,0
s628_twoByTwo,0.0582888536155223,0.9659693787463562,0.0747791432747322,20173.7421875,38.52720260620117,3.0022590340422797,0
s628_CCTHot,0.0586917772889137,0.9536704525281964,0.095419321150434,19169.8359375,35.60692596435547,3.007485584175656,0
s628_WATT3,0.0584465339779853,0.9777660508695648,0.1016052802065519,20160.01171875,34.528907775878906,3.0681906010204876,0
s628_ANT,0.0581308975815773,0.9806114057222226,0.0810246587468276,21156.17578125,43.390594482421875,3.0186187703782803,0
s628_stopSignal,0.0594849474728107,0.985075419862205,0.0799819600870438,21309.298828125,44.38642120361328,3.0161465844892867,0
s628_motorSelectiveStop,0.0539754815399646,0.9953776283825032,0.1044454096368118,9173.0107421875,37.31935501098633,3.2238869911777037,0
s628_DPX,0.0545012950897216,0.9922688486310062,0.1022282383519645,8471.705078125,36.46330642700195,3.2312200775114364,0
s628_stroop,0.0531007051467895,0.9935111351951956,0.094754506142275,9355.5556640625,44.29725646972656,3.2431868112594806,0
s628_rest,0.0570650845766067,0.9829261335744668,0.1109351364694143,9198.1083984375,32.73919677734375,3.2737863532167566,0
s628_surveyMedley,0.0563513897359371,0.9873141997171382,0.1160573521862548,9898.7392578125,40.57624053955078,3.2556547079606073,0
s628_discountFix,0.0544387139379978,0.9831632301307184,0.1181923710155073,9063.0146484375,37.54736328125,3.2332756824394138,0
s610_discountFix,0.0363296419382095,0.97704733695329,0.0552809829281092,8068.14404296875,36.89900970458984,3.8843418063681248,0
s610_stroop,0.0369782112538814,1.0014763929289938,0.046177793567021,8200.4970703125,44.76466369628906,3.89176370348118,0
s610_rest,0.0350510813295841,0.9891163088368792,0.0367199850335088,8691.0703125,43.02627944946289,3.886666004630174,0
s610_motorSelectiveStop,0.0358218923211097,0.9870649745371308,0.0396190693057531,8492.375,40.730567932128906,3.8647349627054504,0
s610_surveyMedley,0.0380023904144763,0.9937939114642266,0.0389292496171845,8098.50048828125,43.95299530029297,3.869039003114509,0
s610_DPX,0.0362149626016616,1.003079673585767,0.0604176184911208,7171.9482421875,36.313106536865234,3.9291351602240794,0
s610_CCTHot,0.0267895646393299,0.9653262644465463,0.0807565424085878,11754.228515625,31.377994537353516,3.817035679494753,0
s610_stopSignal,0.0277209356427192,0.9914168399418608,0.0627684302515106,11245.3134765625,37.160888671875,3.840269881049529,0
s610_WATT3,0.0282009728252887,0.9930999493455795,0.0695237355104433,11681.859375,34.187068939208984,3.831196287683939,0
s610_twoByTwo,0.0279327388852834,0.9683607440816328,0.1087877863789203,11180.0078125,30.983692169189453,3.8342218301488935,0
s610_ANT,0.0256547853350639,0.9826079299105536,0.0583185425481504,10331.54296875,37.392860412597656,3.868211743610523,0
s610_rest,0.0274075902998447,0.9919310288085108,0.0671188913891047,12174.8583984375,34.90065002441406,3.839971723581939,0
s642_motorSelectiveStop,0.0308507960289716,0.9731311984231954,0.088983699470791,8238.1435546875,28.42986488342285,3.5956506725855637,0
s642_rest,0.0314992479979991,0.9840228932765954,0.0664305630917458,9460.169921875,36.95452117919922,3.749905891636563,0
s642_surveyMedley,0.0292381960898637,0.994883486173046,0.0819388849795639,8727.099609375,36.40739059448242,3.7072535079046776,0
s642_DPX,0.0310093518346548,0.9733759504986398,0.0717544866433698,8549.7421875,31.739540100097656,3.63254139531412,0
s642_discountFix,0.029962295666337,0.9952203522318536,0.0902050825668631,8948.607421875,31.954837799072266,3.6235163725796697,0
s642_stroop,0.0297402627766132,1.084752065147929,0.0844883946315763,9227.0107421875,36.417022705078125,3.704717230078796,0
s642_ANT,0.0387079305946826,1.0225540831423288,0.075528526021142,16805.78125,41.782814025878906,3.676900112791956,0
s642_WATT3,0.0383392050862312,1.024372137751938,0.1001499231475155,16126.29296875,35.16082763671875,3.690872914640572,0
s642_twoByTwo,0.0388143025338649,0.9893152739546356,0.085932108679826,17386.2109375,37.62334442138672,3.707222625199129,0
s642_stopSignal,0.0375584997236728,0.9866933388212188,0.0918883631847764,16377.0810546875,37.44709777832031,3.700981194284507,0
s642_rest,0.0393757484853267,0.972462864609929,0.067488798777046,16121.90625,41.26596450805664,3.663239499990113,0
s642_CCTHot,0.0381230600178241,1.015468798982659,0.0996458571062467,17314.271484375,34.38694381713867,3.671925913590671,0
s645_twoByTwo,0.0464116483926773,0.97170568388727,0.0741508793911818,10273.10546875,39.79314422607422,3.1486782513798715,0
s645_stopSignal,0.0439868122339248,0.9832832670312502,0.078389634707042,11250.8798828125,43.25852966308594,3.1806385629010343,0
s645_CCTHot,0.0455277264118194,0.9887867509269348,0.0945402133327527,11729.9482421875,37.72130584716797,3.1871662434646613,0
s645_rest,0.0434120669960975,0.9780096808368792,0.0957585538688269,13305.7041015625,37.34398651123047,3.226053333842483,0
s645_WATT3,0.0420959182083606,0.974605786985392,0.088053573311149,11489.5859375,40.03263854980469,3.230552601780792,0
s645_ANT,0.0431829802691936,0.9738081713344892,0.0826829611460443,12830.2509765625,40.99559020996094,3.2165656012762023,0
s645_surveyMedley,0.0561861284077167,0.992313092762064,0.0905477915065666,9116.3154296875,37.446922302246094,3.091714833204875,0
s645_discountFix,0.0570623017847538,1.015614142400815,0.1007654376719007,9219.3681640625,31.664155960083008,3.087489581791898,0
s645_rest,0.0530216135084629,0.9800968190921996,0.1083572150035092,11861.82421875,35.08091735839844,3.1259443137582728,0
s645_stroop,0.0544160716235637,1.0050850329585792,0.0948712581160814,9140.5712890625,36.699249267578125,3.1560596001420813,0
s645_DPX,0.0565114468336105,0.9805981786582046,0.1087207081536895,8543.869140625,30.308452606201172,3.058773313848942,0
s645_motorSelectiveStop,0.0534806661307811,0.9659794165717184,0.1174946458224471,11749.15234375,32.33253479003906,3.0895334761244864,0
s483_DPX,0.041279062628746,0.9822061657647052,0.1008679625868564,12930.0654296875,38.33854293823242,2.79348336229953,0
s483_stroop,0.0417928919196128,0.993145309763314,0.1082990981265918,15705.3271484375,43.64247512817383,2.843255654303313,0
s483_motorSelectiveStop,0.0408046282827854,0.974608572167338,0.0985165802378909,16837.04296875,30.480968475341797,2.8491758005763805,0
s483_surveyMedley,0.0428051203489303,0.9954298709666072,0.1153105366042621,15189.876953125,40.1840934753418,2.8335629006002945,0
s483_discountFix,0.0403475686907768,0.9514323623783778,0.1414066924889168,16938.279296875,31.752763748168945,2.8653565013774966,0
s483_rest,0.0426775813102722,1.0735818841560292,0.1311013782593857,17252.376953125,34.345611572265625,2.886823190335689,0
s483_rest,0.0360921062529087,0.967751937375886,0.0778121888465263,17323.3984375,41.150184631347656,2.9911073585290495,0
s483_CCTHot,0.0356145352125167,0.9755961284083424,0.0960869386627894,16117.3369140625,35.74413299560547,2.9287584587575295,0
s483_WATT3,0.03684052079916,0.9919702267189952,0.1282601896828552,17194.94140625,38.1043701171875,2.9353212259373267,0
s483_stopSignal,0.035952590405941,0.9940717098624752,0.0894636929200064,18069.017578125,42.47806930541992,2.9730578309116837,0
s483_ANT,0.0368716120719909,0.9845800304504516,0.0767949329731495,16623.357421875,43.197418212890625,2.9977047938912915,0
s483_twoByTwo,0.0364094786345958,0.9465282123129252,0.0810521978386631,14720.919921875,35.04148864746094,2.959386010010886,0
s611_twoByTwo,0.0374138802289962,0.9876640969970838,0.1552319723942205,14491.2001953125,31.431615829467773,3.7249254466981294,0
s611_WATT3,0.0354199521243572,0.9763426433249368,0.0782790690395757,15855.7939453125,39.393577575683594,3.7058640607238194,0
s611_ANT,0.0353283733129501,1.0159618518864475,0.0684386656913453,16068.2763671875,40.34325408935547,3.731692015757494,0
s611_stopSignal,0.0361195281147956,1.017214357597656,0.0912502625588166,15310.7275390625,40.54749298095703,3.68695248653862,0
s611_CCTHot,0.0365919061005115,1.019237161271298,0.1883304914684589,15215.646484375,33.688812255859375,3.7201799138939498,0
s611_rest,0.0353562198579311,0.978984886326241,0.0732838587070949,16259.75390625,41.25878143310547,3.7387973895357742,0
s611_DPX,0.0416379980742931,0.9792205377153214,0.1687399680610989,12903.1728515625,31.81823348999023,3.6044428031129834,0
s611_rest,0.0421304292976856,0.9839518695460988,0.0817760264195434,14941.7548828125,41.74999237060547,3.5899682684838843,0
s611_motorSelectiveStop,0.0427341572940349,0.956987272983706,0.1569092151501655,12423.6328125,29.86623764038086,3.543862435592203,0
s611_discountFix,0.0430562533438205,0.9800678559613428,0.1614182122578327,12425.0166015625,31.685279846191406,3.5915730400301618,0
s611_stroop,0.0404730029404163,1.0174068194378696,0.0836456168623435,13234.71484375,42.8389892578125,3.536230285867598,0
s611_surveyMedley,0.0407041795551776,0.9824816134775382,0.1227445245599037,13840.4677734375,37.47257232666016,3.5481070833592288,0
s616_discountFix,0.0329505205154418,0.9797870333850937,0.0572231275014767,10363.046875,43.68708419799805,3.4442430302949116,0
s616_rest,0.0310773253440856,0.9811000073758864,0.0507997414570719,11747.3837890625,44.92652130126953,3.4734836188636837,0
s616_motorSelectiveStop,0.0314244329929351,0.9823300533062052,0.0630392378923736,10468.6484375,40.63756561279297,3.4511170865656378,0
s616_DPX,0.0330849587917327,0.9684071264279236,0.0697738396351684,11057.328125,38.468650817871094,3.459785019491018,0
s616_surveyMedley,0.0324092507362365,0.984261852911814,0.0606653975953737,10991.47265625,44.823116302490234,3.4408392483148837,0
s616_stroop,0.0324630551040172,0.9963057304142008,0.0569547641252033,11522.2548828125,45.76631546020508,3.4591377782903225,0
s616_stopSignal,0.0391203202307224,0.9741452695516564,0.0791417823052745,13348.353515625,41.88069152832031,3.26221298986467,0
s616_twoByTwo,0.0387946665287017,0.9657447375413026,0.0963128825949311,13255.513671875,38.070762634277344,3.305419242740193,0
s616_ANT,0.0395665727555751,0.9627431502402956,0.0727919733801414,13107.982421875,41.80681991577149,3.294075049656452,0
s616_WATT3,0.0380075834691524,0.9720756309714292,0.0769581196337269,14960.2041015625,41.83849334716797,3.2794704355502087,0
s616_rest,0.0385443717241287,0.9821865786808512,0.0751646065716199,15661.4560546875,43.84625625610352,3.2856744667787665,0
s616_CCTHot,0.0379240624606609,0.9567093223461542,0.0889844406034828,13431.6728515625,36.924659729003906,3.3087231110218807,0
s629_twoByTwo,0.0433037839829921,0.9520422415451903,0.093664336438319,27292.197265625,30.164779663085938,3.4558973177609578,0
s629_WATT3,0.0417200848460197,1.0018346756812937,0.099957672374368,31421.537109375,35.71705627441406,3.4325138056535964,0
s629_ANT,0.0391231253743171,1.0190780352133568,0.1100846412962354,25893.638671875,34.40563201904297,3.4570813735169836,0
s629_rest,0.0395189113914966,0.9769312407092204,0.0650473954438851,26379.28515625,37.67145919799805,3.417751861135396,0
s629_CCTHot,0.0387435108423233,0.9636517117666666,0.1254673673531438,23886.53125,29.663679122924805,3.3476465848800268,0
s629_stopSignal,0.0400454439222812,0.9562015236523438,0.0770250965350203,26043.703125,35.237586975097656,3.4039769081863955,0
s629_discountFix,0.0428483337163925,0.933240038720432,0.0918695957289326,19662.255859375,25.88437843322754,3.574056530081584,0
s629_rest,0.0414639413356781,0.9857792162411348,0.0550556972507742,23362.29296875,39.93889236450195,3.582015942554733,0
s629_motorSelectiveStop,0.0430307835340499,0.9311959633468966,0.201260774223778,21403.771484375,25.54397964477539,3.5742318212698634,0
s629_DPX,0.0427005924284458,0.9124598582864905,0.1275200800817937,22657.875,26.994239807128903,3.587499030857612,0
s629_surveyMedley,0.044302862137556,1.0525568081031604,0.0935202765510884,22303.685546875,38.55278015136719,3.555559442178924,0
s629_stroop,0.0436061397194862,1.0247108029090917,0.0721459032725749,21971.861328125,44.44218444824219,3.5995495322929547,0
s627_ANT,0.0557126700878143,1.003241113545965,0.104827562655446,6569.00732421875,32.79103088378906,2.8818761582816124,0
s627_stopSignal,0.0527574494481086,0.9669598602800004,0.1230449889292098,7034.4150390625,32.68727111816406,2.9254314468932976,0
s627_CCTHot,0.0550984032452106,0.9717300306476933,0.1259840362001916,6250.3212890625,31.45111083984375,2.8640390994749216,0
s627_twoByTwo,0.0559915676712989,0.968475621311952,0.1870221967200546,6078.68701171875,28.499746322631836,2.8777742922110683,0
s627_rest,0.0517819784581661,0.9718148857446806,0.0579362632717592,6890.6943359375,33.19447326660156,2.888595817130125,0
s627_WATT3,0.0562037602066993,0.9902442387711216,0.1515595019481311,6619.76171875,32.82804489135742,2.8762815889530517,0
s627_motorSelectiveStop,0.045992512255907,0.9725935098880972,0.2988102455254784,5991.6474609375,25.69975852966309,2.9464444987581273,0
s627_rest,0.0454962998628616,0.9667556859858158,0.0660631494784294,6601.21142578125,34.223426818847656,2.9737400675015415,0
s627_DPX,0.0492258481681346,0.9458800651858568,0.1446191328895417,5233.88671875,26.98961639404297,2.9291401405647477,0
s627_discountFix,0.0493383482098579,0.9416956007908986,0.1097534055399361,5338.759765625,26.00647354125977,2.9219601157390933,0
s627_stroop,0.0459808446466922,1.1290240885798812,0.1656064525484762,5852.5654296875,32.648807525634766,2.9419422061761753,0
s627_surveyMedley,0.0457796715199947,1.0048760421464238,0.1484151505939333,5787.43994140625,30.13391876220703,2.9269294810530693,0
s618_rest,0.0726402625441551,1.034597564482268,0.0807067058419018,1651.0452880859375,30.07171630859375,2.734629036159929,0
s618_DPX,0.0761105790734291,0.9789624022665452,0.0922216462312146,1381.729736328125,20.51670837402344,2.733744905684236,1
s618_motorSelectiveStop,0.0881727561354637,0.9216757333875898,0.087620644224263,1028.5035400390625,21.62953758239746,2.6938746386290866,1
s618_surveyMedley,0.1990992426872253,0.997241817859712,0.0872150040897593,602.683349609375,22.168079376220703,2.110779222371553,0
s618_ANT,0.0553215555846691,0.987469295218978,0.0945031209943683,6868.70166015625,32.9906120300293,2.860641611766748,0
s618_WATT3,0.0552842579782009,0.9886494310953604,0.123030063708593,6903.4013671875,30.92337417602539,2.82443717009338,0
s618_stroop,0.0584853664040565,1.02029986387574,0.0929094659578555,6440.94091796875,36.00230407714844,2.833311862548471,0
s618_stopSignal,0.0547697618603706,0.9608318707648178,0.0864384000681288,7129.94287109375,30.00719451904297,2.843686188889202,0
s618_CCTHot,0.0555902272462844,1.013051951128641,0.1501955258333761,6956.92822265625,29.706026077270508,2.8165461397447435,0
s618_twoByTwo,0.0554767400026321,0.9845825531098144,0.1215788195215075,7100.3037109375,31.52313995361328,2.8629123497701294,0
s618_rest,0.0549440681934356,0.9726171591914888,0.0817214331753006,7107.24609375,34.33610534667969,2.8414763492864927,0
s618_discountFix,0.0567463263869285,0.9755180807232712,0.1079741285890242,6526.05908203125,31.81163787841797,2.779978830718878,0
s605_WATT3,0.0199413709342479,0.9878494202236852,0.5576953915402998,6864.0361328125,19.228004455566406,3.776857221299363,0
s605_ANT,0.0194823816418647,1.0182169675596329,0.3053887401808107,8184.12158203125,27.474464416503903,3.909669001163393,0
s605_CCTHot,0.0195219963788986,1.0255570104689211,0.2162257489756054,8178.67626953125,27.99608612060547,3.803696529897628,0
s605_rest,0.012687649577856,0.9592955707375888,0.1012005391359632,8432.181640625,34.346710205078125,3.6465910398043,0
s605_stopSignal,0.0185617543756961,1.057448016200788,0.2522925618010498,7545.5625,26.537660598754883,3.822224208677349,0
s605_twoByTwo,0.0149313136935234,0.9587013559716592,0.1889249009382905,7320.990234375,29.091087341308594,3.574833873517494,0
s605_motorSelectiveStop,0.0210841204971075,1.012292484313326,0.1085426598279555,9195.55078125,36.69197082519531,3.9965218817327672,0
s605_surveyMedley,0.0225921869277954,1.0225450030116476,0.5950296691823314,8638.609375,24.999027252197266,3.80336351939061,0
s605_rest,0.0159403644502162,1.0242976260992904,0.1056758033285701,8353.4345703125,34.992835998535156,3.3614612263311456,0
s605_stroop,0.0228826291859149,1.0723349662130175,0.4018767664157771,8666.666015625,28.79969787597656,3.727311741474576,0
s605_discountFix,0.019485717639327,0.9687464026623376,0.2884371538052675,6645.52978515625,20.398462295532227,3.4293712310093665,0
s605_DPX,0.0225879549980163,0.9937291544061656,0.1134758926804768,9267.18359375,35.26483917236328,3.876630687869734,0
s602_surveyMedley,0.0311263278126716,1.0094216604658897,0.154557070022632,7763.197265625,36.87938690185547,3.733193509207802,0
s602_rest,0.0256791152060031,0.9860168505390066,0.1226230868954166,6415.01025390625,38.715728759765625,4.011180537303836,0
s602_stroop,0.0253746677190065,0.9714336477708988,0.1472325917482317,5849.787109375,35.248294830322266,3.9576397897452,0
s602_DPX,0.0309347622096538,0.969634760009068,0.1129878980481886,7249.46337890625,33.73402404785156,3.747727161775103,0
s602_motorSelectiveStop,0.0295323748141527,0.9552331428877544,0.2119454730369422,6363.45166015625,28.442195892333984,3.991938509152128,0
s602_discountFix,0.0321071445941925,0.9827818814589988,0.121022935898471,6891.7353515625,35.05884552001953,3.714942581622411,0
s602_CCTHot,0.0210192333906888,0.9637554213322086,0.2210869579067902,5647.31591796875,27.781625747680664,3.941236183866348,0
s602_rest,0.02339693531394,0.9886526853769564,0.1682225890605712,6795.93115234375,37.32423782348633,4.014432574203497,0
s602_ANT,0.0214633867144584,1.0091545315875905,0.2145517512851373,5696.91748046875,32.192710876464844,4.018893030947534,0
s602_WATT3,0.0207915734499692,0.970930593911564,0.1356623021819127,6315.34130859375,35.17909240722656,3.961276199165551,0
s602_stopSignal,0.021760331466794,1.0025689808333331,0.2044276336334281,5766.75390625,34.54931640625,3.9799411450173063,0
s602_twoByTwo,0.0215776357799768,0.9848260034243894,0.1322999178845822,5374.39013671875,32.76891326904297,3.938783048971791,0
s634_surveyMedley,0.0596526674926281,1.0205968157737104,0.1134501355010957,10855.150390625,36.50884246826172,3.3112304995777526,0
s634_rest,0.0552509538829326,0.9904461006382962,0.0896984693808145,11406.646484375,41.02433776855469,3.281831771414731,0
s634_stroop,0.0595747306942939,1.0005839520710065,0.0763816386522828,10804.2431640625,45.404197692871094,3.33235492628753,0
s634_motorSelectiveStop,0.0618861019611358,0.9714495530824016,0.0884889291215626,11846.201171875,36.70964813232422,3.236083536050638,0
s634_DPX,0.0607522167265415,0.9783384653309158,0.0902450447730482,10931.400390625,36.95912170410156,3.1848235208331603,0
s634_discountFix,0.0631097182631492,0.983310223102746,0.0860879443134653,11316.96484375,38.14475631713867,3.2272214850574694,0
s634_CCTHot,0.039356380701065,0.9855512448888896,0.0787860140411592,5907.95068359375,38.63564682006836,3.379842773743643,0
s634_WATT3,0.0412479639053344,1.0009887185466029,0.0881235585177018,6025.7177734375,41.21826934814453,3.2870035187301463,0
s634_twoByTwo,0.0411854572594165,0.9778672496954828,0.085959094844557,5647.494140625,38.38290786743164,3.2499588627182163,0
s634_rest,0.0402982160449028,0.9928749026950354,0.0896347146874854,6115.6806640625,39.70560836791992,3.256591771456934,0
s634_ANT,0.0423509031534194,0.9997777614259252,0.0761377280507156,5769.14697265625,43.383270263671875,3.241554738162726,0
s634_stopSignal,0.0385224223136901,0.9920714694455076,0.0831523630481145,6205.4404296875,43.41545104980469,3.2925500665218097,0
s633_discountFix,0.0535852797329425,0.9825132858087484,0.1672996672874737,6263.0126953125,36.23983383178711,3.193806542110166,0
s633_surveyMedley,0.0524047911167144,0.991873492529118,0.1733597195419485,6485.7333984375,36.77729034423828,3.191457340002279,0
s633_motorSelectiveStop,0.0523801408708095,0.9820261270091564,0.1870121382779564,6227.88037109375,34.364078521728516,3.220314983656317,0
s633_rest,0.0520303472876548,0.986953635588652,0.1740611470363039,7156.8662109375,35.86060333251953,3.195710692357242,0
s633_DPX,0.0533728748559951,0.978906504785779,0.2036868875767195,6175.078125,33.814964294433594,3.1860165120992345,0
s633_stroop,0.0508164092898368,1.0021779957692316,0.1907543013270362,6969.064453125,41.184906005859375,3.221688915312532,0
s633_WATT3,0.0608782023191452,0.9801713540509917,0.160525260119487,12818.595703125,32.003456115722656,3.351820199848267,0
s633_rest,0.0592453554272651,0.9871301559574456,0.1348833392286396,12280.0498046875,36.75396728515625,3.319209979309971,0
s633_twoByTwo,0.0623194500803947,0.9913861390048788,0.1624764866639799,12498.3037109375,31.777027130126953,3.337336355112556,0
s633_ANT,0.0652627199888229,0.974900238911071,0.1686693579330663,12344.365234375,32.29631042480469,3.3365483477151243,0
s633_CCTHot,0.0644111335277557,0.9865556704880468,0.1623446642363722,12301.794921875,32.993896484375,3.3108008192249145,0
s633_stopSignal,0.0643208846449852,0.9797419074218746,0.1499420704124715,12628.9921875,34.16731643676758,3.332661438719285,0
s499_ANT,0.0462475828826427,1.044718069578754,0.1296218696598679,8710.7587890625,22.61484718322754,3.205498778705682,1
s499_CCTHot,0.0493088662624359,1.4136271765217392,0.144583651451975,4925.12109375,16.023395538330078,3.1452409728670165,1
s499_twoByTwo,0.0467550121247768,0.9806758655102056,0.0956098287135839,8648.73046875,27.06477928161621,3.209508394909256,1
s499_WATT3,0.0490900352597236,0.9457455655886342,0.2743278789147578,3295.213623046875,12.883880615234377,3.1799139656872613,1
s499_stopSignal,0.0445947833359241,1.1113006008187143,0.1051618414382732,7815.3076171875,28.062767028808594,3.205394924019601,1
s499_rest,0.0521150305867195,0.9184715853802496,0.0994106310449449,3841.638427734375,26.32211685180664,3.1511611136078974,0
s499_surveyMedley,0.0307554453611373,1.0006297349664417,0.1434573552617749,14848.529296875,34.293495178222656,3.157286463718645,0
s499_DPX,0.0343521200120449,0.8494657346413507,0.1219157841981356,12342.5166015625,23.570756912231445,3.2442300397040937,0
s499_stroop,0.0310819875448942,0.9698694421597628,0.1533881484195716,13552.9794921875,36.53076934814453,3.203380103772593,0
s499_rest,0.0268577057868242,0.9867087872624118,0.1051551338996755,13120.62890625,40.614463806152344,3.1736123011552477,0
s499_motorSelectiveStop,0.0301346275955438,0.9749179549112432,0.1359873607365807,12691.0810546875,32.23707580566406,3.2150525072167913,0
s499_discountFix,0.0342758744955062,1.021556489171271,0.1044070586934975,16999.44921875,51.16474151611328,3.268042691373912,0
s497_surveyMedley,0.0316931009292602,1.014721108768719,0.0960077675343365,18696.404296875,40.22207260131836,3.5887345272142346,0
s497_discountFix,0.0314901731908321,0.9683930968991428,0.0779150928505999,16366.6845703125,38.16802215576172,3.600947951764186,0
s497_DPX,0.0305093470960855,0.9221935460108792,0.1273876101462092,14677.970703125,27.187496185302734,3.5792703814353284,0
s497_rest,0.0357387959957122,0.9750382224539016,0.0724344898567891,17867.9296875,37.29647064208984,3.5173768076177705,0
s497_stroop,0.0348385758697986,1.0017254579938268,0.0774257433560401,16373.15625,45.75798797607422,3.488839664628632,0
s497_motorSelectiveStop,0.0367429517209529,1.0005898430010172,0.1569451434888175,15317.171875,29.58772850036621,3.4832532348320315,0
s497_rest,0.0322847664356231,0.9768639123404268,0.0519710179889994,24954.595703125,42.001007080078125,3.6997777048867824,0
s497_twoByTwo,0.0360652320086956,0.962051511642372,0.0782368370041942,25918.13671875,35.12588882446289,3.609777263521154,0
s497_ANT,0.035753421485424,0.9930508522357028,0.0654101325508634,26690.9921875,37.726322174072266,3.662098767779369,0
s497_WATT3,0.0326597392559051,0.976665842524038,0.0719362233120991,25512.6953125,40.45854949951172,3.5620389459485544,0
s497_stopSignal,0.0300964917987585,0.9802269945419108,0.060845729292506,26424.61328125,43.065711975097656,3.773860817423021,0
s497_CCTHot,0.0291698724031448,0.9826935443101168,0.0633079735402263,25626.625,43.28003692626953,3.760743294503906,0
s635_stroop,0.0361013002693653,1.5029602917455618,0.4838509478494967,41874.5078125,25.6732120513916,3.301905811093257,0
s635_discountFix,0.0395131818950176,0.8642051835676244,0.3393145908193802,28151.552734375,14.753166198730469,3.2340299555544267,0
s635_surveyMedley,0.0384177044034004,1.0752834324958396,0.1976972451909748,41756.7421875,34.13433837890625,3.263399586468504,0
s635_DPX,0.0403867959976196,0.7767010269265634,0.535680227034682,27164.43359375,13.922908782958984,3.262772005086882,0
s635_motorSelectiveStop,0.0365217067301273,0.9093840514649028,0.2874440373295686,41883.61328125,21.343284606933594,3.3029483171634353,0
s635_rest,0.0338562913239002,0.9769692449645394,0.1013654855985834,46911.01953125,43.91156005859375,3.2827351142636347,0
s635_CCTHot,0.0239593368023633,1.3578282706616869,0.3932658695278122,12333.021484375,16.950302124023438,3.1374161812630565,0
s635_rest,0.0193533990532159,0.9811465623262412,0.1107016273225487,17941.685546875,43.13018798828125,3.201994426746563,0
s635_WATT3,0.020504243671894,0.9814161938651992,0.1213715829378697,16712.21484375,43.261417388916016,3.157818699866254,0
s635_ANT,0.0256175305694341,1.002221465176056,0.1757540802694339,15305.673828125,38.288536071777344,3.2335626906399337,0
s635_stopSignal,0.0243184454739093,0.934358904748491,0.2563353226550546,13781.951171875,30.309749603271484,3.189418632891895,0
s635_twoByTwo,0.0228320136666297,0.9771397479980573,0.1916390053528886,14284.705078125,35.00889587402344,3.173688882549028,0
s251_WATT3,0.0509252734482288,1.0027315939904993,0.0994027361308487,11249.7001953125,38.34135437011719,3.2732157595264577,0
s251_rest,0.0478865467011928,0.9872586685673744,0.0835854082452545,12637.3037109375,33.2318115234375,3.319441711357054,0
s251_ANT,0.0494412668049335,1.0131679719930673,0.0696300820050988,11812.3251953125,41.0935173034668,3.2384381040358923,0
s251_twoByTwo,0.0493419617414474,0.9761683856365388,0.0887064123071388,11978.767578125,35.29493713378906,3.2648159371959133,0
s251_stopSignal,0.049339435994625,1.004002467686424,0.0678305889581148,10965.6904296875,41.778324127197266,3.250788038404011,0
s251_CCTHot,0.0503235943615436,1.0136036732818536,0.076406277367842,11017.97265625,40.388580322265625,3.240582736836802,0
s251_surveyMedley,0.0464189425110816,0.9981256011980036,0.072570338083855,10480.2431640625,39.50433349609375,2.9068387583706525,0
s251_rest,0.0423238649964332,0.9927231141985816,0.0810312276702405,13185.3662109375,36.64339828491211,3.0778978015000495,0
s251_motorSelectiveStop,0.0425085239112377,1.01929306319797,0.0682357686772636,12099.29296875,49.95185852050781,3.0360047310310194,0
s251_DPX,0.0444393530488014,1.0336516579762998,0.0971064180888398,10502.287109375,34.265647888183594,2.950319309823467,0
s251_stroop,0.0418852493166923,1.0090769885502962,0.0683082353476041,11260.2802734375,46.524898529052734,3.0152278599743725,0
s251_discountFix,0.0432334616780281,0.9768295978061764,0.0761564545090723,10584.51171875,36.94318771362305,2.9555154891355664,0
s603_ANT,0.0222276970744133,1.0134272497031538,0.1766932895396587,10627.875,31.926198959350582,3.356565328879043,0
s603_stopSignal,0.0249513015151023,0.9954382646963554,0.2575898785417007,9837.1005859375,27.765098571777344,3.3597140983749796,0
s603_twoByTwo,0.0308855269104242,0.9362870681628588,0.1979913802121599,9705.19140625,25.032245635986328,3.2740994811071467,0
s603_CCTHot,0.024236736819148,0.9849117195757,0.2774487604245438,11393.140625,27.537168502807617,3.3732205744237165,0
s603_WATT3,0.0203582514077425,1.0021374220833328,0.1189505756887352,12358.7216796875,32.278831481933594,3.383288492724072,0
s603_rest,0.0232765134423971,0.963089409205675,0.0778304839958526,13286.244140625,34.0634765625,3.3984874062028605,0
s604_rest,0.0567998178303241,0.9753808919007096,0.0751616231804962,7439.1982421875,30.53375816345215,3.102478607610632,0
s604_twoByTwo,0.0591060072183609,0.96700806260447,0.0876098549482524,6514.705078125,31.67144203186035,3.07261136067429,0
s604_CCTHot,0.0612324476242065,0.9822548047030182,0.0932407500779562,7003.630859375,32.336204528808594,2.9886998481462395,0
s604_ANT,0.0606749132275581,0.9957700596571424,0.0634387925621125,6401.84521484375,38.899200439453125,3.0240285342386306,0
s604_stopSignal,0.0601478070020675,0.987646687112811,0.0785384553633581,6752.1826171875,35.58000183105469,3.0394428143139867,0
s604_WATT3,0.0553997531533241,0.983667627375414,0.0798859788528767,7030.82080078125,34.17612075805664,3.0854315823869944,0
s604_surveyMedley,0.0598892718553543,0.97869923139767,0.0828092641773287,4144.3828125,33.59214782714844,2.9312343653884083,0
s604_motorSelectiveStop,0.0569560602307319,0.9754719256052896,0.0859377329082575,4269.0966796875,29.525774002075195,2.9142045935745413,0
s604_DPX,0.055294781923294,0.9789265655213056,0.0941830072113402,4835.78173828125,30.91651153564453,2.9580833222942564,0
s604_stroop,0.06353160738945,1.01623174056213,0.0951695558452135,4618.26513671875,36.23408126831055,2.864701899100651,0
s604_discountFix,0.0586248189210891,0.9747632128858342,0.0828293778177254,3860.4931640625,32.10957336425781,2.916961174495699,0
s604_rest,0.0540841668844223,0.9874548165815596,0.0862211710056173,4829.98876953125,32.51673889160156,2.964615719675116,0
s650_DPX,0.0472471006214618,0.9262400422212156,0.2504644105483461,4185.36572265625,23.030540466308594,3.0434762835245666,0
s650_rest,0.0456944070756435,0.982884659758866,0.1519932903238751,5196.50830078125,32.644142150878906,3.01790106388435,0
s650_discountFix,0.0459252931177616,0.9625012096509225,0.2740607046965718,4669.732421875,27.42182159423828,3.075597235219084,0
s650_motorSelectiveStop,0.0436750762164592,0.9758125922278746,0.2567089896151984,5501.96533203125,31.632789611816406,3.0854883729764904,0
s650_stroop,0.0480131395161151,0.9778886535798816,0.2316003473686983,5095.263671875,30.34187889099121,3.0269681737014396,0
s650_surveyMedley,0.0439145378768444,0.9945146135666664,0.1879140519794883,5494.79541015625,35.386268615722656,3.085492406108523,0
s650_ANT,0.0394515097141265,0.9737111590625004,0.1919163779021977,5679.86572265625,33.484622955322266,3.110871824128985,0
s650_rest,0.0395769514143466,0.9764180966808514,0.2508955761749524,5052.45703125,28.891101837158203,3.1661077695188764,0
s650_WATT3,0.0398162268102169,0.979906426439306,0.1602272713390822,5551.5595703125,32.379783630371094,3.128296789700506,0
s650_CCTHot,0.0423518046736717,0.9664867106484948,0.2044363135465216,5621.2890625,30.76426887512207,3.1736487097512995,0
s650_twoByTwo,0.0418135859072208,0.991855141824458,0.2040928599701232,5231.4453125,31.076316833496097,3.156078392472077,0
s650_stopSignal,0.0413998141884803,0.9796900164591438,0.1509364842453223,4869.74658203125,34.055267333984375,3.1415865914271457,0
s234_ANT,0.0564198270440101,0.9645226461801804,0.164833105827839,4232.83544921875,27.625669479370117,2.9389464078626593,0
s234_CCTHot,0.0557060651481151,0.9829697489896372,0.1495913010734291,4169.64990234375,28.307737350463867,2.8881703481698437,0
s234_WATT3,0.056178979575634,1.0412445907784422,0.1476849713878679,3978.12109375,29.60548973083496,2.9281267190463987,0
s234_twoByTwo,0.0603351593017578,0.9744508233527694,0.2099246283263461,4010.753173828125,22.87439727783203,2.9623690431168344,0
s234_rest,0.0571043491363525,0.9650125474326235,0.1501694634740842,4021.247802734375,27.08540725708008,2.942453332185964,0
s234_stopSignal,0.0566061586141586,1.03301220392,0.1963061043218104,3923.643798828125,30.44808578491211,2.903830148375443,0
s234_DPX,0.0599527060985565,0.9690015635902084,0.1405825870474212,3021.929931640625,26.747148513793945,3.0512028858154285,0
s234_rest,0.0560353249311447,0.999012359858157,0.0943713036450871,3901.556640625,34.72795104980469,3.131227376556069,0
s234_stroop,0.0553128384053707,1.0122651828698228,0.1277471315128975,3064.95263671875,35.3446159362793,3.040765214778948,0
s234_discountFix,0.0575750060379505,0.9925207330627712,0.1458761165454324,3059.85400390625,30.33843231201172,3.074049465728301,0
s234_motorSelectiveStop,0.0540278628468513,0.9869068170701936,0.153593448906659,3044.3232421875,27.93385124206543,3.1089117180322012,0
s234_surveyMedley,0.05066554620862,1.0409378170715475,0.1170707465863811,3103.3115234375,26.808427810668945,3.065965393008715,0
s465_WATT3,0.0332078784704208,0.9933471665554072,0.0680805791390927,8403.43359375,42.17554473876953,3.123341562137915,0
s465_rest,0.0355861894786357,0.983517117588652,0.0602614757916277,8906.404296875,41.41190719604492,3.112098270582768,0
s465_ANT,0.0356399491429328,0.9820910746181164,0.0638979450760909,8050.7138671875,43.97550582885742,3.0702480982813447,0
s465_stopSignal,0.0356738418340683,0.9895149828107076,0.0537948150516106,8317.3525390625,44.54002380371094,3.079633510211354,0
s465_CCTHot,0.0364866331219673,0.9785296991400968,0.066659745273044,8866.55078125,37.697113037109375,3.03563698988888,0
s465_twoByTwo,0.0333400852978229,1.0240718261807582,0.0637202920122717,7085.390625,37.08782958984375,3.124728000309716,0
s465_surveyMedley,0.0341561175882816,0.9944210191680536,0.0593840714065826,7356.58837890625,45.45246124267578,3.213816053410366,0
s465_stroop,0.0407779105007648,1.0005405640993787,0.0577659220846273,7820.09228515625,45.08073806762695,3.127815861223167,0
s465_discountFix,0.0357198491692543,0.9808062649733772,0.0648680435124506,7557.62548828125,38.93391418457031,3.245908846674661,0
s465_DPX,0.0343112312257289,0.9734289592377496,0.0629841720060673,7139.64306640625,39.42976379394531,3.199376966591715,0
s465_rest,0.0313722938299179,0.981187706468085,0.0673776744260744,7630.2998046875,41.71366882324219,3.292214135228403,0
s465_motorSelectiveStop,0.034691222012043,1.0159686566531032,0.060600985451873,7461.26708984375,39.18178176879883,3.261420294823333,0
s491_WATT3,0.0368173532187938,0.9968569589987316,0.1172091650317818,12033.1279296875,34.675262451171875,3.4011619096130596,0
s491_ANT,0.0377429462969303,1.025053820277296,0.1007892713330441,12023.419921875,40.32698059082031,3.417308654176752,0
s491_twoByTwo,0.0329498685896396,1.0134680753255587,0.1040670737276591,11247.4140625,33.67998504638672,3.4525068341446854,0
s491_CCTHot,0.037055529654026,0.9825833650052034,0.0960577693856428,11154.5791015625,35.30109786987305,3.367383561450324,0
s491_rest,0.0367528088390827,0.9890401321452882,0.0942987467007761,11878.728515625,38.73055267333984,3.3975662189011695,0
s491_stopSignal,0.0363897942006588,1.005643329866157,0.0826541686541078,11831.244140625,41.31614685058594,3.39816378318389,0
s491_motorSelectiveStop,0.0371770225465297,1.0678838576853726,0.1174280016008992,11334.8427734375,33.936336517333984,3.4234797223787825,0
s491_discountFix,0.0375357009470462,0.9781375276785697,0.1409070140054612,11614.5703125,29.59521484375,3.46980008881075,0
s491_rest,0.035825602710247,0.9957144751759353,0.0918237770853138,11703.009765625,40.826133728027344,3.4073124530302796,0
s491_surveyMedley,0.0373066812753677,0.9932669291504432,0.1020186791782695,12248.1376953125,37.39143753051758,3.4630752914525393,0
s491_DPX,0.0370946191251277,0.947960953289358,0.0931950721252376,10651.08203125,32.41279602050781,3.394075001589895,0
s491_stroop,0.0344434604048728,0.9775246539940836,0.1211537741683341,11951.029296875,33.88798522949219,3.5003411831628415,0
s519_CCTHot,0.0377580523490905,0.9603090962036148,0.0919302135082263,2700.92529296875,28.702171325683594,2.9739993185677593,0
s519_ANT,0.0362351462244987,0.9730704598741,0.0663675501033046,3242.52490234375,33.510231018066406,3.0389100846540344,0
s519_WATT3,0.0353635139763355,0.9947785879865012,0.0818812257048398,3091.1708984375,33.78719711303711,2.996799528574741,0
s519_rest,0.0379025042057037,0.9632644896737584,0.0644838423025299,3329.309814453125,35.124794006347656,2.9973868673662305,0
s519_stopSignal,0.0357675999402999,0.9994804468910888,0.0566689180535099,3341.6083984375,40.9838981628418,3.043753007153149,0
s519_twoByTwo,0.035011526197195,0.9896783964846076,0.074824421182891,3066.6787109375,32.37105178833008,3.0237450625135183,0
s519_stroop,0.0382462926208972,0.9931056008875736,0.0811316237118069,4259.0087890625,39.54524993896485,3.11295613404477,0
s519_rest,0.0416604951024055,0.9857048780851068,0.1148900047961712,4431.26611328125,32.9122428894043,3.1386456186748894,0
s519_surveyMedley,0.0403563342988491,0.9817380770049924,0.089258590372722,3789.976318359375,35.844642639160156,3.082567133108796,0
s519_discountFix,0.0391684137284755,0.9801250629399132,0.0800560962696416,4069.474609375,35.96302032470703,3.1294204483397756,0
s519_motorSelectiveStop,0.0409684069454669,0.9754970745066128,0.0789481528429207,3598.849365234375,34.72077178955078,3.1151751753748824,0
s519_DPX,0.0412341654300689,0.9765786985766094,0.0729078706710398,3844.990234375,33.933189392089844,3.097627502719284,0
s526_surveyMedley,0.0241023823618888,0.9877379493843584,0.1057487553360733,16393.625,35.84192657470703,3.0676913549162768,0
s526_stroop,0.0231261420994997,1.0095175795857994,0.0770588947190528,18542.65234375,44.659786224365234,3.0878084494497835,0
s526_motorSelectiveStop,0.0254876837134361,0.9752057265717188,0.1052570358376965,15566.4423828125,32.606109619140625,3.092065064072153,0
s526_rest,0.0230246055871248,0.968630585219857,0.0746946003768662,18959.6953125,36.767547607421875,3.1783287904938207,0
s526_discountFix,0.0276546850800514,0.976549670281082,0.0770890873284366,15038.3369140625,34.221561431884766,3.079891966597038,0
s526_DPX,0.0253985747694969,0.9910707490299177,0.0802117916480106,16200.009765625,35.54846954345703,3.0535856345558363,0
s526_CCTHot,0.0357726588845253,0.9985942111690816,0.0999372554124993,14341.9521484375,39.62824249267578,3.57029456688188,0
s526_WATT3,0.0345026664435863,1.10479223855814,0.1005994893111962,14132.1455078125,38.39630126953125,3.492325834393217,0
s526_stopSignal,0.0361955761909484,0.9736561115296374,0.1262570761449093,14152.3251953125,37.01569366455078,3.5614040771017956,0
s526_ANT,0.0353406369686126,1.222322565194086,0.1709598967220385,14670.087890625,33.54475402832031,3.561744528042626,0
s526_rest,0.0343859456479549,0.9898766327659576,0.0705773780923595,16003.8310546875,44.36726379394531,3.498303452796536,0
s526_twoByTwo,0.0349694341421127,0.9874265468669948,0.0851921283699508,15634.544921875,41.37842559814453,3.518644249226456,0
s588_ANT,0.027606975287199,0.9946429232457784,0.1661580748571528,3787.202880859375,33.915550231933594,3.820399325994141,1
s588_stopSignal,0.027894701808691,0.9900089839005732,0.1882442714402625,4082.689208984375,38.11918258666992,3.841786962824156,1
s588_CCTHot,0.0306534375995397,0.9777629915642982,0.1464709937408506,3679.1630859375,32.79967498779297,3.761361398980703,1
s588_WATT3,0.0302424300462007,0.9765173606519054,0.1464964823682087,3779.076416015625,33.86787414550781,3.809926723770905,1
s588_rest,0.0299367774277925,0.9700498715319152,0.1201035962344834,4016.43310546875,35.88396072387695,3.749929491532479,0
s588_twoByTwo,0.02762171626091,0.9598191026934374,0.1906767738124306,3708.628173828125,31.327558517456055,3.8478296504488103,1
s588_rest,0.0317039936780929,0.983404485276596,0.1030909627923165,6575.60107421875,34.782630920410156,3.987888495202933,0
s588_DPX,0.0321118831634521,0.981878877162284,0.1457058075199275,6336.4775390625,28.05069351196289,4.036816177655203,1
s588_motorSelectiveStop,0.0319145396351814,0.9870925971881396,0.1710588994200372,6239.35595703125,29.419946670532227,4.070499715295176,1
s588_surveyMedley,0.0328218340873718,0.9850158736272868,0.1910880790678333,5859.869140625,28.66393661499023,4.039525044403658,0
s588_stroop,0.0318595506250858,0.9732006386982256,0.1383070257155599,6181.0078125,31.327411651611328,3.992636580902987,1
s588_discountFix,0.0332247987389564,0.9934557577489176,0.2228072267888203,5787.82958984375,25.973636627197266,4.072292691725365,1
s581_DPX,0.0216490868479013,0.9619657080598368,0.418298491919529,13304.72265625,25.6157283782959,3.769901419264861,0
s581_rest,0.0209720656275749,0.9542673996879428,0.0726706196293379,16794.755859375,39.247920989990234,3.810047491901,0
s581_surveyMedley,0.0199375990778207,1.0012232129617304,0.2123796915168168,14058.7998046875,35.47699737548828,3.7954452002336287,0
s581_discountFix,0.0214531496167182,0.9800127982224652,0.2906242579409269,13601.7529296875,27.23571395874023,3.770207716000873,0
s581_motorSelectiveStop,0.023597240447998,0.9708455848728388,0.0588998531634316,14144.5419921875,41.63297271728515,3.5795974664271704,0
s581_stroop,0.019655393436551,1.0048232024260362,0.0593352427533507,15727.111328125,52.18773651123047,3.794241234821435,0
s581_twoByTwo,0.0252265185117721,0.9775916131681248,0.0965947760186453,12883.1201171875,45.68634033203125,3.6062210978231466,0
s581_ANT,0.0253609213978052,0.9945898745927204,0.0828856030397432,13903.94140625,51.58592224121094,3.625195983597332,0
s581_stopSignal,0.0253261905163526,1.0068816778202672,0.0852594465271902,14149.3203125,54.020015716552734,3.6000911839813914,0
s581_rest,0.0272218864411115,0.958721265063829,0.0951432080387143,15659.3212890625,40.379600524902344,3.6832731703371073,0
s581_CCTHot,0.0250342115759849,0.9803998655263156,0.0958368447378025,13789.46484375,46.57608795166016,3.6045943479290496,0
s581_WATT3,0.0262220688164234,0.9826846316500554,0.0977475873789812,15875.8857421875,45.56592559814453,3.619317878404889,0
s572_stroop,0.01205759588629,0.9901321546745556,0.0672561486755869,14811.2333984375,47.308536529541016,3.404198061502498,0
s572_rest,0.011080315336585,0.9818538858865248,0.0603704090383894,16457.8984375,45.03355407714844,3.47279942346387,0
s572_DPX,0.012079938314855,0.9789984594288298,0.0747248230718466,14941.3857421875,42.062931060791016,3.38659046674061,0
s572_surveyMedley,0.0125189395621418,0.9926136588519126,0.0748743077757557,15285.591796875,45.64763259887695,3.383058116076646,0
s572_motorSelectiveStop,0.0120650334283709,0.981255694048831,0.0802059718848311,15182.763671875,41.09019470214844,3.385509627984659,0
s572_rest,0.0126938149333,0.9918161065248232,0.0687986645364968,15198.4375,41.944915771484375,3.397572344112257,0
s572_stopSignal,0.0108258817344903,0.9764693958058256,0.0671700749715344,15847.1220703125,45.064083099365234,3.3775298062685577,0
s572_ANT,0.011034270748496,0.9972892466484518,0.0728443703997867,14937.3251953125,42.577178955078125,3.3822341487459497,0
s572_CCTHot,0.0110328840091824,0.9978513040532826,0.0837449315343077,15530.251953125,39.09162139892578,3.401515751556665,0
s572_rest,0.0107011403888463,0.9927107394326246,0.0585628724323161,15856.8642578125,45.22348403930664,3.395531171519399,0
s572_WATT3,0.0112389288842678,0.9999392916535428,0.065035704492113,14984.3466796875,47.48919677734375,3.392748399410573,0
s572_twoByTwo,0.0105301700532436,0.9689264327777772,0.0727736757509535,14671.8876953125,41.17390441894531,3.398627102771319,0
s586_discountFix,0.0388134233653545,0.9825426886695277,0.1494927988164952,4226.30615234375,32.031742095947266,2.858508150341786,0
s586_motorSelectiveStop,0.0388278439640998,0.9792701147914544,0.1619098443346673,3494.857666015625,28.992128372192383,2.82703571138229,0
s586_DPX,0.0397647619247436,0.954804941214867,0.1533545722589725,4292.61669921875,27.273866653442383,2.812173431270154,0
s586_stroop,0.0386947505176067,1.0363827129080123,0.1266442086686348,3896.97900390625,36.13668441772461,2.807675099668722,0
s586_rest,0.0383065082132816,0.9778540497730496,0.1117686829789895,4306.84765625,36.90742874145508,2.816530934087206,0
s586_surveyMedley,0.0374607779085636,0.9685126338935106,0.1395747930504032,4372.48291015625,32.02779006958008,2.857410050067149,0
s586_rest,0.042828269302845,0.949168762524823,0.1041069573375805,3893.319580078125,34.39311599731445,2.575933686122182,0
s586_ANT,0.0445483326911926,0.9876941364352718,0.1738115989567961,3564.29638671875,30.527332305908203,2.6422980392250066,0
s586_CCTHot,0.0438441410660743,0.9608843138606964,0.2044871076158227,2886.950439453125,27.278316497802734,2.6510840761722356,0
s586_stopSignal,0.0440794937312603,0.951548236558317,0.3075497183058039,3042.6474609375,23.473880767822266,2.7638814426369978,0
s586_twoByTwo,0.0439144298434257,0.9530228584660778,0.2582196158995071,3148.547607421875,24.08475875854492,2.665311141762215,0
s586_WATT3,0.0415406003594398,0.9922055501687288,0.1480636028788131,3598.92919921875,33.13616180419922,2.650060402195862,0
s172_DPX,0.0529716648161411,0.976368858794198,0.0693231838034984,7500.818359375,40.828155517578125,3.109795228465172,0
s172_surveyMedley,0.0514199621975421,0.9842246835940108,0.0695899589389716,8480.6484375,42.61782455444336,3.113463487581716,0
s172_stroop,0.0526688285171985,0.9948837402366862,0.0646687192520364,7756.134765625,48.463417053222656,3.11975061916052,0
s172_discountFix,0.053377229720354,0.9796922341912516,0.065648572940545,7514.712890625,41.97266387939453,3.1360155287610865,0
s172_motorSelectiveStop,0.051834225654602,0.9657973690844348,0.0675576930601908,7418.33935546875,39.21787643432617,3.121451506145831,0
s172_rest,0.0527427867054939,0.9804214693475174,0.0713674318061867,8332.45703125,42.06548309326172,3.117787496428371,0
s172_WATT3,0.0421578213572502,0.9902600898184566,0.0612898850752682,7558.33837890625,41.06687927246094,2.9473127937368995,0
s172_ANT,0.0418492332100868,0.9910254279174489,0.0503948614684822,7700.86181640625,45.363037109375,2.9433884651479607,0
s172_rest,0.0431238524615764,0.9990839595744676,0.0502673378794629,7867.67236328125,40.44095993041992,2.933140764804675,0
s172_stopSignal,0.0431653149425983,0.9859614740433926,0.057628855293701,7753.28662109375,44.294586181640625,2.9387278770227203,0
s172_CCTHot,0.0392425395548343,0.9890492993896702,0.0560038276626092,7581.29248046875,45.17852020263672,2.9449129608685864,0
s172_twoByTwo,0.0421107783913612,0.9763296722837708,0.0549672058087024,7279.1279296875,41.03683090209961,2.9512454751855635,0
s144_CCTHot,0.0227110628038644,0.9464693169754778,0.0747615902165843,28134.927734375,36.00657272338867,3.260742467749615,0
s144_WATT3,0.0231453403830528,0.9624341333333336,0.0786081912382645,27629.6953125,40.03826141357422,3.2502684281272507,0
s144_stopSignal,0.0230791252106428,0.9807997134319532,0.0571672037921554,27523.791015625,48.76069641113281,3.2084397608068165,0
s144_twoByTwo,0.0221774745732545,0.9633490626530612,0.0628766306082473,30630.21875,39.3413200378418,3.238420291630109,0
s144_ANT,0.0233373902738094,0.964895239908759,0.0653930504059718,27721.04296875,43.39769744873047,3.2145689719032364,0
s144_rest,0.0222917050123214,0.9793506786808512,0.057708851387796,32312.990234375,47.01740646362305,3.2192866154074395,0
s518_DPX,0.0268857404589653,0.9892078173980056,0.0520324851441381,13348.3203125,39.32988357543945,3.785175103203051,0
s518_rest,0.0286719426512718,0.985030098539006,0.0533463458312241,15693.126953125,38.06024169921875,3.7446779188259303,0
s518_surveyMedley,0.0290250461548566,0.9974554758901824,0.0478239056681225,14367.5244140625,41.41587829589844,3.688023474955928,0
s518_motorSelectiveStop,0.0290768034756183,0.972221483163784,0.055945795286136,13672.779296875,35.46331787109375,3.727724142109856,0
s518_stroop,0.0290868282318115,1.0072497816863908,0.0472657752267077,14193.77734375,43.31575012207031,3.717929864339444,0
s518_discountFix,0.0284159854054451,0.9912846890899234,0.0481396835676635,15208.0,39.483001708984375,3.711640042298076,0
s518_ANT,0.0324919149279594,1.0029668509647494,0.0483220160272894,13588.060546875,37.402252197265625,3.5770627785069076,0
s518_stopSignal,0.0345813371241092,0.9936648189566932,0.0415811449954121,12705.673828125,38.73977279663086,3.6987845207807406,0
s518_twoByTwo,0.0356840044260025,0.9859131247230332,0.0438743200622633,12238.2177734375,35.85577392578125,3.69526967122081,0
s518_WATT3,0.0325565487146377,0.96866589212932,0.0467029900514774,13982.123046875,30.743310928344727,3.577630346989904,0
s518_CCTHot,0.0340154320001602,0.996469833402204,0.0636006814637245,13342.912109375,33.924766540527344,3.655798335067868,0
s518_rest,0.0459105037152767,0.9704553878156036,0.0408893969055609,15325.5869140625,34.638511657714844,3.5786208798064374,0
s587_stopSignal,0.031594168394804,0.9973940969881884,0.0928970985350222,14632.1123046875,46.00864791870117,3.990968977520844,0
s587_rest,0.0302854292094707,0.987698984567375,0.0837402366868665,16132.0166015625,44.594871520996094,4.034087033331114,0
s587_WATT3,0.0304550435394048,0.9867505738759688,0.0838126193393469,14538.76171875,40.943580627441406,3.9439333251782536,0
s587_ANT,0.030915979295969,0.988048481436266,0.0967462976746048,14314.806640625,39.441871643066406,4.034262223467184,0
s587_twoByTwo,0.0321359112858772,0.9660087967258388,0.0887973993321905,13593.521484375,38.711952209472656,3.937362888307024,0
s587_CCTHot,0.0312285311520099,0.9719369492058828,0.0809514418358282,15056.3994140625,42.58644485473633,3.991713865153814,0
s587_motorSelectiveStop,0.0321127660572528,0.9463167608545282,0.0828774563844963,15424.634765625,37.458030700683594,3.717550057981456,0
s587_surveyMedley,0.0331250689923763,0.990635255058235,0.0750139272151119,14631.701171875,47.27490234375,3.632126239337735,0
s587_discountFix,0.032077357172966,0.970276449678111,0.0776145440662396,14964.9345703125,44.08135986328125,3.681694991196206,0
s587_DPX,0.0316461026668548,0.9726450066392688,0.0720376864711676,14385.9404296875,42.82930374145508,3.712630863535392,0
s587_rest,0.0324696078896522,0.9882070229503545,0.073208912194152,15731.5458984375,46.065887451171875,3.739328125699616,0
s587_stroop,0.032684426754713,1.015837466775148,0.075794771322125,14587.33203125,52.136924743652344,3.655592633240236,0
s573_DPX,0.0325470939278602,0.915400254196186,0.2309748190574156,9750.7255859375,21.028392791748047,3.5934922933325173,0
s573_discountFix,0.0349521301686763,0.9739737620283536,0.2468449238415843,12001.4814453125,29.057693481445312,3.592451130877023,0
s573_stroop,0.0336877405643463,0.9905243049846156,0.1253869402129854,12297.974609375,38.24077224731445,3.624307717235332,0
s573_motorSelectiveStop,0.0274278633296489,1.0166617696948117,0.1201381829714413,9260.494140625,32.67018127441406,3.465518616536401,0
s573_surveyMedley,0.0362132228910923,0.9326707016472536,0.1752779856675576,11245.12109375,26.41908836364746,3.5432637606761013,0
s573_rest,0.0283075701445341,1.0125094252056743,0.1322799438189613,9043.0888671875,27.91644859313965,3.400501289570304,0
s573_stopSignal,0.0282466672360897,0.9795000639566928,0.1804221853329228,10426.541015625,33.70153045654297,3.623130627754295,0
s573_WATT3,0.0292544532567262,0.9972160344183304,0.1383250106680045,10449.509765625,39.60698699951172,3.563644588097389,0
s573_ANT,0.028039226308465,1.1255456940630806,0.2338231742343748,9882.5029296875,27.335697174072266,3.6412700179026594,0
s573_rest,0.0296378675848245,1.0142501306950358,0.1515193174670008,9393.916015625,28.604124069213867,3.6241081751167505,0
s573_CCTHot,0.0284534655511379,0.9539918241350728,0.147276229292969,10396.5263671875,34.362648010253906,3.6157540351019057,0
s573_twoByTwo,0.0282594989985227,1.0822617033465731,0.1963888634940624,9498.25390625,24.31234359741211,3.6556314606164135,0
s574_motorSelectiveStop,0.030312318354845,0.9659905987080364,0.0456417680556921,7988.65673828125,39.23193359375,2.762661656655888,0
s574_DPX,0.0305282864719629,0.9678055436932834,0.0452475305172907,7356.3896484375,37.7133903503418,2.7777835219368985,0
s574_rest,0.0285465270280838,0.9746797629078016,0.0467276266419656,8633.4619140625,41.62153625488281,2.7696640895092366,0
s574_surveyMedley,0.0311579871922731,0.9814088687853588,0.0411212050987272,7898.46044921875,44.04743576049805,2.7781882578015806,0
s574_stroop,0.0305750835686922,0.996767048284024,0.0421699148921901,7995.39501953125,46.13434600830078,2.7826138387247714,0
s574_discountFix,0.032194510102272,0.9780077180303032,0.0456066650458186,6961.07373046875,40.0943717956543,2.7457937048954695,0
s574_ANT,0.0231973007321357,0.98614440169708,0.0382202112188196,8636.0576171875,46.66914749145508,2.892637801334002,0
s574_stopSignal,0.0231650304049253,1.0305603977952753,0.0493525108042944,8426.40625,41.65643310546875,2.899669923180119,0
s574_WATT3,0.0221911687403917,0.987846620295856,0.0378695865426035,9527.509765625,41.101810455322266,2.9046131937906647,0
s574_twoByTwo,0.0229777581989765,0.980443674781342,0.0421357728324831,7977.30810546875,38.85181427001953,2.8842866931857967,0
s574_CCTHot,0.0232246406376361,0.971127381097923,0.0773315719060571,8064.05322265625,34.04435729980469,2.889449106739559,0
s574_rest,0.0232267901301383,0.9739546924324332,0.0373836729144519,9154.115234375,43.41840744018555,2.9136743059913193,0
s589_rest,0.0511603467166423,0.9892085894184404,0.0659537010626741,8228.427734375,41.14794158935547,3.2297477617998913,0
s589_WATT3,0.0503366328775882,1.002919520213115,0.0902191565546902,8382.1884765625,41.43479919433594,3.2141134628696357,0
s589_ANT,0.0509169399738311,0.9975146647992706,0.0755785358286107,7582.78857421875,42.90486907958984,3.2159987047330905,0
s589_twoByTwo,0.0503058284521102,0.9805016386144586,0.0790710084712951,7789.2666015625,39.13792419433594,3.20914301858241,0
s589_stopSignal,0.0515530221164226,1.0002742124754422,0.0759578322933436,7620.310546875,42.8629264831543,3.207817296167109,0
s589_CCTHot,0.0524896495044231,0.9886001686079536,0.0838815692443896,7544.1044921875,36.94757843017578,3.1770715020859117,0
s589_discountFix,0.0411771349608898,0.98819497695747,0.064348721431045,6623.2041015625,39.48469161987305,3.209005084695125,0
s589_DPX,0.041269477456808,0.9753267874196512,0.0700586553103711,6245.39990234375,37.25732421875,3.1886121308574262,0
s589_motorSelectiveStop,0.0408749617636203,0.9824079028585964,0.0708056674521178,6456.7529296875,38.58320617675781,3.2106475464836053,0
s589_rest,0.0428393483161926,0.9875686387092208,0.0599636376095511,7524.35791015625,40.385250091552734,3.2632665505015885,0
s589_stroop,0.0417876914143562,1.008113740650888,0.0595003860832103,6642.04345703125,44.01046371459961,3.2288004121866067,0
s589_surveyMedley,0.0415431335568428,0.990295745657238,0.0613401475917404,6674.37451171875,42.47312927246094,3.2127044425252,0
